00000000: 4e 45 53 1a 02 04 31 00 00 00 00 00 00 00 00 00  NES...1.........
00000010: 20 70 06 00 20 64 06 00 20 78 06 00 20 b7 04 00   p.. d.. x.. ...
00000020: 20 bc 01 00 01 08 02 08 02 00 05 01 00 02 01 01   ...............
00000030: 01 05 01 05 01 02 01 02 db 60 e2 55 14 20 01 f9  .........`.U. ..
00000040: a0 e0 30 10 10 01 50 01 30 d0 ff ff 3e 86 57 86  ..0...P.0...>.W.
00000050: e1 86 60 87 7d 87 e4 86 f1 86 53 87 08 87 19 87  ..`.}.....S.....
00000060: 1c 87 35 87 4e 87 8c 80 cf 80 61 81 60 04 c3 80  ..5.N.....a.`...
00000070: df 80 6e 81 c4 82 c8 82 86 81 b0 81 92 81 cf 81  ..n.............
00000080: d5 81 db 81 e1 81 9e 81 e7 81 0c 86 70 86 89 86  ............p...
00000090: 25 86 a2 86 cc 00 8e 81 96 81 a6 86 00 d8 00 00  %...............
000000a0: 01 00 80 d7 04 18 06 fe c8 bc 04 e8 09 fe 20 9e  .............. .
000000b0: 04 18 09 fe c8 80 04 e8 09 fe 20 62 04 18 09 fe  .......... b....
000000c0: c8 44 04 e8 06 fe 80 28 04 00 01 fe bc 9e 80 62  .D.....(.......b
000000d0: 44 28 ff 00 00 80 00 00 00 18 00 00 00 10 00 e0  D(..............
000000e0: bc 00 10 9e 00 e0 80 00 10 62 00 e0 44 00 fe 00  .........b..D...
000000f0: 00 10 03 c8 bc 08 c8 80 04 b8 74 10 68 58 14 c8  ..........t.hX..
00000100: 44 04 60 cf 0c 70 9b 00 30 9e 04 50 85 08 80 7d  D.`..p..0..P...}
00000110: 00 30 62 04 58 60 00 90 28 18 fe 00 00 08 1d 00  .0b.X`..(.......
00000120: 00 08 17 00 00 08 18 00 00 08 09 00 00 08 0b 00  ................
00000130: 00 08 07 00 00 08 19 c8 bc 00 70 9b 00 30 9e 00  ..........p..0..
00000140: c8 80 00 80 7d 00 30 62 00 58 60 00 c8 44 00 90  ....}.0b.X`..D..
00000150: 28 00 fe 00 00 08 0d 24 24 54 54 60 60 64 64 60  (......$$TT``dd`
00000160: 60 24 24 68 68 68 68 68 68 24 24 24 54 54 54 00  `$$hhhhhh$$$TTT.
00000170: 00 60 b7 00 50 7b 00 b8 5c 00 68 40 00 fe 00 00  .`..P{..\.h@....
00000180: 08 18 ca a7 8e 6b 51 5c 2c 4c 2c 64 c6 aa 8c 6d  .....kQ\,L,d...m
00000190: 4d c4 6c 7c 54 c4 08 11 0a 11 08 10 0a 11 08 0f  M.l|T...........
000001a0: 0a 11 05 01 0c 09 05 05 0a 0a 08 10 08 10 04 04  ................
000001b0: 0c 0d 0c 14 1c 10 18 20 03 05 02 03 00 00 03 04  ....... ........
000001c0: 00 00 08 08 10 e0 10 e0 0c e0 08 e8 01 02 04 08  ................
000001d0: 10 20 40 80 13 30 48 60 78 90 a8 c0 e0 13 db 4c  . @..0H`x......L
000001e0: 6a 88 a6 c5 fe 53 6b 8f a7 ca fe 52 6e 8c ac c5  j....Sk....Rn...
000001f0: fe 52 6c 8e a8 ca fe 00 06 08 08 19 30 34 30 34  .Rl.........0404
00000200: 30 34 38 3c 3c 3c 02 04 02 04 07 05 07 09 03 00  048<<<..........
00000210: 00 04 08 01 02 03 04 50 60 70 80 90 0e d8 18 0e  .......P`p......
00000220: c8 04 86 c8 04 a6 c0 00 be b8 00 d6 b0 04 4e b0  ..............N.
00000230: 04 0e a0 04 de a0 00 c6 98 00 ae 90 00 96 88 14  ................
00000240: c6 78 0c 0e 70 04 46 70 08 8e 68 04 ae 60 00 c6  .x..p.Fp..h..`..
00000250: 58 00 de 50 00 66 40 10 86 28 00 fe b0 78 60 40  X..P.f@..(...x`@
00000260: 28 ff 00 00 14 00 00 00 1c 00 00 00 24 00 00 00  (...........$...
00000270: 2c 00 00 00 54 00 00 00 12 00 00 00 e4 00 18 a0  ,...T...........
00000280: 0c 20 70 10 50 70 14 60 70 14 98 68 08 c8 78 08  . p.Pp.`p..h..x.
00000290: e0 a0 00 e0 50 0c b0 40 08 90 28 04 fe 00 00 08  ....P..@..(.....
000002a0: 10 00 00 08 18 00 00 08 20 00 00 08 28 00 00 08  ........ ...(...
000002b0: 30 00 00 08 40 18 a0 00 20 70 00 50 70 00 60 70  0...@... p.Pp.`p
000002c0: 00 98 68 00 c8 78 00 e0 a0 00 e0 50 00 b0 40 00  ..h..x.....P..@.
000002d0: 90 28 00 fe 04 01 1b 0e 00 01 12 01 30 38 40 48  .(..........08@H
000002e0: 50 58 00 00 09 15 18 00 4c 5f 03 5c 5f 03 c4 67  PX......L_.\_..g
000002f0: 03 4c 9f 13 5c 9f 13 c4 87 13 dc 3f 03 dc 67 13  .L..\......?..g.
00000300: 06 d8 00 06 b8 00 16 90 04 1e 68 08 26 40 0c fe  ..........h.&@..
00000310: b8 90 68 40 28 ff 00 00 f5 00 00 00 d5 00 00 00  ..h@(...........
00000320: c5 00 00 00 b5 00 10 b8 00 78 b8 00 e8 b8 00 18  .........x......
00000330: 90 04 60 90 04 98 90 04 e0 90 04 20 68 04 80 68  ..`........ h..h
00000340: 04 d8 68 04 28 40 04 48 40 04 b0 40 04 d0 40 04  ..h.(@.H@..@..@.
00000350: fe 00 00 08 20 00 00 08 28 10 b8 00 78 b8 00 e8  .... ...(...x...
00000360: b8 00 18 90 00 60 90 00 98 90 00 e0 90 00 20 68  .....`........ h
00000370: 00 80 68 00 d8 68 00 28 40 00 48 40 00 b0 40 00  ..h..h.(@.H@..@.
00000380: d0 40 00 fe 00 09 1e 33 48 54 0c a7 03 74 a7 03  .@.....3HT...t..
00000390: e4 a7 03 0c c7 13 74 c7 13 e4 c7 13 14 7f 03 5c  ......t........\
000003a0: 7f 03 94 7f 03 dc 7f 03 1c 57 03 7c 57 03 d4 57  .........W.|W..W
000003b0: 03 14 a7 13 5c a7 13 94 a7 13 dc a7 13 24 2f 03  ....\........$/.
000003c0: 44 2f 03 ac 2f 03 cc 2f 03 1c 7f 13 7c 7f 13 d4  D/../../....|...
000003d0: 7f 13 24 57 13 44 57 13 ac 57 13 cc 57 13 08 c7  ..$W.DW..W..W...
000003e0: 10 a7 18 7f 20 57 e8 c7 e0 a7 d8 7f d0 57 34 ac  .... W.......W4.
000003f0: 44 bc 05 03 0d 0b d4 0c e4 0c 5d 4b cd c3 5d 43  D.........]K..]C
00000400: e5 c3 ed 03 24 49 77 77 77 77 ff ff 0b 0c 0d 15  ....$Iwwww......
00000410: 16 17 18 19 1a 1e 1f ff ff ff 01 01 01 01 ff ff  ................
00000420: 01 01 e4 e3 e2 d8 d7 d6 d5 d4 d3 d0 cf 48 84 c0  .............H..
00000430: 50 8d c7 20 c0 78 60 28 44 6b 20 33 84 37 84 3b  P.. .x`(Dk 3.7.;
00000440: 84 3f 84 00 00 10 08 00 00 10 08 00 00 60 10 00  .?...........`..
00000450: 00 2a 20 b0 a0 78 68 68 88 88 88 88 88 48 38 28  .* ..xhh.....H8(
00000460: 18 18 bb bb 5e 2f 13 88 78 64 56 49 88 88 24 55  ....^/..xdVI..$U
00000470: 55 88 88 49 55 55 40 20 10 08 01 8c 80 0c 82 0c  U..IUU@ ........
00000480: 82 f0 82 c3 80 0c 82 52 82 06 83 e3 80 0c 82 6e  .......R.......n
00000490: 82 16 83 0b 81 0c 82 8d 82 41 83 27 81 0c 82 a5  .........A.'....
000004a0: 82 49 83 bc 80 0c 82 4c 82 00 83 0c 82 d2 82 74  .I.....L.......t
000004b0: 83 0c 82 d8 82 7a 83 57 b3 d5 b6 c9 b5 18 b5 d5  .....z.W........
000004c0: b6 d5 b6 00 00 01 06 e8 04 50 18 d5 12 e8 00 50  .........P.....P
000004d0: 20 db 22 f0 00 00 00 03 2c 30 04 20 7f f6 21 d0   .".....,0. ..!.
000004e0: 00 20 46 f6 21 d8 00 00 00 01 04 c0 04 00 00 00  . F.!...........
000004f0: 04 00 04 30 c7 04 22 00 00 00 00 02 08 10 04 00  ...0..".........
00000500: 00 02 02 e0 04 fe 00 00 01 06 e8 04 50 18 d5 12  ............P...
00000510: e8 00 50 20 db 22 f0 00 00 00 03 0c 30 04 30 78  ..P ."......0.0x
00000520: a0 12 30 00 30 a8 a0 12 38 00 30 49 a0 12 40 00  ..0.0...8.0I..@.
00000530: 70 70 a0 12 48 00 70 a0 a0 12 50 00 70 d7 a0 12  pp..H.p...P.p...
00000540: 58 00 00 00 23 02 40 04 00 00 23 02 58 04 00 00  X...#.@...#.X...
00000550: 00 04 00 04 10 b7 04 22 00 00 00 00 02 08 10 04  ......."........
00000560: 4c 9f 98 22 10 00 cc 67 98 22 20 00 00 00 03 0c  L.."...g." .....
00000570: 60 04 00 00 01 16 90 04 fe 00 00 01 06 e8 04 50  `..............P
00000580: 18 d5 12 e8 00 50 20 db 22 f0 00 00 00 03 04 d0  .....P .".......
00000590: 04 14 6e f6 21 d0 00 7c 46 f6 21 d8 00 00 00 01  ..n.!..|F.!.....
000005a0: 20 50 04 00 00 00 04 00 04 38 c7 04 22 00 00 00   P.......8.."...
000005b0: 00 02 10 10 04 fe b3 84 f6 84 f6 84 69 85 7f 7f  ............i...
000005c0: 7f 00 5f 3f 00 2f 7f 7f 00 a9 a9 81 81 59 59 31  .._?./.......YY1
000005d0: 31 00 30 4c d5 00 10 e0 00 24 50 c0 00 3b b3 3b  1.0L.....$P..;.;
000005e0: b3 3b b3 38 b3 00 22 22 22 00 21 21 00 20 22 22  .;.8..""".!!. ""
000005f0: 00 22 22 22 22 21 21 21 21 06 0a 1b 00 82 1c 00  .""""!!!!.......
00000600: c5 0a 18 00 e8 f7 48 57 a8 b7 08 17 00 04 07 0b  ......HW........
00000610: 01 03 05 08 d0 d1 d2 d3 84 8d 84 8d 46 76 77 78  ............Fvwx
00000620: 79 7a 7b 7c 7d 7e 7f 80 81 82 83 84 85 24 24 86  yz{|}~.......$$.
00000630: 87 24 24 24 88 46 24 9c 9d 9e 9f a0 a1 a2 a3 a4  .$$$.F$.........
00000640: a5 a6 a7 a8 a9 aa ab ac ad ae 24 af b0 b1 46 24  ..........$...F$
00000650: 24 24 89 24 24 8a 8b 8c 8d 8e 8f 90 91 92 93 94  $$.$$...........
00000660: 95 96 97 98 99 9a 9b 46 24 b2 68 9e b5 b6 6c c7  .......F$.h...l.
00000670: a3 a4 69 a6 a7 a8 6b aa c9 ca 6d bf 24 cd 6a b1  ..i...k...m.$.j.
00000680: 46 c2 c3 24 9e c4 c5 c6 c7 a3 b9 a5 a6 a7 bb 6b  F..$...........k
00000690: c8 c9 ca cb cc 24 cd ce cf 46 24 b2 b3 b4 b5 b6  .....$...F$.....
000006a0: b7 b8 a3 b9 69 ba a7 bb a9 aa bc bd be bf c0 c1  ....i...........
000006b0: 24 b1 13 2c 16 13 13 16 30 37 23 db 42 a0 21 ca  $..,....07#.B.!.
000006c0: 4c 24 21 ea 0c 24 24 19 15 0a 22 0e 1b 24 66 24  L$!..$$..."..$f$
000006d0: 24 00 23 e2 04 08 0a 0a 02 22 0a 4c 24 22 2a 0c  $.#......".L$"*.
000006e0: 24 10 0a 16 0e 24 24 18 1f 0e 1b 24 22 4a 4c 24  $....$$....$"JL$
000006f0: 00 12 24 24 20 63 5b 24 20 94 4a 24 20 b4 4a 24  ..$$ c[$ .J$ .J$
00000700: 00 21 09 4e 24 21 a9 4e 24 22 49 4e 24 22 e9 4e  .!.N$!.N$"IN$".N
00000710: 24 3f 1d 03 30 36 06 00 20 8d 46 24 20 ad 46 24  $?..06.. .F$ .F$
00000720: 20 cd 46 24 20 ed 46 24 00 12 aa aa 46 24 24 dc   .F$ .F$....F$$.
00000730: dd d4 d5 de df d6 d7 e0 e1 d8 d9 e2 e3 da db e4  ................
00000740: e5 24 24 e6 e7 46 e8 e9 ea eb ec ed ee ef 24 f0  .$$..F........$.
00000750: f1 f2 24 f3 f4 f5 f6 f7 f8 f9 fa fb fc fd 21 08  ..$...........!.
00000760: 50 62 00 23 09 4e 62 23 29 4e 62 23 49 4e 62 00  Pb.#.Nb#)Nb#INb.
00000770: 20 c5 42 24 20 ca 42 24 20 ea 42 24 20 e5 42 24   .B$ .B$ .B$ .B$
00000780: 22 0a 42 24 22 2a 42 24 22 18 42 24 00 22 38 42  ".B$"*B$".B$."8B
00000790: 24 21 29 c4 24 21 36 c4 24 21 d0 c4 24 22 6c c4  $!).$!6.$!..$"l.
000007a0: 24 22 73 c4 24 23 0f c3 24 00 ff 01 01 ff aa bd  $"s.$#..$.......
000007b0: a7 84 85 00 bd a8 84 85 01 4c 0f e5 aa bd 3c 80  .........L....<.
000007c0: 85 02 bd 3d 80 85 03 4c a1 e5 aa bd 3c 80 85 00  ...=...L....<...
000007d0: bd 3d 80 85 01 4c 94 8c aa bd 3c 80 85 04 bd 3d  .=...L....<....=
000007e0: 80 85 05 bd 44 80 85 06 bd 45 80 85 07 60 aa bd  ....D....E...`..
000007f0: 3c 80 85 02 bd 3d 80 85 03 60 aa bd 3c 80 85 08  <....=...`..<...
00000800: bd 3d 80 85 09 60 48 a5 10 29 7f 8d 00 20 85 10  .=...`H..)... ..
00000810: 20 83 e4 20 6f e4 20 eb e7 a5 11 49 18 8d 01 20   .. o. ....I... 
00000820: 20 f7 ff a5 4e d0 2a a5 4f f0 39 a5 9a d0 06 20   ...N.*.O.9.... 
00000830: 9a 8d 4c 57 88 ad 4f 04 c9 08 d0 28 20 12 8c a5  ..LW..O....( ...
00000840: 43 d0 24 a9 00 8d 4f 04 85 4f a9 79 85 43 4c 57  C.$...O..O.y.CLW
00000850: 88 a5 55 d0 06 20 1c 89 4c 57 88 20 73 88 20 16  ..U.. ..LW. s. .
00000860: b3 4c 57 88 20 c9 89 ad 05 05 c9 01 d0 0a a5 51  .LW. ..........Q
00000870: 85 00 20 fd b0 ce 05 05 a5 10 49 80 8d 00 20 85  .. .......I... .
00000880: 10 68 40 a5 58 d0 22 a9 10 8d 14 05 a2 0a a9 00  .h@.X.".........
00000890: 95 24 ca d0 fb ad 06 01 85 50 c9 02 30 07 a9 1c  .$.......P..0...
000008a0: 85 51 4c 99 88 a9 18 85 51 a5 50 29 01 0a aa bd  .QL.....Q.P)....
000008b0: 0a 01 85 21 bd 0b 01 85 22 a9 0f 85 18 a9 13 85  ...!....".......
000008c0: 19 a9 00 85 4e 8d 06 04 8d 07 04 85 4f 8d 10 05  ....N.......O...
000008d0: 8d 0b 05 8d 12 05 a9 01 85 53 8d 00 04 8d 01 04  .........S......
000008e0: a9 00 85 54 8d 02 04 8d 03 04 a9 00 85 52 8d 08  ...T.........R..
000008f0: 04 8d 09 04 85 fc a9 03 a6 58 f0 02 a9 01 85 55  .........X.....U
00000900: 8d 04 04 8d 05 04 8d 0b 04 a5 58 d0 11 a9 97 85  ..........X.....
00000910: 43 a9 01 85 fd a9 0f 8d 15 40 8d 00 01 60 ce 18  C........@...`..
00000920: 05 a9 75 85 43 a9 0a 85 34 4c c0 8a 20 16 b3 a5  ..u.C...4L.. ...
00000930: 58 d0 13 a5 43 c9 75 f0 26 c9 74 f0 27 c9 73 f0  X...C.u.&.t.'.s.
00000940: 28 c9 5f f0 39 60 85 55 a9 00 85 58 8d 10 05 a9  (._.9`.U...X....
00000950: 40 8d 03 01 a9 00 8d 04 01 20 c9 8a 4c c0 8a c6  @........ ..L...
00000960: 43 4c c0 8a c6 43 4c e8 8a c6 43 a5 50 29 01 0a  CL...CL...C.P)..
00000970: aa a5 21 9d 0a 01 a5 22 9d 0b 01 4c 13 8b a6 52  ..!...."...L...R
00000980: a9 01 9d 06 04 85 4e a5 51 c9 1c d0 0c a5 52 49  ......N.Q.....RI
00000990: 01 aa bd 06 04 85 4e f0 10 85 55 20 49 89 a9 40  ......N...U I..@
000009a0: 8d 03 01 a9 00 8d 04 01 60 a9 85 85 43 8d 0b 04  ........`...C...
000009b0: a0 00 84 4f 86 52 4c a9 89 a0 00 bd 00 04 99 53  ...O.RL........S
000009c0: 00 e8 e8 c8 c0 03 d0 f3 60 a0 00 b9 53 00 9d 00  ........`...S...
000009d0: 04 e8 e8 c8 c0 03 d0 f3 60 20 16 b3 a5 53 c9 01  ........` ...S..
000009e0: f0 06 a5 43 c9 84 f0 28 a5 43 c9 72 b0 38 c9 6d  ...C...(.C.r.8.m
000009f0: f0 05 c9 62 f0 13 60 ad 0b 04 f0 0a a9 00 8d 0b  ...b..`.........
00000a00: 04 c6 55 20 db 8a 4c 52 8b a9 01 85 4f 4c 65 8b  ..U ..LR....OLe.
00000a10: a6 52 a5 53 dd 00 04 f0 0a c9 01 f0 06 20 42 8b  .R.S......... B.
00000a20: 20 22 8b c6 43 60 c9 7a f0 11 c9 75 f0 21 c9 74   "..C`.z...u.!.t
00000a30: f0 1a c9 73 f0 38 c9 72 f0 23 60 a9 35 85 00 a9  ...s.8.r.#`.5...
00000a40: f2 85 01 20 0f e5 20 49 89 20 e8 8a c6 43 60 20  ... .. I. ...C` 
00000a50: c9 8a c6 43 a5 58 d0 04 a9 08 85 fd 60 c6 43 a6  ...C.X......`.C.
00000a60: 53 ca bd 08 86 85 00 a9 20 85 01 4c b7 aa 20 93  S....... ..L.. .
00000a70: c0 a9 10 8d 00 20 85 10 a9 00 20 fe ef a6 53 ca  ..... .... ...S.
00000a80: 8a 0a 20 9e 87 a9 0a 20 9e 87 a5 51 c9 1c f0 0d  .. .... ...Q....
00000a90: a9 76 85 00 a9 20 85 01 a9 04 20 ac 87 a9 01 8d  .v... .... .....
00000aa0: 05 05 20 51 8f 20 db 8a a9 bc 85 00 a4 54 c8 20  .. Q. .......T. 
00000ab0: 2c b3 a9 00 85 2c a9 80 88 c0 04 10 03 b9 07 82  ,....,..........
00000ac0: 85 2e a9 0d 85 45 a9 02 85 00 20 fd b0 c6 43 60  .....E.... ...C`
00000ad0: a9 00 85 04 a9 ff 4c a3 af 20 93 c0 a9 10 8d 00  ......L.. ......
00000ae0: 20 85 10 a9 00 20 fe ef 4c c5 b0 a9 b5 85 00 a9   .... ..L.......
00000af0: 20 85 01 a4 55 4c 2c b3 a5 58 d0 26 a5 51 c9 1c   ...UL,..X.&.Q..
00000b00: d0 20 a6 52 a5 53 dd 00 04 d0 17 a0 00 b9 aa 86  . .R.S..........
00000b10: 99 31 03 f0 04 c8 4c fd 8a a5 52 f0 05 a9 67 8d  .1....L...R...g.
00000b20: 45 03 60 a0 00 b9 c2 86 99 31 03 f0 04 c8 4c 15  E.`......1....L.
00000b30: 8b 60 a5 58 d0 1b a6 52 bd 08 04 d0 14 8a a8 18  .`.X...R........
00000b40: 0a 0a aa b5 25 c9 02 90 08 99 08 04 e6 55 20 db  ....%........U .
00000b50: 8a 60 a5 2e 85 00 a5 52 09 08 85 01 20 ac b1 4c  .`.....R.... ..L
00000b60: 51 8f a9 01 8d 05 05 20 51 8f a9 00 8d 0b 05 20  Q...... Q...... 
00000b70: df 8b 4c 07 97 a9 00 aa 95 59 9d 0d 04 e8 e0 89  ..L......Y......
00000b80: d0 f6 a9 01 85 59 85 96 8d 3e 04 8d 51 04 8d 52  .....Y...>..Q..R
00000b90: 04 85 9f 8d 03 05 a9 04 85 97 a9 58 8d 3d 04 a9  ...........X.=..
00000ba0: 20 85 a2 a9 80 85 18 a9 0a 85 34 a6 52 20 b9 89   .........4.R ..
00000bb0: a9 bb 85 39 a9 27 85 44 a5 53 c9 01 f0 09 c9 03  ...9.'.D.S......
00000bc0: f0 12 a9 10 85 fc 60 a9 38 85 36 a9 40 85 43 a9  ......`.8.6.@.C.
00000bd0: 02 85 fc 60 a9 20 85 36 a9 50 8d 3f 04 8d 41 04  ...`. .6.P.?..A.
00000be0: 8d 43 04 a9 03 8d 40 04 8d 42 04 8d 44 04 60 a5  .C....@..B..D.`.
00000bf0: 53 38 e9 01 0a aa bd a6 85 85 09 bd a7 85 85 0a  S8..............
00000c00: a2 00 a0 00 b1 09 c9 fe f0 17 95 00 c8 e8 e0 05  ................
00000c10: d0 f2 84 86 b1 09 20 a7 af a4 86 c8 a2 00 4c f4  ...... .......L.
00000c20: 8b 60 ad 50 04 d0 0e a9 01 8d 50 04 a9 0a 85 34  .`.P......P....4
00000c30: a9 10 85 fd 60 a5 43 c9 58 90 06 20 16 b3 4c 40  ....`.C.X.. ..L@
00000c40: 8c 20 42 8b 20 22 8b a9 00 85 43 85 9a 4c 49 89  . B. "....C..LI.
00000c50: a5 43 c9 9f f0 1d c9 9e f0 1e c9 9d f0 1f c9 9c  .C..............
00000c60: f0 24 c9 9b f0 29 c9 90 b0 2a c9 86 b0 29 c9 70  .$...)...*...).p
00000c70: b0 28 60 c6 43 4c 8d 8c c6 43 4c 9d 8c a0 1c c6  .(`.CL...CL.....
00000c80: 43 a9 06 4c ba 87 a0 1c c6 43 a9 08 4c ba 87 c6  C..L.....C..L...
00000c90: 43 4c a7 8c 4c bb 8c 4c cf 8c 4c 42 8d a0 0c a9  CL..L..L..LB....
00000ca0: 0a 4c ba 87 b1 00 99 31 03 88 10 f8 60 20 c0 8a  .L.....1....` ..
00000cb0: a0 16 a9 0c 4c ba 87 a0 0c a9 0e 20 ba 87 a9 03  ....L...... ....
00000cc0: 85 02 a9 18 85 03 a9 50 4c 9d af a9 8d 85 00 a9  .......PL.......
00000cd0: 20 85 01 a5 43 29 01 f0 03 4c 9a aa 4c a3 aa c9   ...C)...L..L...
00000ce0: 8f d0 22 c6 43 a0 10 a9 10 20 ba 87 a9 01 85 fe  ..".C.... ......
00000cf0: a9 68 85 00 a9 3e 85 01 a9 40 85 02 a9 46 85 03  .h...>...@...F..
00000d00: a9 50 4c 91 af ad 50 02 c9 a0 f0 11 c9 ff f0 11  .PL...P.........
00000d10: 18 69 02 85 01 ad 53 02 85 00 4c e8 8c a9 80 85  .i....S...L.....
00000d20: fe a9 18 85 03 a9 50 20 9d af a9 eb 85 00 a9 23  ......P .......#
00000d30: 85 01 a9 12 20 ac 87 a9 01 4c 2c 8d 08 a9 8d 85  .... ....L,.....
00000d40: 00 a9 22 85 01 28 d0 05 a9 16 4c ac 87 a9 14 4c  .."..(....L....L
00000d50: ac 87 c9 85 f0 07 a5 43 29 01 4c 2c 8d a9 04 85  .......C).L,....
00000d60: fd a0 04 a9 18 20 ba 87 a9 78 85 00 a9 20 85 01  ..... ...x... ..
00000d70: a9 c8 85 02 a9 22 85 03 a9 b0 20 91 af c6 43 a9  .....".... ...C.
00000d80: a0 85 00 a9 30 85 01 a9 04 20 e5 a9 a9 00 20 97  ....0.... .... .
00000d90: af a9 28 8d e8 02 8d ec 02 a9 30 8d f0 02 8d f8  ..(.......0.....
00000da0: 02 a9 38 8d f4 02 8d fc 02 60 a5 58 f0 14 ad 02  ..8......`.X....
00000db0: 01 d0 06 8d 15 40 8d 00 01 a5 15 29 20 f0 03 4c  .....@.....) ..L
00000dc0: 49 8e ad 16 05 d0 15 ad 17 05 f0 04 ce 17 05 60  I..............`
00000dd0: 20 22 8b 20 c7 8e a5 9a c9 01 d0 03 4c 3a 8e a5   ". ........L:..
00000de0: bf f0 03 4c 31 8e a5 96 c9 ff d0 03 4c 37 8e c9  ...L1.......L7..
00000df0: 08 f0 11 c9 04 f0 0d a5 58 f0 06 20 eb aa 4c f4  ........X.. ..L.
00000e00: 8d 20 94 90 20 17 aa 20 c7 aa 20 60 8f 20 b9 90  . .. .. .. `. ..
00000e10: 20 70 a9 20 f6 a0 20 8a ad a5 53 c9 03 f0 10 c9   p. .. ...S.....
00000e20: 04 f0 18 20 2a 99 20 ab a0 20 3a ab 4c 3a 8e 20  ... *. .. :.L:. 
00000e30: 45 a7 20 92 a8 20 3a ab 4c 3a 8e 20 3a ab 4c 3a  E. .. :.L:. :.L:
00000e40: 8e 20 1d ad 4c 3a 8e 20 df 8f 20 6a 8e ad 16 05  . ..L:. .. j....
00000e50: d0 06 20 6b 8f 20 16 b3 60 a9 01 85 4e 8d 12 05  .. k. ..`...N...
00000e60: 85 55 a9 20 85 44 a9 00 85 58 8d 10 05 a9 40 8d  .U. .D...X....@.
00000e70: 03 01 a9 00 8d 04 01 4c 49 89 a5 15 29 10 f0 3e  .......LI...)..>
00000e80: a5 58 d0 d5 a5 15 cd 14 05 f0 36 8d 14 05 ad 16  .X........6.....
00000e90: 05 f0 16 ad 17 05 d0 10 8d 16 05 a5 0f 85 fc a5  ................
00000ea0: 11 29 ef 85 11 4c a6 8e 60 a9 01 8d 16 05 a5 fc  .)...L..`.......
00000eb0: 85 0f a9 00 85 fc a9 40 8d 17 05 85 fd 60 8d 14  .......@.....`..
00000ec0: 05 ad 17 05 f0 04 ce 17 05 60 ad 16 05 d0 01 60  .........`.....`
00000ed0: a5 11 09 10 85 11 60 a2 00 a0 00 b5 41 d0 08 a9  ......`.....A...
00000ee0: ff 99 c0 02 99 c4 02 e8 c8 c8 c8 c8 c8 c8 c8 c8  ................
00000ef0: e0 02 30 e7 60 a0 00 84 0f 20 27 8f b9 c0 02 c9  ..0.`.... '.....
00000f00: ff d0 25 a5 05 99 c3 02 18 69 08 99 c7 02 a5 06  ..%......i......
00000f10: 99 c0 02 99 c4 02 bd 04 86 99 c1 02 a9 d4 99 c5  ................
00000f20: 02 a6 0f a9 03 95 41 60 c8 c8 c8 c8 c8 c8 c8 c8  ......A`........
00000f30: e6 0f c0 10 30 c6 60 8a 48 98 48 a5 58 d0 1a a5  ....0.`.H.H.X...
00000f40: 52 09 18 85 01 bd 00 86 85 00 a5 05 48 a5 06 48  R...........H..H
00000f50: 20 ac b1 68 85 06 68 85 05 20 51 8f 68 a8 68 aa   ..h..h.. Q.h.h.
00000f60: 60 ad 05 05 09 01 8d 05 05 a9 f9 85 00 4c 9f b2  `............L..
00000f70: a5 2e c9 10 10 04 a9 20 85 fc 60 a5 9a d0 42 a6  ....... ..`...B.
00000f80: 53 e0 04 f0 0d a5 5a f0 65 ca bd fa 81 c5 59 f0  S.....Z.e.....Y.
00000f90: 12 60 a2 00 b5 c1 f0 56 e8 8e 4f 04 e0 08 d0 f4  .`.....V..O.....
00000fa0: 4c a5 8f 20 f2 a9 a9 04 20 e5 a9 20 de a9 20 99  L.. .... .. .. .
00000fb0: af a9 02 85 fd a9 00 85 fc a9 01 85 9a a9 00 85  ................
00000fc0: 3a a5 3a d0 29 e6 53 a5 53 c9 02 f0 07 c9 05 b0  :.:.).S.S.......
00000fd0: 08 4c d4 8f e6 53 4c d4 8f a9 01 85 53 e6 54 a9  .L...SL.....S.T.
00000fe0: a0 85 43 60 a9 8d 85 43 a9 00 85 4f 85 9a 60 a9  ..C`...C...O..`.
00000ff0: 00 85 fc a9 10 20 fa 98 f0 6d a5 98 c9 ff f0 5f  ..... ...m....._
00001000: a5 98 d0 0f a5 58 d0 04 a9 80 85 fe a9 40 85 3a  .....X.......@.:
00001010: e6 98 60 a5 3a f0 10 c9 0e 90 4c a5 58 d0 04 a9  ..`.:.....L.X...
00001020: 01 85 ff a9 00 85 3a ad 01 02 c9 6c b0 02 a9 6c  ......:....l...l
00001030: 18 69 04 c9 7c 90 17 e6 98 a5 98 c9 05 f0 05 a9  .i..|...........
00001040: 6c 4c 3e 90 a5 58 f0 04 a9 7d 85 3a a9 7c 85 02  lL>..X...}.:.|..
00001050: 20 f2 a9 20 de a9 20 93 af a5 98 c9 05 d0 08 a9   .. .. .........
00001060: ff 85 98 a5 3a f0 01 60 a6 52 20 b9 89 a5 55 d0  ....:..`.R ...U.
00001070: 09 a9 01 85 4e a9 87 85 43 60 a5 51 c9 1c d0 18  ....N...C`.Q....
00001080: a5 52 49 01 aa 86 52 bd 06 04 f0 09 8a 49 01 aa  .RI...R......I..
00001090: 86 52 4c 88 90 20 a9 89 a9 87 85 43 8d 0b 04 a9  .RL.. .....C....
000010a0: 00 85 4f 60 a5 52 0a aa b5 15 29 0f 85 56 f0 08  ..O`.R....)..V..
000010b0: 4a 4a d0 04 a5 56 85 57 a5 96 c9 01 d0 0a b5 15  JJ...V.W........
000010c0: 29 80 f0 04 a9 04 85 96 60 a5 96 c9 01 f0 11 c9  ).......`.......
000010d0: 02 f0 15 c9 04 f0 14 c9 08 f0 13 c9 0a f0 12 60  ...............`
000010e0: 20 e4 90 a5 96 4c bf 90 4c 93 92 4c 5c 94 4c ac   ....L..L..L\.L.
000010f0: 95 4c db 95 a5 56 c9 01 f0 10 c9 02 f0 0c c9 04  .L...V..........
00001100: f0 05 c9 08 f0 01 60 4c a0 91 a9 db 85 0a a9 36  ......`L.......6
00001110: 20 fc 98 d0 03 4c 8a 91 20 a4 98 f0 01 60 a5 56   ....L.. ....`.V
00001120: c9 02 f0 06 ee 03 02 4c 1d 91 ce 03 02 20 e0 91  .......L..... ..
00001130: 85 5a ad 00 02 20 27 9f 85 59 20 ff 97 f0 19 a6  .Z... '..Y .....
00001140: 53 e0 01 d0 07 18 6d 00 02 8d 00 02 20 7f 92 c9  S.....m..... ...
00001150: 00 f0 05 a9 08 85 96 60 a5 9b d0 07 a9 01 85 9b  .......`........
00001160: 4c 8a 91 a9 08 85 ff a9 00 85 9b a5 97 f0 18 c9  L...............
00001170: 08 f0 1f a9 04 85 97 a5 85 f0 05 a9 00 4c 72 91  .............Lr.
00001180: a9 08 85 97 4c 8a 91 a9 04 85 97 a9 00 85 85 4c  ....L..........L
00001190: 8a 91 a9 04 85 97 a9 01 85 85 20 f2 a9 a5 97 85  .......... .....
000011a0: 02 20 de a9 a5 56 c9 02 f0 03 4c 93 af 4c 99 af  . ...V....L..L..
000011b0: 20 f2 a9 a9 86 85 02 a9 81 85 03 20 fc ae a5 53   .......... ...S
000011c0: 38 e9 01 0a aa bd 7b 84 85 04 bd 7c 84 85 05 bd  8.....{....|....
000011d0: 83 84 85 06 bd 84 84 85 07 20 c1 97 f0 11 a5 00  ......... ......
000011e0: 38 e9 04 85 a1 a9 02 85 96 a9 00 85 5b 85 5c 60  8...........[.\`
000011f0: 20 f2 a9 a5 96 c9 04 f0 09 c9 08 f0 05 a9 2c 4c   .............,L
00001200: f4 91 a9 4a 20 f9 ae a5 53 c9 01 f0 08 38 e9 01  ...J ...S....8..
00001210: 0a aa 4c 12 92 a9 1a 20 c8 87 20 2e 98 85 0c 4c  ..L.... .. ....L
00001220: 38 92 bd 6b 84 85 04 bd 6c 84 85 05 bd 73 84 85  8..k....l....s..
00001230: 06 bd 74 84 85 07 20 c1 97 85 0c d0 0b a5 53 c9  ..t... .......S.
00001240: 03 d0 05 20 3b 92 85 0c a5 0c 60 a9 2a 20 de 87  ... ;.....`.* ..
00001250: a9 00 85 d2 a5 d2 c9 06 f0 30 aa bc cc 82 b9 00  .........0......
00001260: 02 c9 ff f0 0e 85 01 b9 03 02 85 00 20 00 af c9  ............ ...
00001270: 01 f0 05 e6 d2 4c 44 92 a5 d2 c9 03 b0 05 a9 01  .....LD.........
00001280: 4c 75 92 a9 02 85 da a9 01 60 a9 00 85 da 60 a5  Lu.......`....`.
00001290: 53 c9 01 f0 03 4c 90 92 a9 1c 20 c8 87 4c c1 97  S....L.... ..L..
000012a0: a9 01 60 a5 56 c9 08 f0 0a c9 04 f0 03 4c e4 93  ..`.V........L..
000012b0: 4c 47 93 a5 5a f0 0a 20 f2 a9 c6 01 20 1f 94 d0  LG..Z.. .... ...
000012c0: 31 a9 24 85 0a a9 49 20 fc 98 d0 08 ad 00 02 85  1.$...I ........
000012d0: 01 4c e4 93 20 1f 94 f0 33 c9 02 d0 03 4c e4 93  .L.. ...3....L..
000012e0: a5 5b f0 11 18 69 01 c9 10 f0 0c 90 0a a9 10 4c  .[...i.........L
000012f0: e7 92 4c e4 93 a9 01 85 5b aa ca bd 47 81 85 02  ..L.....[...G...
00001300: a9 00 85 5a 85 5c 20 03 94 4c 22 93 a5 5c f0 0e  ...Z.\ ..L"..\..
00001310: 18 69 01 c9 06 f0 09 90 07 a9 01 4c 10 93 a9 02  .i.........L....
00001320: 85 5c aa ca bd 59 81 85 02 a9 00 85 5a 85 5b 20  .\...Y......Z.[ 
00001330: 03 94 a5 a1 85 00 8d 03 02 20 e2 a9 a9 00 85 04  ......... ......
00001340: a5 02 c9 54 f0 05 a9 00 4c 41 93 a9 24 85 02 a9  ...T....LA..$...
00001350: 01 20 a7 af 4c e4 93 a5 5a f0 0f 20 f2 a9 e6 01  . ..L...Z.. ....
00001360: 20 1f 94 c9 01 f0 03 4c e4 93 a9 24 85 0a a9 49   ......L...$...I
00001370: 85 0b 20 fa 98 d0 08 ad 00 02 85 01 4c e4 93 20  .. .........L.. 
00001380: 1f 94 f0 2c c9 02 f0 28 a5 5b f0 0a 38 e9 01 c9  ...,...(.[..8...
00001390: 01 90 08 4c 8d 93 a9 0d 4c 8d 93 a9 01 85 5b aa  ...L....L.....[.
000013a0: ca bd 47 81 85 02 a9 03 85 5c 20 0e 94 4c c6 93  ..G......\ ..L..
000013b0: a5 5c f0 0e 18 69 01 c9 06 f0 09 90 07 a9 01 4c  .\...i.........L
000013c0: b4 93 a9 01 85 5c 38 e9 01 aa bd 59 81 85 02 a9  .....\8....Y....
000013d0: 00 85 5b 20 0e 94 a5 a1 8d 03 02 85 00 20 de a9  ..[ ......... ..
000013e0: a5 02 c9 54 f0 05 a9 00 4c e1 93 a9 24 85 02 a9  ...T....L...$...
000013f0: 01 20 a7 af 20 e0 91 85 5a f0 17 ad 00 02 18 69  . .. ...Z......i
00001400: 08 20 27 9f 85 59 a9 01 85 96 a9 00 85 5c 85 5b  . '..Y.......\.[
00001410: 85 85 60 ad 00 02 38 e9 01 85 01 4c 16 94 ad 00  ..`...8....L....
00001420: 02 18 69 01 85 01 29 06 d0 04 a9 08 85 ff 60 20  ..i...).......` 
00001430: f2 a9 a9 2c 20 f9 ae a5 53 38 e9 01 0a aa bd 8b  ..., ...S8......
00001440: 84 85 04 bd 8c 84 85 05 a9 43 85 06 a9 81 85 07  .........C......
00001450: 20 c1 97 85 08 a5 53 c9 01 d0 0e a9 1e 20 c8 87   .....S...... ..
00001460: 20 c1 97 f0 04 a9 02 85 08 a5 08 60 a9 ff 20 fa   ..........`.. .
00001470: 98 c9 00 d0 01 60 a5 94 c9 f0 90 03 4c 22 95 20  .....`......L". 
00001480: a4 98 f0 11 a5 56 c9 01 d0 05 a9 02 4c 81 94 a9  .....V......L...
00001490: 01 85 56 85 57 ad 00 02 85 01 a9 00 20 83 ae a5  ..V.W....... ...
000014a0: 01 8d 00 02 a5 56 c9 01 f0 07 c9 02 f0 18 4c c8  .....V........L.
000014b0: 94 a5 9e f0 0a ee 03 02 a9 00 85 9e 4c c8 94 a9  ............L...
000014c0: 01 85 9e 4c c8 94 a5 9e f0 0a ce 03 02 a9 00 85  ...L............
000014d0: 9e 4c c8 94 a9 01 85 9e ad 03 02 85 00 20 14 97  .L........... ..
000014e0: a5 94 f0 23 a5 01 38 e9 10 c5 95 90 04 a9 ff 85  ...#..8.........
000014f0: 95 20 e0 91 85 5a f0 1e a5 4b 38 e9 11 8d 00 02  . ...Z...K8.....
00001500: a9 01 85 5a 4c 0b 95 a9 04 85 ff a9 01 85 94 a5  ...ZL...........
00001510: 01 85 95 4c 06 95 a9 28 4c 81 af 20 f2 a9 a9 2c  ...L...(L.. ...,
00001520: 85 02 20 de a9 a5 57 29 03 4a 20 a7 af a9 f0 85  .. ...W).J .....
00001530: 94 60 e6 94 a5 94 c9 f4 d0 3a a5 95 c9 ff f0 27  .`.......:.....'
00001540: a9 04 20 81 af a9 00 8d 2c 04 85 94 85 95 a9 01  .. .....,.......
00001550: 85 96 a5 a0 f0 1e a9 01 85 9f a9 4b 85 3f a9 0a  ...........K.?..
00001560: 85 96 a9 40 85 fc 60 a9 00 8d 2c 04 85 94 85 95  ...@..`...,.....
00001570: a9 ff 85 96 60 a9 fe 8d 72 04 8d 73 04 a2 00 a0  ....`...r..s....
00001580: 60 b9 00 02 c9 ff f0 0f 9d 61 04 b9 03 02 38 e9  `........a....8.
00001590: 08 9d 60 04 4c 8f 95 a9 00 9d 61 04 9d 60 04 98  ..`.L.....a..`..
000015a0: 18 69 08 a8 e8 e8 e8 c0 90 d0 d6 a9 20 20 c8 87  .i..........  ..
000015b0: 20 c1 97 f0 06 a9 08 85 96 a9 01 60 a9 ff 20 fa   ..........`.. .
000015c0: 98 f0 27 20 f2 a9 e6 01 e6 01 a5 57 c9 02 f0 06  ..' .......W....
000015d0: ad 01 02 4c cc 95 ad 01 02 38 e9 02 85 02 20 86  ...L.....8.... .
000015e0: af 20 e0 91 f0 04 a9 ff 85 96 60 a5 3f d0 03 4c  . ........`.?..L
000015f0: d4 96 a9 db 85 0a a9 36 20 fc 98 d0 01 60 20 a4  .......6 ....` .
00001600: 98 d0 0a a5 56 c9 01 f0 26 c9 02 f0 28 a5 a2 0a  ....V...&...(...
00001610: 85 a2 f0 03 4c 68 96 a9 20 85 a2 a5 9f f0 04 c9  ....Lh.. .......
00001620: 04 90 05 a9 02 4c 1a 96 a9 05 85 9f 4c 68 96 ee  .....L......Lh..
00001630: 03 02 4c 28 96 ce 03 02 20 e0 91 85 5a ad 00 02  ..L(.... ...Z...
00001640: 20 27 9f 85 59 20 ff 97 f0 19 a6 53 e0 01 d0 07   '..Y .....S....
00001650: 18 6d 00 02 8d 00 02 20 7f 92 f0 07 a9 08 85 96  .m..... ........
00001660: 4c d4 96 a9 08 85 ff a5 9f f0 09 c9 06 b0 05 e6  L...............
00001670: 9f 4c 68 96 a9 01 85 9f a6 9f ca bd a2 81 20 81  .Lh........... .
00001680: af a5 9f 4a 4a f0 05 a9 00 4c 7e 96 a9 01 f0 1b  ...JJ....L~.....
00001690: a9 04 18 6d 03 02 85 00 ad 00 02 38 e9 0e 85 01  ...m.......8....
000016a0: a9 21 85 03 a9 f6 85 02 4c c2 96 a5 57 c9 01 d0  .!......L...W...
000016b0: 09 a9 0e 18 6d 03 02 4c b0 96 ad 03 02 38 e9 0e  ....m..L.....8..
000016c0: 85 00 a9 06 18 6d 00 02 85 01 a9 12 85 03 a9 fa  .....m..........
000016d0: 85 02 a5 a0 c9 01 f0 05 a9 d8 4c cf 96 a9 d0 85  ..........L.....
000016e0: 04 4c 89 af a9 12 85 03 a5 a0 c9 01 f0 0a a9 00  .L..............
000016f0: 8d 52 04 a9 d8 4c ef 96 a9 00 8d 51 04 a9 d0 85  .R...L.....Q....
00001700: 04 20 a5 af 20 07 97 a9 01 85 96 a9 00 85 a0 85  . .. ...........
00001710: 9f ad 19 05 85 fc 60 a9 19 85 00 a9 3f 85 01 a9  ......`.....?...
00001720: 4e 4c ac 87 a5 a0 f0 01 60 a4 53 c0 03 d0 03 4c  NL......`.S....L
00001730: bc 97 ad 03 02 c0 01 f0 09 c9 88 f0 0e 90 0c 4c  ...............L
00001740: bc 97 c9 28 f0 05 90 03 4c bc 97 ad 00 02 18 69  ...(....L......i
00001750: 08 20 27 9f 85 59 a5 53 38 e9 01 0a aa a5 59 dd  . '..Y.S8.....Y.
00001760: a8 81 f0 09 e8 dd a8 81 f0 03 4c bc 97 8a 29 01  ..........L...).
00001770: f0 19 ad 52 04 d0 03 4c bc 97 a9 02 85 a0 ad d8  ...R...L........
00001780: 02 85 01 ad db 02 85 00 4c 91 97 ad 51 04 d0 03  ........L...Q...
00001790: 4c bc 97 a9 01 85 a0 ad d0 02 85 01 ad d3 02 85  L...............
000017a0: 00 a9 2e 20 f9 ae 20 f2 a9 a9 30 20 de 87 20 00  ... .. ...0 .. .
000017b0: af f0 19 a5 fc 8d 19 05 a5 53 c9 04 d0 0d a9 19  .........S......
000017c0: 85 00 a9 3f 85 01 a9 46 20 ac 87 60 a9 00 85 a0  ...?...F ..`....
000017d0: 60 a9 f3 85 0b a9 00 85 86 a0 00 b1 04 85 00 c8  `...............
000017e0: b1 04 85 01 c8 b1 04 18 65 06 85 02 a5 07 69 00  ........e.....i.
000017f0: 85 03 84 86 20 04 af d0 0c a4 86 c8 b1 04 c9 fe  .... ...........
00001800: f0 08 4c cd 97 a9 01 4c fc 97 a9 00 85 0c 60 a5  ..L....L......`.
00001810: 5a d0 28 a5 59 f0 24 29 01 d0 0d a5 56 c9 01 f0  Z.(.Y.$)....V...
00001820: 17 c9 02 f0 10 4c 2b 98 a5 56 c9 01 f0 07 c9 02  .....L+..V......
00001830: f0 06 4c 2b 98 a9 ff 60 a9 01 60 a9 00 60 ad 00  ..L+...`..`..`..
00001840: 02 18 69 08 20 27 9f 85 59 c9 01 f0 0f a2 02 a9  ..i. '..Y.......
00001850: 0c e4 59 f0 0a 18 69 06 e8 4c 41 98 38 e9 01 aa  ..Y...i..LA.8...
00001860: a9 00 85 86 bd 8c 80 85 00 e8 bd 8c 80 85 01 e8  ................
00001870: bd 8c 80 18 65 06 85 02 a5 07 85 03 e8 bd 8c 80  ....e...........
00001880: 85 08 e8 bd 8c 80 85 09 20 00 af d0 22 a5 00 18  ........ ..."...
00001890: 65 08 85 00 c6 01 e6 86 a5 09 c5 86 d0 ea e8 bd  e...............
000018a0: 8c 80 c9 fe f0 04 e8 4c 50 98 a9 00 4c a1 98 a9  .......LP...L...
000018b0: 01 85 5a 60 a5 56 c9 01 f0 07 c9 02 f0 15 4c f7  ..Z`.V........L.
000018c0: 98 a5 53 0a aa ca bd b4 81 cd 03 02 f0 36 90 34  ..S..........6.4
000018d0: 4c f7 98 a5 53 0a aa ca ca bd b4 81 cd 03 02 b0  L...S...........
000018e0: 23 a5 53 c9 04 f0 20 a6 59 c9 03 f0 07 e0 06 d0  #.S... .Y.......
000018f0: 16 4c e8 98 e0 05 d0 0f ad 03 02 c9 68 f0 05 90  .L..........h...
00001900: 03 4c f7 98 a9 01 60 a9 00 60 85 0a 85 0b e6 88  .L....`..`......
00001910: a5 88 c9 0f b0 03 4c 0d 99 a9 00 85 88 c9 08 b0  ......L.........
00001920: 09 aa bd bc 81 25 0a 4c 23 99 38 e9 08 aa bd bc  .....%.L#.8.....
00001930: 81 25 0b f0 02 a9 01 85 be 60 20 77 a0 a9 00 85  .%.......` w....
00001940: 5d 20 e6 ae bd 00 02 c9 ff d0 16 a5 36 d0 15 a9  ] ..........6...
00001950: 80 a6 5d 95 5e a9 10 85 37 20 08 aa bd 43 84 85  ..].^...7 ...C..
00001960: 36 20 60 99 a5 5d 18 69 01 85 5d c9 09 d0 d2 60  6 `..].i..]....`
00001970: a6 5d b5 5e c9 80 f0 29 c9 81 f0 28 c9 01 f0 27  .].^...)...(...'
00001980: c9 02 f0 26 c9 c0 f0 25 c9 c1 f0 21 c9 c2 f0 1d  ...&...%...!....
00001990: c9 08 f0 1f c9 10 f0 1e c9 20 f0 1d c9 40 f0 1c  ......... ...@..
000019a0: 60 4c af 99 4c 13 9a 4c 3f 9a 4c 43 9b bd 21 04  `L..L..L?.LC..!.
000019b0: 4c 9d 9c 4c 7c 9b 4c e3 9b 4c 44 9c 4c 18 9e 20  L..L|.L..LD.L.. 
000019c0: e6 ae a9 30 85 00 85 01 a9 90 85 02 86 04 20 ec  ...0.......... .
000019d0: a9 a5 37 d0 4d a9 81 a6 5d 95 5e a9 00 95 8a a5  ..7.M...].^.....
000019e0: ad f0 03 4c e8 99 a5 5d d0 38 a9 c0 a6 5d 95 5e  ...L...].8...].^
000019f0: a9 01 9d 21 04 4c 0a 9a a5 43 d0 26 a5 5d d0 22  ...!.L...C.&.]."
00001a00: a9 c0 a6 5d 95 5e bd 21 04 c9 01 d0 08 a9 03 9d  ...].^.!........
00001a10: 21 04 4c 0a 9a a9 01 9d 21 04 20 08 aa bd 4d 84  !.L.....!. ...M.
00001a20: 85 43 60 a9 55 20 f5 9e d0 1a 20 e6 ae a9 4d 85  .C`.U .... ...M.
00001a30: 00 a9 32 85 01 a9 84 85 02 86 04 20 ec a9 ee 15  ..2........ ....
00001a40: 05 4c 3e 9a a6 5d a9 01 95 5e a9 84 95 72 60 a9  .L>..]...^...r`.
00001a50: ff 20 f5 9e d0 01 60 20 e6 ae 48 20 fd a9 a5 01  . ....` ..H ....
00001a60: 20 27 9f a4 5d 99 68 00 29 01 d0 05 e6 00 4c 63   '..].h.).....Lc
00001a70: 9a c6 00 a5 00 20 6b 9f 85 7d 20 59 9f 18 65 01  ..... k..} Y..e.
00001a80: 85 01 20 01 9b a6 5d b5 72 20 e5 a9 68 aa 20 91  .. ...].r ..h. .
00001a90: af a5 00 20 bf 9f f0 37 20 08 aa bd 48 84 25 19  ... ...7 ...H.%.
00001aa0: d0 2d a6 5d b5 68 aa ca b5 7e c9 04 b0 21 a5 96  .-.].h...~...!..
00001ab0: c9 02 d0 12 a6 04 bd 00 02 cd 00 02 b0 08 18 69  ...............i
00001ac0: 0f cd 00 02 b0 09 a9 02 a6 5d 95 5e d6 68 60 a5  .........].^.h`.
00001ad0: 00 20 a1 9f f0 03 4c fa 9a 20 51 9e a6 5d b5 68  . ....L.. Q..].h
00001ae0: c9 01 d0 2c 20 d4 9e a5 00 c9 20 f0 03 90 01 60  ..., ..... ....`
00001af0: a9 03 85 02 a9 04 85 03 20 9f af a9 01 85 ad a9  ........ .......
00001b00: 00 a6 5d 95 68 a9 80 85 fe 60 a6 5d a9 08 95 5e  ..].h....`.]...^
00001b10: 60 a6 5d fe 0d 04 bd 0d 04 c9 06 b0 01 60 a9 00  `.]..........`..
00001b20: 9d 0d 04 b5 68 29 01 f0 15 b5 72 18 69 04 c9 80  ....h)....r.i...
00001b30: 90 07 c9 90 b0 03 4c 40 9b a9 80 4c 40 9b b5 72  ......L@...L@..r
00001b40: 38 e9 04 c9 80 90 07 c9 90 b0 03 4c 40 9b a9 8c  8..........L@...
00001b50: 95 72 60 a9 55 20 f5 9e f0 31 20 e6 ae 86 04 20  .r`.U ...1 .... 
00001b60: fd a9 e6 01 a4 5d b9 72 00 c9 90 d0 05 a9 94 4c  .....].r.......L
00001b70: 64 9b a9 90 85 02 a6 5d 95 72 20 ec a9 a5 01 a6  d......].r .....
00001b80: 5d d5 a3 d0 06 a6 5d a9 01 95 5e 60 a9 ff 20 f5  ].....]...^`.. .
00001b90: 9e d0 01 60 20 e6 ae 86 04 20 fd a9 e6 01 a5 01  ...` .... ......
00001ba0: 29 01 f0 0f a6 5d b5 68 29 01 f0 05 c6 00 4c a3  )....].h).....L.
00001bb0: 9b e6 00 20 01 9b a6 5d b5 72 85 02 20 ec a9 a9  ... ...].r.. ...
00001bc0: 32 20 ea 87 a5 01 20 23 a0 f0 27 a6 5d a9 10 95  2 .... #..'.]...
00001bd0: 5e 20 41 a0 f0 09 a5 19 29 01 f0 03 4c dc 9b a6  ^ A.....)...L...
00001be0: 5d b5 68 aa ca b5 7e c9 04 b0 01 60 a6 5d a9 20  ].h...~....`.]. 
00001bf0: 95 5e 60 a9 77 20 f5 9e d0 01 60 20 e6 ae 86 04  .^`.w ....` ....
00001c00: 20 fd a9 a5 01 20 27 9f a6 5d 95 68 29 01 d0 13   .... '..].h)...
00001c10: e6 00 a5 00 a2 00 dd fc 83 f0 1b e8 e0 0b f0 28  ...............(
00001c20: 4c 06 9c c6 00 a5 00 a2 00 dd 12 84 f0 08 e8 e0  L...............
00001c30: 0b f0 15 4c 19 9c a5 01 18 7d 07 84 85 01 e0 0a  ...L.....}......
00001c40: d0 06 a6 5d a9 01 95 5e 20 01 9b a6 5d b5 72 85  ...]...^ ...].r.
00001c50: 02 4c ec a9 a9 55 20 f5 9e d0 01 60 20 e6 ae 86  .L...U ....` ...
00001c60: 04 20 fd a9 a5 01 20 27 9f a6 5d 95 68 29 01 d0  . .... '..].h)..
00001c70: 11 c6 00 a5 01 c9 14 d0 02 c6 01 a5 00 d0 16 4c  ...............L
00001c80: 91 9c e6 00 a5 01 c9 ec d0 02 c6 01 a5 00 c9 f4  ................
00001c90: d0 03 4c 91 9c 20 01 9b a6 5d b5 72 85 02 4c ec  ..L.. ...].r..L.
00001ca0: a9 a9 22 20 a3 af a9 00 a6 5d 95 68 60 85 07 a6  .." .....].h`...
00001cb0: 5d b5 5e c9 c2 d0 03 4c 94 9d c9 c1 f0 3b a5 07  ].^....L.....;..
00001cc0: c9 02 f0 09 c9 03 f0 0a a9 34 4c c4 9c a9 36 4c  .........4L...6L
00001cd0: c4 9c a9 38 20 ea 87 20 e6 ae 86 04 bd 00 02 20  ...8 .. ....... 
00001ce0: 23 a0 a4 0a c0 04 d0 03 4c 85 9d c9 00 f0 0a a6  #.......L.......
00001cf0: 5d a9 01 95 8a a9 c1 95 5e 20 e6 ae 86 04 a6 5d  ].......^ .....]
00001d00: b5 5e c9 c1 d0 2f a9 20 20 f5 9e d0 0a a6 04 bd  .^.../.  .......
00001d10: 00 02 85 01 4c 39 9d a6 5d a9 c0 95 5e a5 07 c9  ....L9..]...^...
00001d20: 03 d0 0f bd 17 04 f0 05 a9 00 4c 1f 9d a9 01 9d  ..........L.....
00001d30: 17 04 4c 2c 9d a9 ff 20 f5 9e f0 6b a6 04 a9 01  ..L,... ...k....
00001d40: 18 7d 00 02 85 01 20 98 9d e8 e8 e8 a5 07 c9 02  .}.... .........
00001d50: d0 06 fe 00 02 4c 68 9d c9 03 d0 1c a5 01 29 01  .....Lh.......).
00001d60: f0 16 a4 5d b9 17 04 d0 09 fe 00 02 fe 00 02 4c  ...]...........L
00001d70: 68 9d de 00 02 de 00 02 bd 00 02 85 00 a6 5d b5  h.............].
00001d80: 72 c9 90 d0 05 a9 94 4c 7c 9d a9 90 85 02 a6 5d  r......L|......]
00001d90: 95 72 4c ec a9 a9 c2 a6 5d 95 5e a6 04 bd 03 02  .rL.....].^.....
00001da0: 8d 2b 04 60 20 b7 9d 60 a5 07 c9 01 d0 18 a0 00  .+.` ..`........
00001db0: a5 01 d9 1d 84 90 0a d9 20 84 b0 05 e6 01 4c b6  ........ .....L.
00001dc0: 9d c8 c0 03 d0 ec 60 20 e6 ae 86 04 20 fd a9 c6  ......` .... ...
00001dd0: 00 ad 2b 04 38 e9 01 c5 00 f0 2f 38 e9 01 c5 00  ..+.8...../8....
00001de0: f0 28 38 e9 01 c5 00 f0 2b 38 e9 08 c5 00 f0 1f  .(8.....+8......
00001df0: 38 e9 01 c5 00 f0 18 38 e9 01 c5 00 d0 1f a9 01  8......8........
00001e00: a6 5d 95 5e a9 00 9d 17 04 60 c6 01 4c 0d 9e e6  .].^.....`..L...
00001e10: 01 4c 0d 9e a6 5d bd 21 04 c9 01 f0 e1 a9 84 a6  .L...].!........
00001e20: 5d 95 72 85 02 4c ec a9 a9 55 20 f5 9e d0 01 60  ].r..L...U ....`
00001e30: 20 e6 ae 86 04 20 fd a9 e6 01 bd 01 02 c9 90 f0   .... ..........
00001e40: 05 a9 90 4c 38 9e a9 94 85 02 20 ec a9 a5 c0 c5  ...L8..... .....
00001e50: 01 f0 03 90 01 60 a6 5d a9 01 95 5e a9 00 85 c0  .....`.]...^....
00001e60: 60 a5 c0 f0 01 60 a5 96 c9 0a f0 01 60 a5 59 c9  `....`......`.Y.
00001e70: 03 f0 03 4c 83 9e a2 03 b5 7e c9 05 b0 01 60 a2  ...L.....~....`.
00001e80: 00 b5 5e c9 01 d0 06 b5 68 c9 03 f0 23 e8 e0 0a  ..^.....h...#...
00001e90: d0 ef 60 a2 05 b5 7e c9 05 b0 01 60 a2 00 b5 5e  ..`...~....`...^
00001ea0: c9 01 d0 06 b5 68 c9 05 f0 06 e8 c9 0a d0 ef 60  .....h.........`
00001eb0: a9 40 95 5e d6 68 8a 18 69 03 0a 0a 0a 0a a8 b9  .@.^.h..i.......
00001ec0: 00 02 85 01 b9 03 02 85 00 ad eb 81 a0 00 c5 00  ................
00001ed0: b0 07 18 69 18 c8 4c be 9e 98 0a 18 69 15 18 65  ...i..L.....i..e
00001ee0: 01 85 c0 60 a6 5d b5 68 c9 01 d0 18 20 e6 ae bd  ...`.].h.... ...
00001ef0: 03 02 c9 30 b0 0e a9 23 9d 02 02 9d 06 02 9d 0a  ...0...#........
00001f00: 02 9d 0e 02 60 85 0a 85 0b a6 5d f6 8a b5 8a 30  ....`.....]....0
00001f10: 07 c9 10 b0 03 4c 0c 9f a9 00 95 8a c9 08 b0 09  .....L..........
00001f20: aa bd bc 81 25 0a 4c 22 9f 38 e9 08 aa bd bc 81  ....%.L".8......
00001f30: 25 0b f0 02 a9 01 60 85 0a a5 53 38 e9 01 0a aa  %.....`...S8....
00001f40: bd 93 84 85 08 bd 94 84 85 09 a0 00 a9 01 85 0b  ................
00001f50: b1 08 c9 ff f0 0c c5 0a f0 0c 90 0a e6 0b c8 4c  ...............L
00001f60: 40 9f a9 07 85 0b a5 0b 60 a6 5d b5 5e c9 01 d0  @.......`.].^...
00001f70: 07 a5 7d d0 03 a9 01 60 a9 00 60 85 0c a6 5d b5  ..}....`..`...].
00001f80: 68 c9 01 f0 15 c9 06 f0 11 a2 00 bd c4 81 c5 0c  h...............
00001f90: f0 19 e8 e0 09 f0 17 4c 7b 9f a2 04 bd c4 81 c5  .......L{.......
00001fa0: 0c f0 08 e8 e0 09 f0 06 4c 8c 9f a9 00 60 a9 01  ........L....`..
00001fb0: 60 85 0c a6 5d b5 68 29 01 f0 05 a2 00 4c b2 9f  `...].h).....L..
00001fc0: a2 01 bd cd 81 c5 0c f0 03 a9 00 60 a9 01 60 85  ...........`..`.
00001fd0: 0c a6 5d b5 68 c9 02 f0 13 c9 03 f0 0f c9 04 f0  ..].h...........
00001fe0: 11 c9 05 f0 19 c9 06 f0 21 4c fd 9f 20 02 a0 4c  ........!L.. ..L
00001ff0: fd 9f 20 02 a0 a0 89 c9 c4 f0 2f 4c fd 9f 20 02  .. ......./L.. .
00002000: a0 a0 71 c9 b4 f0 23 4c fd 9f 20 02 a0 a9 00 4c  ..q...#L.. ....L
00002010: 20 a0 aa ca ca a5 0c bc 72 81 dd 77 81 f0 09 bc   .......r..w....
00002020: 7c 81 dd 81 81 f0 01 60 68 68 a6 5d 94 a3 a9 01  |......`hh.]....
00002030: 85 0c 60 85 0b a0 00 b1 08 c9 fe f0 0d c5 0b f0  ..`.............
00002040: 04 c8 4c 27 a0 a9 01 4c 3c a0 a9 00 85 0c 84 0a  ..L'...L<.......
00002050: 60 a6 5d b5 68 38 e5 59 f0 05 30 03 4c 52 a0 a9  `.].h8.Y..0.LR..
00002060: 01 60 a9 00 60 a2 00 a0 20 b9 00 02 c9 ff f0 08  .`..`... .......
00002070: 20 27 9f 95 68 4c 6c a0 a9 00 95 68 98 18 69 10   '..hLl....h..i.
00002080: a8 e8 e0 0a d0 e3 60 a9 00 a0 06 99 7e 00 88 10  ......`.....~...
00002090: fa a0 00 b9 68 00 f0 08 aa b5 7e 18 69 01 95 7e  ....h.....~.i..~
000020a0: c0 09 f0 04 c8 4c 83 a0 a6 59 e0 07 f0 0c f6 7e  .....L...Y.....~
000020b0: a5 96 c9 0a d0 04 a6 59 f6 7e 60 a5 ad d0 01 60  .......Y.~`....`
000020c0: c9 01 d0 1c a9 20 85 00 a9 c0 85 01 a9 fc 85 02  ..... ..........
000020d0: a9 12 85 03 a9 e0 20 91 af a9 02 85 ad 4c f1 a0  ...... ......L..
000020e0: a5 38 d0 21 a9 03 85 ad a2 e1 bd 00 02 c9 fc f0  .8.!............
000020f0: 05 a9 fc 4c e8 a0 a9 fe 9d 00 02 18 69 01 9d 04  ...L........i...
00002100: 02 a9 10 85 38 60 a9 00 85 ae 20 ee ae bd 00 02  ....8`.... .....
00002110: c9 ff d0 32 a5 53 c9 01 f0 07 c9 04 f0 16 4c 36  ...2.S........L6
00002120: a1 a5 40 d0 24 a5 ad f0 20 c9 02 d0 1c a9 19 85  ..@.$... .......
00002130: 40 4c 30 a1 a5 40 d0 11 20 08 aa bd 66 84 85 40  @L0..@.. ...f..@
00002140: a9 06 a6 ae 95 af 20 61 a1 a6 53 ca e6 ae a5 ae  ...... a..S.....
00002150: dd f6 81 f0 03 4c fa a0 a5 53 c9 03 f0 12 a5 3b  .....L...S.....;
00002160: d0 0e a9 00 85 d2 85 d3 85 d4 85 d5 a9 bc 85 3b  ...............;
00002170: 60 a6 ae b5 af 29 0f f0 3a c9 06 f0 33 c9 08 f0  `....)..:...3...
00002180: 2f c9 01 f0 31 c9 02 f0 32 c9 03 f0 35 a5 53 c9  /...1...2...5.S.
00002190: 03 f0 06 20 c7 a1 4c 91 a1 b5 19 29 03 a6 ae 95  ... ..L....)....
000021a0: af b5 af c9 01 f0 04 c9 02 d0 02 95 b3 4c 65 a1  .............Le.
000021b0: 4c 49 a4 4c 0a a2 a9 00 4c ad a1 a9 01 85 99 4c  LI.L....L......L
000021c0: 79 a2 a5 53 c9 01 d0 0c 20 37 a5 a6 ae b5 af d0  y..S.... 7......
000021d0: 03 4c a3 a1 4c 2c a3 a6 ae b5 d2 d0 21 a9 01 95  .L..L,......!...
000021e0: d2 a5 ae 18 69 01 0a 0a 0a 0a a8 b9 03 02 cd 03  ....i...........
000021f0: 02 b0 07 a9 01 95 ec 4c ee a1 a9 02 95 ec b5 19  .......L........
00002200: 29 07 95 af a8 c9 04 b0 03 4c 07 a2 b4 ec c9 07  )........L......
00002210: b0 03 4c 07 a2 a0 03 94 af 60 a9 55 85 0a 85 0b  ..L......`.U....
00002220: 20 17 a7 d0 01 60 20 ee ae 86 04 20 fd a9 a6 ae   ....` .... ....
00002230: b5 af c9 20 d0 05 a9 ff 95 af 60 c9 10 f0 05 c6  ... ......`.....
00002240: 01 4c 36 a2 e6 01 a5 04 a8 c8 b9 00 02 a6 53 e0  .L6...........S.
00002250: 04 f0 0e c9 9c f0 05 a9 9c 4c 5c a2 a9 98 4c 5c  .........L\...L\
00002260: a2 c9 ac f0 05 a9 ac 4c 5c a2 a9 a8 20 e5 a9 a6  .......L\... ...
00002270: ae b5 b3 4a 20 a7 af a6 ae b5 af c9 10 f0 05 a9  ...J ...........
00002280: 10 4c 76 a2 a9 20 95 af 60 a9 55 85 0a 85 0b 20  .Lv.. ..`.U.... 
00002290: 17 a7 d0 01 60 20 ee ae 86 04 20 fd a9 a5 99 d0  ....` .... .....
000022a0: 05 e6 00 4c 98 a2 c6 00 a5 00 29 0f c9 04 f0 07  ...L......).....
000022b0: c9 0c f0 03 4c ac a2 e6 01 4c c0 a2 a6 99 dd e2  ....L....L......
000022c0: 83 f0 08 dd e4 83 f0 03 4c c0 a2 c6 01 4c d1 a2  ........L....L..
000022d0: c9 04 f0 07 c9 0c f0 03 4c d1 a2 a6 ae a9 ff 95  ........L.......
000022e0: af a4 99 20 b6 a5 d0 07 a9 00 a6 ae 95 af 60 a5  ... ..........`.
000022f0: 99 f0 1b a5 00 c9 0c f0 05 90 0c 4c fe a2 a9 00  ...........L....
00002300: a6 ae 95 af 4c fe a2 a9 00 a6 ae 95 af 60 a5 04  ....L........`..
00002310: a8 c8 b9 00 02 a6 53 e0 04 f0 0e c9 9c b0 05 a9  ......S.........
00002320: 9c 4c 24 a3 a9 98 4c 24 a3 c9 ac b0 05 a9 ac 4c  .L$...L$.......L
00002330: 24 a3 a9 a8 20 e5 a9 a5 99 4c a7 af a6 ae b5 af  $... ....L......
00002340: 4a 4a 4a aa a5 53 c9 04 f0 0d bd f4 83 85 0a bd  JJJ..S..........
00002350: f5 83 85 0b 4c 5c a3 a5 50 29 01 18 65 54 c9 03  ....L\..P)..eT..
00002360: 90 e8 bd f8 83 85 0a bd f9 83 85 0b 20 17 a7 d0  ............ ...
00002370: 01 60 20 ee ae 86 04 20 fd a9 a6 ae b5 e8 f0 0e  .` .... ........
00002380: c9 03 f0 03 4c 7e a3 a9 00 95 e8 4c 8b a3 a5 01  ....L~.....L....
00002390: 29 03 d0 07 a9 01 f6 e8 4c 1d a4 a5 53 c9 01 f0  ).......L...S...
000023a0: 35 20 b4 a6 c9 03 f0 07 c9 13 f0 10 4c 1d a4 c6  5 ..........L...
000023b0: 01 a5 01 a6 ae d5 db f0 10 4c 1d a4 e6 01 a5 01  .........L......
000023c0: a6 ae d5 db f0 03 4c 1d a4 a9 01 a6 ae 95 af a9  ......L.........
000023d0: 00 95 db 4c 1d a4 a6 ae b5 af c9 13 f0 03 4c e7  ...L..........L.
000023e0: a3 e6 01 a5 ae 0a aa e8 b5 b9 c5 01 d0 06 a9 01  ................
000023f0: a6 ae 95 af 4c 1d a4 c6 01 a6 ae e0 00 d0 1b a6  ....L...........
00002400: ae b5 e0 c9 02 f0 13 a5 ae 0a aa b5 b9 c5 01 d0  ................
00002410: 1c a9 02 a6 ae 95 af 4c 1d a4 a5 ae 0a aa b5 b9  .......L........
00002420: 18 69 0d c5 01 d0 06 a9 13 a6 ae 95 af a5 04 a8  .i..............
00002430: c8 b9 00 02 a6 53 e0 04 f0 0e c9 9c b0 05 a9 9c  .....S..........
00002440: 4c 43 a4 a9 98 4c 43 a4 c9 ac b0 05 a9 ac 4c 43  LC...LC.......LC
00002450: a4 a9 a8 20 e5 a9 4c 99 af a6 ae b5 af c9 06 f0  ... ..L.........
00002460: 08 c9 08 f0 01 60 4c b0 a4 a5 53 c9 01 f0 05 c9  .....`L...S.....
00002470: 04 f0 12 60 a9 20 85 00 a9 b8 85 01 a6 ae a9 08  ...`. ..........
00002480: 95 af 4c a3 a4 ad 03 02 c9 78 90 05 a0 00 4c 83  ..L......x....L.
00002490: a4 a0 08 84 0c a5 19 29 03 0a 18 65 0c aa bd ce  .......)...e....
000024a0: 83 85 00 bd cf 83 85 01 a6 ae a9 00 95 af a9 a8  ................
000024b0: 4c a5 a4 a9 98 20 e5 a9 20 ee ae 85 04 4c 93 af  L.... .. ....L..
000024c0: 20 ee ae 86 04 20 fd a9 bd 01 02 20 e5 a9 a5 53   .... ..... ...S
000024d0: c9 01 f0 01 60 e6 00 a5 00 c9 2c f0 02 90 27 e6  ....`.....,...'.
000024e0: 01 a5 01 c9 c5 d0 1f a9 00 a6 ae 95 af c6 00 a5  ................
000024f0: 00 c9 68 b0 05 e6 01 4c ec a4 c6 01 c9 60 d0 06  ..h....L.....`..
00002500: a6 ae a9 00 95 af 4c 93 af 85 0c a6 ae b5 e0 c9  ......L.........
00002510: 01 f0 1d c9 06 f0 19 a2 00 a9 18 c5 0c f0 0b e8  ................
00002520: e0 09 f0 09 bd c4 81 4c 0b a5 a9 00 60 a9 01 60  .......L....`..`
00002530: a2 04 bd c4 81 c5 0c f0 08 e8 e0 09 f0 06 4c 22  ..............L"
00002540: a5 a9 00 60 a9 01 60 a6 ae b5 af c9 13 d0 01 60  ...`..`........`
00002550: 20 ee ae 20 fd a9 a6 ae b5 e0 c9 01 f0 03 4c 7e   .. ..........L~
00002560: a5 a5 00 c9 5c f0 07 c9 c4 f0 13 4c af a5 a5 ae  ....\......L....
00002570: 0a aa a9 a6 95 b9 e8 a9 c7 95 b9 4c a8 a5 a5 ae  ...........L....
00002580: 0a aa a9 ab 95 b9 e8 a9 c3 95 b9 4c a8 a5 a5 00  ...........L....
00002590: c9 2c f0 07 c9 6c f0 13 4c af a5 a5 ae 0a aa a9  .,...l..L.......
000025a0: 8d 95 b9 e8 a9 a4 95 b9 4c a8 a5 a5 ae 0a aa a9  ........L.......
000025b0: 8a 95 b9 e8 a9 a7 95 b9 a9 03 a6 ae 95 af 60 a9  ..............`.
000025c0: 00 a6 ae 95 af 60 a5 01 18 69 0b 20 27 9f a4 99  .....`...i. '...
000025d0: a6 ae 95 e0 a5 53 c9 01 d0 03 4c d7 a5 c9 03 d0  .....S....L.....
000025e0: 03 4c 13 a6 4c 4d a6 a5 00 20 f9 a4 d0 16 a6 ae  .L..LM... ......
000025f0: b5 e0 29 01 f0 06 b9 9a 87 4c ef a5 b9 9c 87 18  ..)......L......
00002600: 65 01 85 01 a6 ae b5 e0 c9 01 f0 08 a5 00 d9 e6  e...............
00002610: 83 f0 09 60 a5 00 d9 e8 83 f0 01 60 a9 00 a6 ae  ...`.......`....
00002620: 95 af 60 a6 ae b5 e0 c9 02 d0 0f a5 00 d9 ea 83  ..`.............
00002630: f0 24 d9 ec 83 f0 1f 4c 3e a6 c0 01 d0 04 c9 04  .$.....L>.......
00002640: f0 0d a5 00 d9 ee 83 f0 0d d9 f0 83 f0 08 60 a5  ..............`.
00002650: 00 c9 db f0 01 60 a6 ae a9 00 95 af 60 a6 ae b5  .....`......`...
00002660: e0 a8 88 a6 99 bd f2 83 c0 00 f0 11 e0 00 f0 06  ................
00002670: 18 69 08 4c 69 a6 38 e9 08 88 4c 58 a6 c5 00 f0  .i.Li.8...LX....
00002680: 09 a5 99 0a 20 81 a6 f0 01 60 a6 ae a9 00 95 af  .... ....`......
00002690: 60 85 09 20 ee ae bd 03 02 85 0a a6 ae b5 e0 38  `.. ...........8
000026a0: e9 02 0a aa b5 c1 f0 09 a4 09 b9 de 83 c5 0a f0  ................
000026b0: 0d b5 c2 f0 0c a4 09 b9 df 83 c5 0a d0 03 a9 00  ................
000026c0: 60 a9 01 60 a6 ae b5 db f0 05 a6 ae b5 af 60 a5  `..`..........`.
000026d0: 53 38 e9 02 0a a8 b9 9b 84 85 07 b9 9c 84 85 08  S8..............
000026e0: a6 ae b4 e0 f0 2d 88 b1 07 85 09 c8 b1 07 85 0a  .....-..........
000026f0: a5 53 38 e9 02 0a a8 b9 a1 84 85 07 b9 a2 84 85  .S8.............
00002700: 08 a4 09 c4 0a f0 0c b1 07 c5 00 f0 0d c8 c8 c8  ................
00002710: 4c f3 a6 a9 00 a6 ae 95 af 60 c8 b1 07 a6 ae 95  L........`......
00002720: db c8 b1 07 95 af 60 a6 ae f6 e4 b5 e4 30 07 c9  ......`......0..
00002730: 10 b0 03 4c 2a a7 a9 00 95 e4 c9 08 b0 09 aa bd  ...L*...........
00002740: bc 81 25 0a 4c 40 a7 38 e9 08 aa bd bc 81 25 0b  ..%.L@.8......%.
00002750: f0 02 a9 01 60 20 08 aa bd 5c 84 85 0a bd 61 84  ....` ...\....a.
00002760: 85 0b a9 00 85 5d 20 f9 9e d0 01 60 a9 00 85 d2  .....] ....`....
00002770: a5 d2 c9 03 b0 54 aa d0 12 a5 da c9 01 d0 0c ce  .....T..........
00002780: 00 02 ce 04 02 ce 08 02 ce 0c 02 bc cc 82 b9 00  ................
00002790: 02 c9 ff f0 30 98 aa de 00 02 de 04 02 bd 00 02  ....0...........
000027a0: c9 50 d0 06 20 79 a8 4c a1 a7 c9 c8 d0 03 20 82  .P.. y.L...... .
000027b0: a8 b9 00 02 c9 70 d0 04 a9 01 85 d8 b9 00 02 c9  .....p..........
000027c0: 48 f0 5f 90 5d e6 d2 4c 60 a7 c9 06 f0 61 aa c9  H._.]..L`....a..
000027d0: 03 d0 12 a5 da c9 02 d0 0c ee 00 02 ee 04 02 ee  ................
000027e0: 08 02 ee 0c 02 bc cc 82 b9 00 02 c9 ff f0 2e 98  ................
000027f0: aa fe 00 02 fe 04 02 bd 00 02 c9 50 d0 06 20 82  ...........P.. .
00002800: a8 4c fb a7 c9 c8 d0 03 20 79 a8 b9 00 02 c9 a8  .L...... y......
00002810: d0 07 a9 01 85 d9 b9 00 02 c9 d0 b0 05 e6 d2 4c  ...............L
00002820: 60 a7 a9 ff 99 00 02 99 04 02 e6 d2 4c 60 a7 a5  `...........L`..
00002830: d8 c9 01 d0 27 a9 00 85 d2 a5 d2 c9 03 f0 49 aa  ....'.........I.
00002840: bc cc 82 b9 00 02 c9 ff f0 05 e6 d2 4c 29 a8 a9  ............L)..
00002850: d0 20 8b a8 20 79 a8 a9 00 85 d8 60 a5 d9 c9 01  . .. y.....`....
00002860: d0 26 a9 03 85 d2 a5 d2 c9 06 f0 1c aa bc cc 82  .&..............
00002870: b9 00 02 c9 ff f0 05 e6 d2 4c 56 a8 a9 48 20 8b  .........LV..H .
00002880: a8 20 79 a8 a9 00 85 d9 60 a9 23 99 02 02 99 06  . y.....`.#.....
00002890: 02 60 a9 03 99 02 02 99 06 02 60 99 00 02 99 04  .`........`.....
000028a0: 02 60 a9 00 8d 45 04 ad 45 04 20 e8 ae 8a 18 69  .`...E..E. ....i
000028b0: 30 aa 86 04 20 fd a9 c9 ff f0 56 ae 45 04 bd 46  0... .....V.E..F
000028c0: 04 18 69 b0 c5 00 90 0d a5 01 c9 26 b0 11 a9 c0  ..i........&....
000028d0: 85 02 4c eb a8 20 12 a9 c9 ff f0 38 4c fb a8 a9  ..L.. .....8L...
000028e0: c4 85 02 a5 01 c9 2e 90 12 a9 02 85 fe a9 2e 85  ................
000028f0: 01 ad 45 04 0a aa a9 00 9d 2e 04 a5 00 18 69 02  ..E...........i.
00002900: 85 00 ad 45 04 18 69 01 20 83 ae 20 ec a9 4c 04  ...E..i. .. ..L.
00002910: a9 20 45 a9 ee 45 04 ad 45 04 c9 03 f0 03 4c 97  . E..E..E.....L.
00002920: a8 60 a5 01 e6 01 e6 01 e6 01 c9 26 d0 04 a2 01  .`.........&....
00002930: 86 fe c9 50 90 15 c9 90 90 16 c9 c0 90 0d c9 d8  ...P............
00002940: 90 0e 20 e2 a9 20 a5 af a9 ff 60 a9 c4 85 02 60  .. .. ....`....`
00002950: a9 c0 85 02 60 a5 36 d0 26 a5 19 29 03 aa bd ff  ....`.6.&..)....
00002960: 81 18 69 10 ae 45 04 9d 46 04 85 00 a9 30 85 01  ..i..E..F....0..
00002970: a9 c4 85 02 20 ec a9 20 08 aa bd 57 84 85 36 60  .... .. ...W..6`
00002980: a5 39 f0 01 60 a9 08 85 0a a9 00 85 0b 20 b2 a9  .9..`........ ..
00002990: d0 01 60 a9 50 85 00 a9 20 85 01 ad f1 02 c9 db  ..`.P... .......
000029a0: f0 07 e6 b7 a9 db 4c 9b a9 a9 d7 20 e5 a9 a9 f0  ......L.... ....
000029b0: 20 91 af a5 b7 c9 04 d0 08 a9 00 85 b7 a9 bb 85   ...............
000029c0: 39 60 e6 b8 a5 b8 30 07 c9 10 b0 03 4c c3 a9 a9  9`....0.....L...
000029d0: 00 85 b8 c9 08 b0 09 aa bd bc 81 25 0a 4c d9 a9  ...........%.L..
000029e0: 38 e9 08 aa bd bc 81 25 0b f0 02 a9 01 60 a9 00  8......%.....`..
000029f0: 85 04 4c e7 a9 85 02 a9 22 85 03 60 20 e2 a9 4c  ..L....."..` ..L
00002a00: 93 af ad 03 02 85 00 ad 00 02 85 01 60 bd 03 02  ............`...
00002a10: 85 00 bd 00 02 85 01 60 a5 50 29 01 18 65 54 aa  .......`.P)..eT.
00002a20: e0 04 90 02 a2 04 60 ad 03 05 d0 01 60 ad 05 05  ......`.....`...
00002a30: 29 0f 8d 05 05 a5 53 aa a8 ca bd 08 86 85 00 a9  ).....S.........
00002a40: 20 85 01 98 c9 02 30 2d a5 44 f0 24 c9 13 d0 03   .....0-.D.$....
00002a50: 4c 96 aa c9 0f d0 03 4c 9f aa c9 0b d0 03 4c 96  L......L......L.
00002a60: aa c9 08 d0 03 4c 9f aa c9 04 d0 03 20 b7 aa 60  .....L...... ..`
00002a70: a9 25 85 44 60 a5 36 c9 18 f0 1a c9 00 f0 1d ad  .%.D`.6.........
00002a80: 15 05 f0 0c 20 b2 aa a9 00 8d 15 05 a9 1a 85 44  .... ..........D
00002a90: a5 44 4c 3c aa a9 30 85 44 4c ad aa a9 1a 85 44  .DL<..0.DL.....D
00002aa0: 20 a8 aa 4c 3c aa a9 80 85 fe a9 40 4c b9 aa a9   ..L<......@L...
00002ab0: 80 85 fe a9 42 4c b9 aa a9 44 4c b9 aa a9 3e 4c  ....BL...DL...>L
00002ac0: b9 aa a9 00 4c b9 aa a9 02 20 ac 87 c6 44 ad 05  ....L.... ...D..
00002ad0: 05 09 10 8d 05 05 60 a5 45 f0 01 60 a5 2e d0 05  ......`.E..`....
00002ae0: a9 ff 85 96 60 a9 0b 85 45 a9 01 85 00 a9 0a 85  ....`...E.......
00002af0: 01 20 a8 b1 a9 02 85 00 4c fd b0 ad 0b 05 d0 0e  . ......L.......
00002b00: a9 01 8d 0b 05 a9 00 8d 0e 05 8d 0c 05 60 ad 0c  .............`..
00002b10: 05 f0 24 ad 0d 05 c9 05 d0 11 a5 96 c9 0a d0 04  ..$.............
00002b20: a9 00 f0 07 a9 04 85 96 4c 23 ab 85 56 29 03 f0  ........L#..V)..
00002b30: 02 85 57 ce 0c 05 60 ae 0e 05 bd 28 80 8d 0c 05  ..W...`....(....
00002b40: bd 14 80 8d 0d 05 ee 0e 05 60 20 f2 a9 a9 4c 20  .........` ...L 
00002b50: f9 ae a5 53 c9 03 f0 04 c9 01 d0 03 20 55 ab 20  ...S........ U. 
00002b60: 9b ac 4c d6 ac a9 00 85 5d a9 3a 20 de 87 20 e6  ..L.....].: .. .
00002b70: ae a5 53 c9 01 f0 05 8a 18 69 30 aa 20 fd a9 20  ..S......i0. .. 
00002b80: 00 af d0 44 a5 96 c9 04 d0 2e a5 56 29 03 d0 07  ...D.......V)...
00002b90: a5 9c f0 0d 4c a8 ab a5 9c c9 03 b0 1b a5 9e d0  ....L...........
00002ba0: 17 a5 9d c9 18 b0 11 a5 00 85 05 a5 01 85 06 a2  ................
00002bb0: 00 20 e5 8e a9 20 85 fd e6 5d a5 53 4a aa a5 5d  . ... ...].SJ..]
00002bc0: dd fd 81 f0 0b 4c 59 ab 20 62 ae a9 ff 85 96 60  .....LY. b.....`
00002bd0: a5 53 c9 03 f0 09 a5 96 c9 0a d0 03 4c d0 ab 60  .S..........L..`
00002be0: a5 a0 d0 03 4c 98 ac a5 9f 4a 4a f0 05 a9 00 4c  ....L....JJ....L
00002bf0: e4 ab a9 01 f0 13 a9 04 18 6d 03 02 85 00 ad 00  .........m......
00002c00: 02 38 e9 10 85 01 4c 18 ac a5 57 c9 01 f0 09 ad  .8....L...W.....
00002c10: 03 02 38 e9 10 4c 0e ac ad 03 02 18 69 10 85 00  ..8..L......i...
00002c20: ad 00 02 18 69 06 85 01 a9 3c 20 f9 ae a5 53 c9  ....i....< ...S.
00002c30: 01 d0 22 a9 00 85 5d 20 e6 ae 20 fd a9 a9 3a 20  .."...] .. ...: 
00002c40: de 87 20 00 af d0 31 a5 5d 18 69 01 85 5d c9 09  .. ...1.].i..]..
00002c50: f0 54 4c 27 ac a9 00 85 ae 20 ee ae 20 fd a9 a9  .TL'..... .. ...
00002c60: 3a 20 de 87 20 00 af d0 0f e6 ae a5 ae a6 53 ca  : .. .........S.
00002c70: dd f6 81 f0 31 4c 49 ac a9 02 85 ff a5 00 85 05  ....1LI.........
00002c80: a5 01 85 06 a5 53 c9 01 d0 0b a9 00 a6 5d 95 68  .....S.......].h
00002c90: a9 01 4c 98 ac a9 10 85 40 a9 00 a6 ae 95 e0 95  ..L.....@.......
00002ca0: db a9 01 4c 98 ac a9 00 85 bf 60 a9 00 85 ae a9  ...L......`.....
00002cb0: 3a 20 de 87 20 ee ae 20 fd a9 20 00 af d0 0f e6  : .. .. .. .....
00002cc0: ae a5 ae a6 53 ca dd f6 81 f0 0b 4c a4 ac 20 62  ....S......L.. b
00002cd0: ae a9 ff 85 96 60 a5 96 c9 0a d0 09 a5 53 c9 01  .....`.......S..
00002ce0: f0 03 20 d0 ab 60 a5 53 c9 03 d0 07 a4 96 c0 01  .. ..`.S........
00002cf0: f0 01 60 38 e9 01 0a aa bd 2b 84 85 02 bd 2c 84  ..`8.....+....,.
00002d00: 85 03 bd 23 84 85 00 bd 24 84 85 01 20 00 af d0  ...#....$... ...
00002d10: 17 a5 53 c9 03 d0 15 a5 01 c9 c9 f0 0f a9 70 85  ..S...........p.
00002d20: 00 a9 c9 85 01 4c fc ac a9 ff 85 96 60 a9 80 85  .....L......`...
00002d30: 0a a9 80 85 0b 20 f5 9e d0 01 60 a5 53 c9 01 d0  ..... ....`.S...
00002d40: 06 20 e6 ae 4c 3a ad 20 ee ae 86 04 20 fd a9 a5  . ..L:. .... ...
00002d50: bf c9 01 d0 04 a0 02 84 ff c9 0b f0 15 a6 bf ca  ................
00002d60: bd ec 81 85 02 20 ec a9 a6 04 a9 02 20 7d ad e6  ..... ...... }..
00002d70: bf 60 a5 53 c9 01 d0 05 a9 03 20 7d ad 20 e2 a9  .`.S...... }. ..
00002d80: 20 a5 af a2 02 20 e5 8e a9 00 85 bf 60 9d 02 02   .... ......`...
00002d90: 9d 06 02 9d 0a 02 9d 0e 02 60 a4 53 c0 01 d0 01  .........`.S....
00002da0: 60 a5 be f0 54 c0 04 d0 68 a0 00 ae ff 85 bd c2  `...T...h.......
00002db0: 85 cd 03 02 d0 52 bd ae 85 cd 00 02 90 4a 38 e9  .....R.......J8.
00002dc0: 11 cd 00 02 b0 42 b9 c1 00 c9 00 d0 2d a5 96 c9  .....B......-...
00002dd0: 08 f0 26 c9 ff f0 22 a9 11 85 cc a9 01 99 c1 00  ..&...".........
00002de0: 20 49 ae ad 00 02 18 69 10 85 06 ad 03 02 85 05   I.....i........
00002df0: a2 00 20 e5 8e a9 20 85 fd 60 a5 96 c9 04 f0 07  .. ... ..`......
00002e00: 20 62 ae a9 08 85 96 60 c0 07 f0 05 e8 c8 4c 9e   b.....`......L.
00002e10: ad a4 53 be fa 85 a0 00 bd ae 85 cd 00 02 d0 30  ..S............0
00002e20: bd c2 85 cd 03 02 d0 28 b9 c9 00 d0 23 a9 22 85  .......(....#.".
00002e30: cc a9 01 99 c9 00 20 49 ae ad 00 02 38 e9 08 85  ...... I....8...
00002e40: 06 ad 03 02 85 05 a2 03 20 e5 8e a9 20 85 fd 60  ........ ... ..`
00002e50: c0 02 f0 fb e8 c8 4c 08 ae a9 24 85 cd 85 ce 85  ......L...$.....
00002e60: cf 85 d0 bd d6 85 85 01 bd e9 85 85 00 a9 48 4c  ..............HL
00002e70: ac 87 a5 96 c9 0a d0 1a a5 a0 f0 16 38 e9 01 aa  ............8...
00002e80: a9 00 9d 51 04 8a 0a 0a 0a aa a9 ff 9d d0 02 9d  ...Q............
00002e90: d4 02 60 86 0f 0a aa bd 2c 04 d0 19 9d 36 04 e0  ..`.....,....6..
00002ea0: 00 d0 05 a9 08 4c 9a ae a9 80 9d 35 04 a9 f0 9d  .....L.....5....
00002eb0: 2d 04 4c be ae bd 35 04 e0 00 d0 05 69 10 4c b3  -.L...5.....i.L.
00002ec0: ae 69 30 9d 35 04 bd 36 04 69 00 9d 36 04 bd 2d  .i0.5..6.i..6..-
00002ed0: 04 38 fd 3d 04 9d 2d 04 a5 01 fd 3e 04 85 01 18  .8.=..-....>....
00002ee0: bd 2d 04 7d 35 04 9d 2d 04 a5 01 7d 36 04 85 01  .-.}5..-...}6...
00002ef0: fe 2c 04 a6 0f 60 a5 5d 18 69 03 4c f3 ae a5 ae  .,...`.].i.L....
00002f00: 18 69 01 0a 0a 0a 0a aa 60 20 de 87 a9 00 f0 06  .i......` ......
00002f10: a9 01 d0 02 a9 02 85 0c 8a 48 98 48 a0 00 a5 0c  .........H.H....
00002f20: d0 17 20 74 af 85 46 20 7a af 85 47 20 73 af 85  .. t..F z..G s..
00002f30: 48 20 7a af 85 49 4c 6a af 20 74 af 85 4a 20 7a  H z..ILj. t..J z
00002f40: af 85 4b 20 73 af 85 4c 20 7a af 85 4d a5 4a 38  ..K s..L z..M.J8
00002f50: e5 46 85 9c a5 4b 38 e5 47 85 9d a5 49 c5 4b 90  .F...K8.G...I.K.
00002f60: 17 a5 4d c5 47 90 11 a5 4c c5 46 90 0b a5 48 c5  ..M.G...L.F...H.
00002f70: 4a 90 05 a9 01 4c 6a af a9 00 85 0c 68 a8 68 aa  J....Lj.....h.h.
00002f80: a5 0c 60 c8 b1 02 18 65 00 60 c8 b1 02 18 65 01  ..`....e.`....e.
00002f90: 60 85 02 20 f2 a9 20 de a9 a5 57 29 03 4a 4c a7  `.. .. ...W).JL.
00002fa0: af 85 04 a9 00 f0 10 85 04 a9 01 d0 0a 85 04 a9  ................
00002fb0: 04 d0 04 85 03 a9 0f 48 85 0f 8a 48 98 48 a5 00  .......H...H.H..
00002fc0: 48 a5 05 48 a5 06 48 a5 07 48 a5 08 48 a5 09 48  H..H..H..H..H..H
00002fd0: a9 02 85 05 a5 0f c9 04 f0 36 a9 0f 25 03 85 07  .........6..%...
00002fe0: a5 03 4a 4a 4a 4a 85 06 aa a9 00 18 65 07 ca d0  ..JJJJ......e...
00002ff0: fb 85 08 a5 0f d0 06 20 2f b0 4c fa af c9 01 f0  ....... /.L.....
00003000: 06 20 a6 b0 4c 03 b0 20 72 b0 20 4a b0 4c 03 b0  . ..L.. r. J.L..
00003010: 20 1b b0 68 85 09 68 85 08 68 85 07 68 85 06 68   ..h..h..h..h..h
00003020: 85 05 68 85 00 68 a8 68 aa 68 60 a6 03 a0 00 a9  ..h..h.h.h`.....
00003030: ff 91 04 c8 c8 a5 02 91 04 c8 c8 ca d0 f1 60 a5  ..............`.
00003040: 02 a6 08 a0 01 91 04 18 69 01 c8 48 b1 04 29 3f  ........i..H..)?
00003050: 91 04 68 c8 c8 c8 ca d0 ec 60 a0 00 a6 06 a5 01  ..h......`......
00003060: 85 09 a5 09 91 04 18 69 08 85 09 c8 c8 c8 a5 00  .......i........
00003070: 91 04 c8 ca d0 ec a5 00 18 69 08 85 00 c6 07 d0  .........i......
00003080: db 60 a0 01 84 0a a5 08 38 e5 06 a8 85 0b a6 06  .`......8.......
00003090: 98 48 18 98 65 02 a4 0a 91 04 c8 b1 04 29 3f 49  .H..e........)?I
000030a0: 40 91 04 c8 c8 c8 84 0a 68 a8 c8 ca d0 e2 a5 0b  @.......h.......
000030b0: 38 e5 06 10 d6 60 a0 00 a6 06 a5 01 85 09 a9 ff  8....`..........
000030c0: 91 04 c8 c8 c8 c8 ca d0 f7 a5 00 18 69 08 85 00  ............i...
000030d0: c6 07 d0 e4 60 ad 02 20 a5 10 29 fb 8d 00 20 a9  ....`.. ..)... .
000030e0: 20 8d 06 20 a9 00 8d 06 20 a2 04 a0 00 a9 24 8d   .. .... .....$.
000030f0: 07 20 88 d0 fa ca d0 f7 a9 23 8d 06 20 a9 c0 8d  . .......#.. ...
00003100: 06 20 a0 40 a9 00 8d 07 20 88 d0 fa 60 a9 04 46  . .@.... ...`..F
00003110: 00 90 05 48 20 0e b1 68 18 e9 00 10 f2 60 0a 0a  ...H ..h.....`..
00003120: a8 85 01 ae 30 03 b9 00 80 9d 31 03 20 97 b1 c8  ....0.....1. ...
00003130: b9 00 80 9d 31 03 20 97 b1 c8 b9 00 80 29 87 9d  ....1. ......)..
00003140: 31 03 29 07 85 02 8a 38 65 02 20 99 b1 aa 8e 30  1.)....8e. ....0
00003150: 03 a9 00 9d 31 03 c8 b9 00 80 85 03 ca 18 b9 20  ....1.......... 
00003160: 00 29 0f f0 01 18 90 02 a9 24 9d 31 03 ca c6 02  .).......$.1....
00003170: f0 22 b9 20 00 29 f0 08 4a 4a 4a 4a 28 f0 01 18  .". .)..JJJJ(...
00003180: 90 02 a9 24 9d 31 03 a5 03 29 01 f0 01 38 88 ca  ...$.1...)...8..
00003190: c6 02 d0 ca a5 03 29 10 f0 0c e8 a4 01 18 b9 20  ......)........ 
000031a0: 00 69 37 9d 31 03 60 e8 8a c9 3f 90 0a ae 30 03  .i7.1.`...?...0.
000031b0: a9 00 9d 31 03 68 68 60 a2 ff d0 02 a2 00 86 04  ...1.hh`........
000031c0: a2 00 86 05 86 06 86 07 a5 01 29 08 d0 01 e8 a5  ..........).....
000031d0: 00 95 06 a5 01 4c c8 b1 29 07 0a 0a aa a5 04 f0  .....L..).......
000031e0: 27 b5 24 f0 27 18 b5 27 85 03 a5 07 20 4d b2 95  '.$.'..'.... M..
000031f0: 27 b5 26 85 03 a5 06 20 4d b2 95 26 b5 25 85 03  '.&.... M..&.%..
00003200: a5 05 20 4d b2 95 25 60 b5 24 f0 d9 38 b5 27 85  .. M..%`.$..8.'.
00003210: 03 a5 07 20 6e b2 95 27 b5 26 85 03 a5 06 20 6e  ... n..'.&.... n
00003220: b2 95 26 b5 25 85 03 a5 05 20 6e b2 95 25 b5 25  ..&.%.... n..%.%
00003230: d0 08 b5 26 d0 04 b5 27 f0 06 b0 20 b5 24 49 ff  ...&...'... .$I.
00003240: 95 24 38 a9 00 85 03 b5 27 20 6e b2 95 27 b5 26  .$8.....' n..'.&
00003250: 20 6e b2 95 26 b5 25 20 6e b2 95 25 60 20 90 b2   n..&.% n..%` ..
00003260: 65 01 c9 0a 90 02 69 05 18 65 02 85 02 a5 03 29  e.....i..e.....)
00003270: f0 65 02 90 04 69 5f 38 60 c9 a0 b0 f8 60 20 90  .e...i_8`....` .
00003280: b2 e5 01 85 01 b0 0a 69 0a 85 01 a5 02 69 0f 85  .......i.....i..
00003290: 02 a5 03 29 f0 38 e5 02 b0 03 69 a0 18 05 01 60  ...).8....i....`
000032a0: 48 29 0f 85 01 68 29 f0 85 02 a5 03 29 0f 60 a9  H)...h).....).`.
000032b0: 00 85 04 18 a5 00 69 10 29 f0 4a 4a a8 a5 00 29  ......i.).JJ...)
000032c0: 07 0a 0a aa b9 20 00 f0 51 b5 24 f0 26 38 b9 23  ..... ..Q.$.&8.#
000032d0: 00 85 03 b5 27 20 6e b2 b9 22 00 85 03 b5 26 20  ....' n.."....& 
000032e0: 6e b2 b9 21 00 85 03 b5 25 20 6e b2 b0 30 b9 20  n..!....% n..0. 
000032f0: 00 d0 30 a9 ff 85 04 38 98 d0 1e 90 10 b5 24 85  ..0....8......$.
00003300: 20 b5 25 85 21 b5 26 85 22 b5 27 85 23 a5 00 29   .%.!.&.".'.#..)
00003310: 08 f0 06 ca ca ca ca 10 ab 60 b5 24 f0 af b9 20  .........`.$... 
00003320: 00 d0 d0 18 90 d2 a2 09 c6 34 10 06 a9 0a 85 34  .........4.....4
00003330: a2 10 b5 35 f0 02 d6 35 ca 10 f7 60 ae 30 03 a5  ...5...5...`.0..
00003340: 01 9d 31 03 20 97 b1 a5 00 9d 31 03 20 97 b1 a9  ..1. .....1. ...
00003350: 01 9d 31 03 20 97 b1 98 9d 31 03 20 97 b1 a9 00  ..1. ....1. ....
00003360: 9d 31 03 8e 30 03 60 3f 00 20 0f 15 2c 12 0f 27  .1..0.`?. ..,..'
00003370: 02 17 0f 30 36 06 0f 30 2c 24 0f 02 36 16 0f 30  ...06..0,$..6..0
00003380: 27 24 0f 16 30 37 0f 06 27 02 23 c0 48 ff 23 c8  '$..07..'.#.H.#.
00003390: 03 55 aa 22 23 cd 43 0f 20 2c c7 3f 20 81 84 50  .U."#.C. ,.? ..P
000033a0: 51 52 53 20 82 84 54 55 56 57 20 83 84 58 59 5a  QRS ..TUVW ..XYZ
000033b0: 5b 20 2a c7 3f 20 ad 46 30 20 ca 43 30 20 d2 c2  [ *.? .F0 .C0 ..
000033c0: 3f 21 02 4e 30 21 10 0c 3e 3e 45 3d 3d 3d 3c 3c  ?!.N0!..>>E===<<
000033d0: 3c 3b 3b 3b 21 2d 0f 3f 24 24 37 37 37 36 36 36  <;;;!-.?$$777666
000033e0: 35 35 35 49 34 34 21 59 01 3f 21 6d 11 40 38 38  555I44!Y.?!m.@88
000033f0: 39 39 39 3a 3a 3a 3b 3b 3b 43 3c 3c 3d 3d 21 84  999:::;;;C<<==!.
00003400: 1a 3d 3d 3d 3e 3e 3e 30 30 30 31 31 31 32 32 32  .===>>>000111222
00003410: 33 33 33 34 49 34 35 35 35 36 36 21 a4 06 36 36  3334I455566!..66
00003420: 4b 37 37 37 21 c6 01 3f 21 e2 17 30 30 3e 3e 45  K777!..?!..00>>E
00003430: 3d 3d 3d 3c 43 3c 3b 3b 3b 3a 3a 3a 39 39 39 38  ===<C<;;;:::9998
00003440: 40 38 21 ab c2 3f 22 04 18 37 37 37 36 36 36 4a  @8!..?"..777666J
00003450: 35 35 34 34 34 48 33 33 32 32 32 31 31 31 30 30  55444H3322211100
00003460: 30 22 30 c2 3f 22 39 01 3f 22 4a 01 3f 22 59 05  0"0.?"9.?"J.?"Y.
00003470: 40 38 38 39 39 22 64 1a 39 39 39 3a 3a 3a 42 3b  @8899"d.999:::B;
00003480: 3b 3c 3c 3c 44 3d 3d 3e 3e 3e 30 30 30 31 31 31  ;<<<D==>>>000111
00003490: 32 32 22 84 12 32 32 47 33 33 33 34 34 34 35 4a  22"..22G3334445J
000034a0: 35 36 36 36 37 37 37 22 a6 01 3f 22 ae c2 3f 22  5666777"..?"..?"
000034b0: c2 0b 3b 3b 3a 3a 41 39 39 39 38 38 38 22 e2 1a  ..;;::A999888"..
000034c0: 34 34 33 33 33 32 32 32 31 31 46 30 30 30 3e 3e  4433322211F000>>
000034d0: 3e 3d 3d 3d 3c 3c 3c 3b 3b 3b 23 0c 10 3f 24 24  >===<<<;;;#..?$$
000034e0: 24 37 37 37 36 36 36 35 35 35 49 34 34 23 39 01  $777666555I44#9.
000034f0: 3f 23 4c 13 3f 24 24 24 38 38 38 39 39 39 3a 3a  ?#L.?$$$888999::
00003500: 3a 42 3b 3b 3c 3c 3c 23 61 4f 30 23 70 0f 31 31  :B;;<<<#aO0#p.11
00003510: 31 32 32 32 33 33 33 34 34 34 35 35 35 23 24 82  1222333444555#$.
00003520: 4c 4d 23 25 82 4e 4f 00 3f 00 08 0f 2c 27 02 0f  LM#%.NO.?...,'..
00003530: 30 12 24 3f 1d 03 06 30 12 23 c0 48 ff 23 c9 07  0.$?...0.#.H.#..
00003540: 55 00 aa aa 0f 0f 0f 23 e2 05 04 00 00 00 01 20  U......#....... 
00003550: c5 02 70 72 20 e5 02 71 73 20 ca 42 62 21 05 56  ..pr ..qs .Bb!.V
00003560: 62 21 a4 58 62 22 43 5a 62 22 e2 5c 62 23 61 5e  b!.Xb"CZb".\b#a^
00003570: 62 21 08 01 63 21 17 01 63 21 a8 01 63 21 b7 01  b!..c!..c!..c!..
00003580: 63 22 48 01 63 22 57 01 63 22 e8 01 63 22 f7 01  c"H.c"W.c"..c"..
00003590: 63 21 25 c4 3f 21 29 c4 3f 21 36 c4 3f 21 3a c4  c!%.?!).?!6.?!:.
000035a0: 3f 21 c4 c4 3f 21 d0 c4 3f 21 db c4 3f 22 63 c4  ?!..?!..?!..?"c.
000035b0: 3f 22 6c c4 3f 22 73 c4 3f 22 7c c4 3f 23 02 c3  ?"l.?"s.?"|.?#..
000035c0: 3f 23 0f c3 3f 23 1d c3 3f 22 0a 82 6e 6f 22 18  ?#..?#..?"..no".
000035d0: 82 70 71 22 19 82 72 73 00 3f 00 08 0f 15 2c 06  .pq"..rs.?....,.
000035e0: 0f 30 27 16 3f 1d 03 12 37 15 23 c0 48 ff 23 c9  .0'.?...7.#.H.#.
000035f0: 02 aa 22 23 cd 43 0f 23 d1 82 84 48 23 d7 05 03  .."#.C.#...H#...
00003600: 0c 88 00 88 23 e1 03 88 00 88 23 e9 03 88 00 88  ....#.....#.....
00003610: 23 d3 82 84 48 20 2c c7 3f 20 2a c7 3f 20 ca 43  #...H ,.? *.? .C
00003620: 30 20 ad 46 30 20 d2 c2 3f 21 02 55 30 21 06 02  0 .F0 ..?!.U0!..
00003630: 5e 5f 21 26 02 5c 5d 21 0e 02 5e 5f 21 2e 02 5c  ^_!&.\]!..^_!..\
00003640: 5d 23 61 5e 30 23 46 02 5c 5d 23 66 02 60 61 23  ]#a^0#F.\]#f.`a#
00003650: 4e 02 5c 5d 23 6e 02 60 61 21 46 d0 74 21 47 d0  N.\]#n.`a!F.t!G.
00003660: 75 21 5c 42 30 21 79 42 30 21 96 42 30 21 b2 43  u!\B0!yB0!.B0!.C
00003670: 30 21 c2 43 30 21 c9 44 30 21 f9 45 30 22 33 42  0!.C0!.D0!.E0"3B
00003680: 30 22 56 42 30 22 79 42 30 22 9c 42 30 22 82 43  0"VB0"yB0".B0".C
00003690: 30 22 ca 43 30 22 db 43 30 22 f8 42 30 23 15 42  0".C0".C0".B0#.B
000036a0: 30 23 22 43 30 23 31 43 30 21 36 c3 3f 21 7c c4  0#"C0#1C0!6.?!|.
000036b0: 3f 21 d3 c3 3f 21 e4 c5 3f 21 ea c7 3f 21 ec c7  ?!..?!..?!..?!..
000036c0: 3f 22 19 c3 3f 22 a3 c4 3f 22 bc 01 3f 21 82 82  ?"..?"..?"..?!..
000036d0: 70 71 21 83 82 72 73 21 1d 82 6e 6f 21 4e d0 74  pq!..rs!..no!N.t
000036e0: 21 4f d0 75 00 20 63 01 ff 20 6d 03 d0 d1 d2 20  !O.u. c.. m.... 
000036f0: 76 02 fe ff 20 94 0a 25 16 2a 26 27 28 29 2a 15  v... ..%.*&'()*.
00003700: 2d 20 b4 0a 2b 24 2c 24 24 24 24 2c 24 2f 00 17  - ..+$,$$$$,$/..
00003710: e6 13 e6 0a e7 23 e5 8e e4 20 6e 06 00 20 64 06  .....#... n.. d.
00003720: 00 20 77 06 00 20 b7 04 00 20 b5 01 00 50 60 70  . w.. ... ...P`p
00003730: 80 80 07 07 b8 b7 03 02 ee b7 09 08 00 b8 02 33  ...............3
00003740: 40 80 90 90 a0 10 02 33 40 80 00 90 a0 10 02 33  @......3@......3
00003750: 40 80 90 a0 a4 10 02 33 40 80 00 a0 a4 10 03 33  @......3@......3
00003760: 40 80 90 90 a0 10 02 33 40 80 00 a0 a8 10 03 50  @......3@......P
00003770: 50 90 a0 a0 a0 10 03 40 43 90 00 a0 a0 10 04 60  P......@C......`
00003780: 60 b0 b0 b0 b0 10 04 5c 4e ac 00 b0 b0 10 04 70  `......\N......p
00003790: 70 d0 c0 c0 c0 10 04 80 59 d8 00 c0 c0 10 ff 60  p.......Y......`
000037a0: d0 b0 a0 b0 c0 70 d8 b0 a0 b0 a0 80 e0 b0 a0 b0  .....p..........
000037b0: 90 90 e8 c0 a0 b0 80 a8 f4 d0 a0 b0 70 c0 fc e0  ............p...
000037c0: a0 b0 01 00 02 01 01 00 02 80 e0 00 02 01 00 03  ................
000037d0: 80 e0 00 02 01 00 03 80 e0 01 00 02 01 03 70 e4  ..............p.
000037e0: 02 01 00 02 04 64 e8 00 01 02 01 04 54 f0 01 02  .....d......T...
000037f0: 01 00 04 c0 04 e0 04 ff 04 ff 05 ff 05 ff 02 ff  ................
00003800: d0 02 d0 e0 03 b0 ff 04 90 ff 04 8c ff 05 88 ff  ................
00003810: 02 80 f8 02 01 00 01 02 01 03 80 f8 01 02 01 00  ................
00003820: 01 02 04 80 f8 02 01 00 01 02 01 04 80 f8 02 00  ................
00003830: 01 02 01 00 05 80 f8 01 00 01 02 01 00 06 80 f8  ................
00003840: 01 02 03 00 03 02 84 7c 68 88 80 6c 8c 00 70 50  .......|h..l..pP
00003850: 5b 30 2f 35 28 31 36 29 10 04 10 a7 00 dd 2d 00  [0/5(16)......-.
00003860: 26 30 00 28 08 c7 08 b7 08 c7 1b c7 70 c7 38 8f  &0.(........p.8.
00003870: 58 12 c0 a0 3f 58 12 c8 cd 7f 58 12 d0 30 37 58  X...?X....X..07X
00003880: 12 d8 a0 37 58 12 c0 90 37 58 12 c8 b0 36 74 22  ...7X...7X...6t"
00003890: 40 41 66 74 22 50 78 8e 74 22 60 50 b6 74 22 70  @Aft"Px.t"`P.t"p
000038a0: 78 a0 74 22 80 60 66 7c 22 a0 b0 b6 7c 22 b0 80  x.t".`f|"...|"..
000038b0: 36 7c 22 c0 60 8e 7c 22 d0 40 cf 94 22 c0 3f 8b  6|".`.|".@..".?.
000038c0: b2 21 90 70 8b b2 21 98 70 b0 b0 12 a0 88 cf b0  .!.p..!.p.......
000038d0: 12 b0 98 cf b0 12 b8 00 08 c0 03 08 e0 ff 03 10  ................
000038e0: 40 03 01 0c 02 08 a0 02 04 90 03 04 c0 ff 02 18  @...............
000038f0: 40 03 18 a0 ff 02 18 40 00 0a c0 ff 01 1c 30 02  @......@......0.
00003900: 04 a0 ff 14 0f 01 36 05 48 bf c1 78 31 2f a0 c0  ......6.H..x1/..
00003910: c1 c8 30 31 a0 c0 c1 c8 30 31 b4 94 5c 3b 30 b9  ..01....01..\;0.
00003920: 35 b9 3a b9 64 b9 6d b9 76 b9 7f b9 76 b9 7f b9  5.:.d.m.v...v...
00003930: 3f b9 3f b9 3f b9 3f b9 88 b9 95 b9 a2 b9 af b9  ?.?.?.?.........
00003940: 02 ab 44 00 44 02 ab 53 00 53 02 ab 64 00 64 12  ..D.D..S.S..d.d.
00003950: 60 36 c0 36 c0 48 3c 48 b4 66 30 66 30 78 3c 78  `6.6.H<H.f0f0x<x
00003960: 3c 8e c0 8e c0 a0 b4 a0 b4 b6 30 b6 30 c8 3c c8  <.........0.0.<.
00003970: 3c ed 00 ed 04 c0 36 30 36 2e 48 bf 48 04 30 66  <.....606.H.H.0f
00003980: c0 66 c0 78 2f 78 04 c0 8e 30 8e 2e a0 c0 a0 04  .f.x/x...0......
00003990: 30 b6 c0 b6 c2 c8 31 c8 06 dd 50 10 50 10 70 dd  0.....1...P.P.p.
000039a0: 70 dd 90 00 90 06 dd 60 10 60 10 80 dd 80 dd a0  p......`.`......
000039b0: 00 a0 06 dd 50 10 50 10 70 dd 70 dd b0 00 b0 08  ....P.P.p.p.....
000039c0: dd 60 10 60 10 80 dd 80 dd c0 00 c0 08 08 0f 0a  .`.`............
000039d0: 20 50 68 80 98 c8 c4 ca cd d0 d3 d9 02 00 02 02   Ph.............
000039e0: 02 00 02 00 00 00 00 00 00 00 00 00 00 02 10 0f  ................
000039f0: 03 03 0d 0a d1 d3 d1 d2 eb d4 da dd 44 21 4c 21  ............D!L!
00003a00: 51 22 93 21 45 21 4a 21 d3 21 00 00 8c 22 12 22  Q".!E!J!.!..."."
00003a10: 4e 21 00 00 c8 21 d6 21 10 ba 2d ba 43 ba 59 ba  N!...!.!..-.C.Y.
00003a20: 1c 20 50 ac 24 24 5d 5c 60 50 a4 24 24 5c 5d 88  . P.$$]\`P.$$\].
00003a30: 90 a8 24 24 24 24 98 60 ac 24 24 5c 5c 15 28 50  ..$$$$.`.$$\\.(P
00003a40: a8 65 65 24 24 50 50 a4 24 24 65 65 98 70 ac 24  .ee$$PP.$$ee.p.$
00003a50: 24 65 65 15 60 a0 a4 79 24 79 24 90 80 a4 24 24  $ee.`..y$y$...$$
00003a60: 24 24 70 50 a4 24 24 24 24 0e 40 70 a4 65 65 24  $$pP.$$$$.@p.ee$
00003a70: 24 b0 70 a4 24 24 65 65 78 ba 78 ba 7c ba 80 ba  $.p.$$eex.x.|...
00003a80: 88 ba 8c ba 84 ba 84 ba 07 00 18 0f 03 00 11 10  ................
00003a90: 0f 00 1b 10 03 00 1d 10 09 00 19 0f 05 00 18 0f  ................
00003aa0: 07 04 08 07 03 07 04 08 08 09 08 09 03 09 03 09  ................
00003ab0: 04 00 04 03 04 01 0c 01 00 01 1f 01 04 01 0c 04  ................
00003ac0: 07 08 07 09 01 01 04 01 00 00 10 58 37 e8 15 ec  ...........X7...
00003ad0: f0 ea 97 e9 12 c8 c9 12 24 24 42 d0 4f df 22 a0  ........$$B.O.".
00003ae0: a1 a2 a3 24 98 99 9a 9b 81 82 24 83 22 48 49 4a  ...$......$."HIJ
00003af0: 4b 24 9c 9d 9e 9f 24 a4 24 a5 00 c0 b4 bc b8 c0  K$....$.$.......
00003b00: 12 24 24 23 db 42 50 21 ca 4c 24 21 ea 0c 24 24  .$$#.BP!.L$!..$$
00003b10: 19 15 0a 22 0e 1b 24 c0 24 24 00 23 e2 04 04 05  ..."..$.$$.#....
00003b20: 05 01 22 0a 4c 24 22 2a 0c 24 10 0a 16 0e 24 24  ..".L$"*.$....$$
00003b30: 18 8c 0e 1b 24 22 4a 4c 24 00 12 24 24 22 69 6a  ....$"JL$..$$"ij
00003b40: 69 6a 21 42 d1 67 21 5d d1 67 23 60 60 69 00 57  ij!B.g!].g#``i.W
00003b50: bb 00 04 a9 bb ca bb d3 bb 50 04 3d bc 52 bc 73  .........P.=.R.s
00003b60: bc a0 04 d1 bc 06 bd 50 28 5f 28 14 40 92 40 90  .......P(_(.@.@.
00003b70: 48 cd 48 32 70 4b 70 c4 88 ef 88 32 98 5e 98 d4  H.H2pKp....2.^..
00003b80: c0 e5 c0 af c8 c0 c8 68 c8 78 c8 8f d0 98 d0 08  .......h.x......
00003b90: d8 40 d8 ff 40 28 5f 28 40 40 a3 40 bd 40 cf 40  .@..@(_(@@.@.@.@
00003ba0: 00 c8 2d c8 62 c8 77 cb b4 a8 cb a8 c8 d0 fe d0  ..-.b.w.........
00003bb0: 18 68 20 68 00 a8 20 a8 ff 40 28 5f 28 60 40 c6  .h h.. ..@(_(`@.
00003bc0: 40 38 70 c7 70 d0 70 ef 70 10 98 2f 98 38 98 c6  @8p.p.p.p../.8..
00003bd0: 98 38 c0 c6 c0 10 d8 40 d8 ff 10 40 ef 40 08 d8  .8.....@...@.@..
00003be0: f8 da ff 9c 20 9c 24 d4 30 d4 ad ec 30 ec ad 14  .... .$.0...0...
00003bf0: 40 14 c3 2c 40 2c bd 6c 40 6c ad 8c 40 8c 8d a4  @..,@,.l@l..@...
00003c00: 48 a4 ab bc 48 bc 9d 44 70 44 c4 6c 18 6c 2d ff  H...H..DpD.l.l-.
00003c10: 14 47 14 5d 14 78 14 9d 2c 47 2c 9d 44 47 44 86  .G.].x..,G,.DGD.
00003c20: 5c 47 5c 6d 74 47 74 76 8c 47 8c 6d a4 47 a4 86  \G\mtGtv.G.m.G..
00003c30: bc 47 bc 6d d4 20 d4 6d ec 20 ec 6d 6c 18 6c 2d  .G.m. .m. .ml.l-
00003c40: d4 90 d4 bd ec 90 ec bd 9c 18 9c 24 ff 14 4f 14  ...........$..O.
00003c50: c5 2c 4f 2c c5 d4 20 d4 c7 ec 20 ec c7 6c 18 6c  .,O,.. ... ..l.l
00003c60: 2d ff 2c 40 2c c3 44 40 44 c3 5c 40 5c c3 74 40  -.,@,.D@D.\@\.t@
00003c70: 74 c3 8c 40 8c c3 a4 40 a4 c3 bc 40 bc c3 d4 40  t..@...@...@...@
00003c80: d4 c3 ff 50 10 d0 10 50 18 50 37 50 2b 5d 40 d0  ...P...P.P7P+]@.
00003c90: 24 f8 24 07 43 92 48 90 49 cf 50 30 71 4b 78 c0  $.$.C.H.I.P0qKx.
00003ca0: 89 f7 90 30 99 5d a0 0a 00 0a ff f5 00 f5 ff ff  ...0.]..........
00003cb0: 40 14 d0 14 d0 2b fe 2b 00 41 a5 47 50 18 50 3f  @....+.+.A.GP.P?
00003cc0: 50 2f 5d 2f bb 41 cf 47 b4 a9 cb af d4 95 ec 95  P/]/.A.G........
00003cd0: 10 69 28 6f d0 90 f0 94 0a 00 0a ff f5 00 f5 ff  .i(o............
00003ce0: ff d0 1f ef 1f 5c 28 5c 40 60 42 c7 45 10 4f 2b  .....\(\@`B.E.O+
00003cf0: 4f 38 72 c7 75 ca 7f ef 70 38 9a c6 9c 10 a7 2f  O8r.u...p8...../
00003d00: a7 38 c2 c6 c5 40 10 b8 10 48 00 48 28 0a 00 0a  .8...@...H.H(...
00003d10: ff f5 00 f5 ff ff 08 4f f8 4f 0a 00 0a ff f5 00  .......O.O......
00003d20: f5 ff ff f1 f2 5e f3 f4 f5 f6 01 02 03 04 08 12  .....^..........
00003d30: 16 25 bd 29 bd 19 0f 1b 21 04 0f 06 21 00 05 00  .%.)....!...!...
00003d40: 01 04 01 04 01 04 02 04 05 00 02 04 05 04 05 03  ................
00003d50: 00 05 01 03 01 00 04 02 01 04 02 04 02 2d 01 2d  .............-.-
00003d60: 2d 03 96 02 0f 1e 1e 1f 01 2d 7e 06 01 0a 01 01  -........-~.....
00003d70: 0f 01 96 0c 3c 2d 02 01 0f 04 2c 10 ff 48 8a 48  ....<-....,..H.H
00003d80: 98 48 a5 00 48 a5 01 48 a5 02 48 a5 03 48 a5 04  .H..H..H..H..H..
00003d90: 48 a5 05 48 a5 06 48 a5 07 48 a5 10 29 7f 8d 00  H..H..H..H..)...
00003da0: 20 85 10 20 83 e4 20 6f e4 20 9d c0 20 f7 ff 20   .. .. o. .. .. 
00003db0: eb e7 a5 47 d0 14 a5 46 f0 23 a5 4d d0 06 20 8a  ...G...F.#.M.. .
00003dc0: c3 4c d0 bd 20 d8 c5 4c d0 bd a5 4c d0 06 20 96  .L.. ..L...L.. .
00003dd0: be 4c d0 bd 20 fa bd 20 81 e7 4c d0 bd 20 44 bf  .L.. .. ..L.. D.
00003de0: 20 0d e4 a5 10 49 80 8d 00 20 85 10 68 85 07 68   ....I... ..h..h
00003df0: 85 06 68 85 05 68 85 04 68 85 03 68 85 02 68 85  ..h..h..h..h..h.
00003e00: 01 68 85 00 68 a8 68 aa 68 40 a5 4e d0 21 a9 10  .h..h.h.h@.N.!..
00003e10: 85 ec a2 0a a9 00 95 24 ca d0 fb ad 06 01 85 ef  .......$........
00003e20: c9 02 30 07 a9 1c 85 48 4c 1f be a9 18 85 48 20  ..0....HL.....H 
00003e30: d3 e3 a9 0f 85 18 a9 13 85 19 a9 00 85 47 8d 86  .............G..
00003e40: 05 8d 87 05 85 46 a9 00 85 52 85 e8 85 6a a9 01  .....F...R...j..
00003e50: 85 4a 8d 80 05 8d 81 05 a5 ef 29 01 f0 02 a9 02  .J........).....
00003e60: 85 4b 8d 82 05 8d 83 05 a9 00 85 49 8d b0 05 8d  .K.........I....
00003e70: b1 05 85 fc a9 03 a6 4e f0 02 a9 01 85 4c 8d 84  .......N.....L..
00003e80: 05 8d 85 05 85 e9 a5 4e d0 0e a9 80 85 39 a9 01  .......N.....9..
00003e90: 85 fd a9 0f 8d 15 40 60 ce b4 05 a9 6f 85 39 a9  ......@`....o.9.
00003ea0: 0a 85 34 4c 28 c0 20 81 e7 a5 4e d0 13 a5 39 c9  ..4L(. ...N...9.
00003eb0: 75 f0 25 c9 74 f0 30 c9 73 f0 32 c9 5f f0 37 60  u.%.t.0.s.2._.7`
00003ec0: 85 4c a9 00 85 4e 85 52 a9 40 8d 03 01 a9 00 8d  .L...N.R.@......
00003ed0: 04 01 20 35 c0 4c 28 c0 a5 4a c9 02 d0 03 20 22  .. 5.L(..J.... "
00003ee0: d8 20 28 c0 c6 39 60 20 57 c0 c6 39 60 20 82 c0  . (..9` W..9` ..
00003ef0: 20 c2 e3 c6 39 60 a6 49 a9 01 9d 86 05 85 47 a5   ...9`.I......G.
00003f00: 48 c9 1c d0 0c a5 49 49 01 aa bd 86 05 85 47 f0  H.....II......G.
00003f10: 13 85 4c 20 28 c0 20 35 c0 a9 40 8d 03 01 a9 00  ..L (. 5..@.....
00003f20: 8d 04 01 60 a0 00 84 46 86 49 20 24 bf a9 85 85  ...`...F.I $....
00003f30: 39 85 e9 60 a0 00 bd 80 05 99 4a 00 e8 e8 c8 c0  9..`......J.....
00003f40: 03 d0 f3 60 a0 00 b9 4a 00 9d 80 05 e8 e8 c8 c0  ...`...J........
00003f50: 03 d0 f3 60 20 81 e7 a5 39 c9 84 f0 14 c9 6e b0  ...` ...9.....n.
00003f60: 26 c9 68 d0 0b 20 a5 c0 a9 01 85 46 a9 00 85 39  &.h.. .....F...9
00003f70: 60 a6 49 a5 4a dd 80 05 f0 0a c9 01 f0 06 20 63  `.I.J......... c
00003f80: c6 20 f1 c4 c6 39 60 c9 74 f0 09 c9 6f f0 1c c9  . ...9`.t...o...
00003f90: 6e f0 1e 60 a9 49 85 00 a9 f2 85 01 20 0f e5 20  n..`.I...... .. 
00003fa0: 28 c0 20 35 c0 20 57 c0 c6 39 60 20 35 c0 c6 39  (. 5. W..9` 5..9
00003fb0: 60 20 93 c0 a9 10 8d 00 20 85 10 a6 4a ca 8a 0a  ` ...... ...J...
00003fc0: 85 08 aa bd bc ba 85 00 bd bd ba 85 01 20 0f e5  ............. ..
00003fd0: a5 4a c9 04 f0 0b a9 5f 85 00 a9 ed 85 01 20 0f  .J....._...... .
00003fe0: e5 a5 48 c9 1c f0 13 a9 75 85 00 a9 20 85 01 a9  ..H.....u... ...
00003ff0: 2a 85 02 a9 bb 85 03 20 a1 e5 20 7c e2 20 4a c0  *...... .. |. J.
00004000: a9 bc 85 00 a4 4b a5 ef 29 01 f0 02 88 88 c8 20  .....K..)...... 
00004010: 97 e7 a9 00 85 2c a9 80 88 c0 04 10 03 b9 1d b7  .....,..........
00004020: 85 2e a9 1b 85 3c a9 02 85 00 20 23 e5 c6 39 a5  .....<.... #..9.
00004030: 4e f0 04 a9 69 85 39 60 a9 00 85 04 a9 ff 85 03  N...i.9`........
00004040: a9 0f 4c e1 df a9 24 85 00 a9 01 85 01 20 93 c0  ..L...$...... ..
00004050: a9 10 8d 00 20 85 10 4c 8e e4 a9 b5 85 00 a9 20  .... ..L....... 
00004060: 85 01 a4 4c 4c 97 e7 a5 4e d0 26 a5 48 c9 1c d0  ...LL...N.&.H...
00004070: 20 a6 49 a5 4a dd 80 05 d0 17 a0 00 b9 f3 ba 99   .I.J...........
00004080: 31 03 f0 04 c8 4c 6c c0 a5 49 f0 05 a9 c1 8d 45  1....Ll..I.....E
00004090: 03 60 a0 00 b9 0b bb 99 31 03 f0 04 c8 4c 84 c0  .`......1....L..
000040a0: 4c c2 e3 a5 11 29 e7 8d 01 20 85 11 60 a5 11 49  L....)... ..`..I
000040b0: 18 8d 01 20 60 a9 00 a2 53 95 00 e8 e0 e9 d0 f9  ... `...S.......
000040c0: a9 01 85 6b 85 9a 85 9b 85 9c 85 9d 85 87 85 89  ...k............
000040d0: a5 4a 29 01 49 01 85 6d a9 02 85 7a a9 60 85 86  .J).I..m...z.`..
000040e0: 85 88 a9 a0 85 7c a9 16 85 7b a9 32 85 64 a9 24  .....|...{.2.d.$
000040f0: 85 65 a6 08 bd 08 ba 85 91 bd 09 ba 85 92 a0 00  .e..............
00004100: b1 91 85 93 a9 01 85 02 a9 08 85 03 a9 10 85 04  ................
00004110: 20 df df a5 08 0a a8 a2 00 b9 cc b9 95 8d c8 e8   ...............
00004120: e0 04 d0 f5 a4 4a 20 a7 c1 a6 08 20 7a c2 a5 e9  .....J .... z...
00004130: f0 09 a9 00 85 e9 c6 4c 20 4a c0 a5 4b 48 c9 06  .......L J..KH..
00004140: 30 04 a9 05 85 4b 20 41 c1 68 85 4b a6 49 4c 34  0....K A.h.K.IL4
00004150: bf a5 4a c9 01 f0 20 c9 02 f0 31 c9 03 f0 41 20  ..J... ...1...A 
00004160: 4c c2 20 db c2 20 3f c3 20 75 c3 a9 02 85 00 20  L. .. ?. u..... 
00004170: 8d c2 a9 10 85 fc 60 20 ca c1 20 db c2 20 08 c3  ......` .. .. ..
00004180: a5 a0 85 00 20 8d c2 a9 02 85 fc 60 20 d3 c1 20  .... ......` .. 
00004190: 25 c3 20 75 c3 20 b2 c2 20 17 d8 a9 04 85 fc 60  %. u. .. ......`
000041a0: 20 2f c2 20 2a c3 20 3a c3 20 75 c3 20 9e c2 20   /. *. :. u. .. 
000041b0: a5 c2 a9 08 85 fc 60 a2 00 bd c7 b8 c9 ff f0 15  ......`.........
000041c0: 85 02 bd c8 b8 85 03 bd c9 b8 85 04 20 df df e8  ............ ...
000041d0: e8 e8 4c a9 c1 e8 88 d0 e0 60 a9 01 85 a2 a9 04  ..L......`......
000041e0: 85 b0 60 a5 4b c9 04 90 09 a9 38 85 a3 a9 64 4c  ..`.K.....8...dL
000041f0: e8 c1 a9 38 85 a3 a9 57 85 a4 a9 84 85 a5 a9 68  ...8...W.......h
00004200: 85 a6 a9 78 85 a7 a9 9d 85 a8 a9 0e 85 b4 a9 b9  ...x............
00004210: 85 b5 a0 00 b9 84 bb 99 00 04 b9 00 bc 99 50 04  ..............P.
00004220: b9 a0 bc 99 a0 04 c8 c0 40 d0 e9 a9 ff 8d 2c 04  ........@.....,.
00004230: 8d 94 04 8d d4 04 a6 4b bd b2 b7 8d 30 05 60 a9  .......K....0.`.
00004240: ff 85 c3 a9 60 85 cf a9 01 85 b2 a2 05 9d 22 05  ....`.........".
00004250: ca 10 fa a9 20 85 b4 a9 b9 85 b5 60 a9 01 85 a2  .... ......`....
00004260: a9 28 85 b4 a9 b9 85 b5 a2 0b a0 05 a9 b0 9d e7  .(..............
00004270: 05 a9 22 95 db ca b9 c0 b9 9d e7 05 b9 c6 b9 95  ..".............
00004280: db 88 ca 10 e7 a9 24 85 da 60 bd 54 b8 85 00 bd  ......$..`.T....
00004290: 55 b8 85 01 a9 50 85 02 a9 00 4c c8 df a6 4a ca  U....P....L...J.
000042a0: d0 05 a0 00 4c 99 c2 a0 14 a6 00 4c b6 c2 a6 a0  ....L......L....
000042b0: a0 1e 4c b6 c2 a6 b0 e0 05 30 02 a2 04 a0 37 4c  ..L......0....7L
000042c0: b6 c2 a2 06 a0 4b b9 5e b8 85 00 b9 5f b8 85 01  .....K.^...._...
000042d0: b9 60 b8 85 02 b9 61 b8 85 03 b9 62 b8 85 04 20  .`....a....b... 
000042e0: d5 df c8 c8 c8 c8 c8 ca d0 dc 60 a9 00 a6 4b e0  ..........`...K.
000042f0: 00 f0 07 18 69 10 ca 4c df c2 a4 4a 88 f0 03 18  ....i..L...J....
00004300: 69 08 a8 b9 2e b7 85 a0 a2 00 c8 b9 2e b7 9d 00  i...............
00004310: 05 c8 e8 e0 07 d0 f4 60 a9 00 a6 4b e0 00 f0 07  .......`...K....
00004320: 18 69 06 ca 4c 0c c3 a8 b9 8e b7 9d 10 05 c8 e8  .i..L...........
00004330: e0 06 d0 f4 60 a0 00 4c 41 c3 a5 4b 0a a8 b9 e2  ....`..LA..K....
00004340: b7 85 a0 b9 e3 b7 8d 40 05 60 a0 04 4c 41 c3 a0  .......@.`..LA..
00004350: 08 b9 22 b7 85 00 b9 23 b7 85 01 b9 24 b7 85 02  .."....#....$...
00004360: b9 25 b7 85 03 a9 00 a6 4b e0 00 f0 06 18 65 00  .%......K.....e.
00004370: ca d0 f6 a8 b1 02 85 b0 c8 b1 02 9d 20 05 c8 e8  ............ ...
00004380: e4 01 d0 f5 60 a4 4a 88 88 a2 00 b9 36 b8 9d 70  ....`.J.....6..p
00004390: 05 c8 c8 c8 e8 e0 0a d0 f2 60 a5 4e f0 11 ad a2  .........`.N....
000043a0: 06 d0 03 8d 15 40 a5 15 29 20 f0 03 4c ff c3 a5  .....@..) ..L...
000043b0: eb d0 59 a5 ee f0 03 c6 ee 60 20 e4 e3 a5 68 d0  ..Y......` ...h.
000043c0: 42 a5 6b c9 05 f0 42 c9 04 f0 13 a5 6b c9 03 f0  B.k...B.....k...
000043d0: 0d a5 4e f0 06 20 7f e3 4c ce c3 20 89 c4 20 bf  ..N.. ..L.. .. .
000043e0: c4 20 5b c8 20 18 ca 20 06 c9 20 11 c5 20 f1 c4  . [. .. .. .. ..
000043f0: 20 ef e1 20 b4 c5 20 e6 c4 20 81 e7 a5 54 85 55   .. .. .. ...T.U
00004400: 4c fc c3 20 b8 c7 4c fc c3 20 50 c5 4c 21 c4 a9  L.. ..L.. P.L!..
00004410: 01 85 47 85 6a 85 4c a9 40 85 36 a9 00 85 4e 85  ..G.j.L.@.6...N.
00004420: 52 a9 40 8d 03 01 a9 00 8d 04 01 20 35 c0 4c 28  R.@........ 5.L(
00004430: c0 a5 15 29 10 f0 44 a5 4e d0 d4 a5 15 c5 ec f0  ...)..D.N.......
00004440: 3c 85 ec a5 eb f0 1f a5 ee d0 1a a9 00 85 eb a5  <...............
00004450: 0f 85 fc a5 4a c9 02 d0 03 20 17 d8 a5 11 29 ef  ....J.... ....).
00004460: 85 11 4c 62 c4 60 a9 01 85 eb a5 fc 85 0f a9 00  ..Lb.`..........
00004470: 85 fc a9 40 85 ee a9 40 85 fd 60 85 ec a5 ee f0  ...@...@..`.....
00004480: 03 c6 ee 60 a5 eb d0 01 60 a5 4a c9 02 d0 03 20  ...`....`.J.... 
00004490: 22 d8 a5 11 09 10 85 11 60 a5 49 0a aa e8 a0 00  ".......`.I.....
000044a0: b5 14 29 0f f0 14 c9 08 f0 0f c9 04 f0 0a c9 02  ..).............
000044b0: f0 05 c9 01 d0 04 c8 c8 c8 c8 84 54 a5 6b c9 02  ...........T.k..
000044c0: f0 0c b5 14 29 80 c9 00 f0 04 a9 03 85 6b 60 a5  ....)........k`.
000044d0: 63 f0 19 ad 13 02 85 00 ad 10 02 85 01 a9 08 85  c...............
000044e0: 02 a5 6d 49 01 20 c8 df a9 00 85 63 a5 38 d0 05  ..mI. .....c.8..
000044f0: a9 ff 8d 08 02 60 a5 2e c9 10 10 04 a9 20 85 fc  .....`....... ..
00004500: 60 a5 4e d0 1b a6 49 bd b0 05 d0 14 8a a8 18 0a  `.N...I.........
00004510: 0a aa b5 25 c9 02 90 08 99 b0 05 e6 4c 20 4a c0  ...%........L J.
00004520: 60 20 49 d1 20 a2 d1 a5 6b c9 05 d0 01 60 a5 4a  ` I. ...k....`.J
00004530: c9 01 f0 11 c9 02 f0 13 c9 03 f0 1e 20 dd d9 20  ............ .. 
00004540: d8 d1 4c d4 db 20 d8 d1 4c c9 d4 20 d4 db 20 c4  ..L.. ..L.. .. .
00004550: d6 20 1d d7 20 35 d8 4c ed d6 20 d0 da 4c d4 db  . .. 5.L.. ..L..
00004560: a9 00 85 fc a5 64 d0 17 a5 65 f0 06 20 0f d1 4c  .....d...e.. ..L
00004570: 72 c5 20 7a de c9 00 f0 03 4c 79 c5 4c e8 d0 c6  r. z.....Ly.L...
00004580: 64 60 a9 03 85 64 c6 65 60 a6 49 20 34 bf a5 4c  d`...d.e`.I 4..L
00004590: d0 09 a9 01 85 47 a9 87 85 39 60 a5 48 c9 1c d0  .....G...9`.H...
000045a0: 18 a5 49 49 01 aa 86 49 bd 86 05 f0 09 8a 49 01  ..II...I......I.
000045b0: aa 86 49 4c a9 c5 20 24 bf a9 87 85 39 85 e9 a9  ..IL.. $....9...
000045c0: 00 85 46 60 20 c7 c8 a5 4a c9 04 30 09 a5 53 c9  ..F` ...J..0..S.
000045d0: 06 d0 02 85 4d 60 a9 fb 85 02 a9 bb 85 03 20 4c  ....M`........ L
000045e0: e1 f0 02 85 54 85 4d 60 a5 4d c9 06 f0 61 a5 6b  ....T.M`.M...a.k
000045f0: c9 02 f0 12 c9 03 f0 0e a5 78 c9 01 d0 0e ad 10  .........x......
00004600: 02 c9 28 90 1a 60 a5 78 c9 01 d0 04 a9 03 85 54  ..(..`.x.......T
00004610: 20 5b c8 20 c7 c8 20 18 ca 20 11 c5 4c 81 e7 a9   [. .. .. ..L...
00004620: 00 85 fc a5 4a c9 01 f0 09 c9 02 f0 0a a9 08 4c  ....J..........L
00004630: 29 c6 a9 02 4c 29 c6 a9 04 85 fd a9 44 85 00 a9  )...L)......D...
00004640: 18 85 01 a9 50 85 02 a9 00 20 c8 df 4c 56 c6 a5  ....P.... ..LV..
00004650: eb d0 0a 20 73 c6 20 81 e7 a5 39 f0 03 4c 21 c4  ... s. ...9..L!.
00004660: a9 00 85 4a e6 4b e6 4a a9 8d 85 39 a9 00 85 46  ...J.K.J...9...F
00004670: 85 4d 60 a5 2e 85 00 a5 49 09 08 85 01 20 17 e6  .M`.....I.... ..
00004680: 4c 7c e2 a5 a0 f0 24 a9 d5 85 39 a9 00 85 a0 85  L|....$...9.....
00004690: fc a9 01 85 a1 8d 92 05 a9 20 8d 93 05 a9 60 85  ......... ....`.
000046a0: 86 a9 01 85 87 20 63 c6 20 f1 c4 a5 39 c9 ca b0  ..... c. ...9...
000046b0: 0d c9 c0 b0 0c c9 b9 b0 0b a9 00 85 39 60 4c b7  ............9`L.
000046c0: c6 4c d7 c6 4c 5a c7 c9 d0 f0 01 60 20 28 c0 a9  .L..LZ.....` (..
000046d0: 18 85 00 a9 3f 85 01 a9 f3 85 02 a9 b8 85 03 20  ....?.......... 
000046e0: a1 e5 a0 05 4c a7 c1 c9 c9 f0 06 29 01 aa 4c 2a  ....L......)..L*
000046f0: c7 20 eb c6 a9 10 85 fd c6 39 60 20 35 c0 a9 02  . .......9` 5...
00004700: 85 00 a9 21 85 01 a9 2d 85 02 a9 bb 85 03 20 a1  ...!...-...... .
00004710: e5 a9 1c 85 00 a9 21 85 01 20 a1 e5 a9 bb 85 03  ......!.. ......
00004720: a9 32 85 00 a9 bb 85 01 20 0f e5 a2 00 20 2a c7  .2...... .... *.
00004730: a2 08 20 7a c2 a2 00 4c 42 c7 a9 1f 85 01 a9 68  .. z...LB......h
00004740: 85 00 a9 d4 85 02 a9 46 85 03 a9 40 85 04 8a 4c  .......F...@...L
00004750: e1 df a9 30 85 01 a9 20 85 00 a9 c0 85 02 a9 22  ...0... ......."
00004760: 85 03 a9 a0 85 04 8a 4c e1 df ad 40 02 c9 a7 b0  .......L...@....
00004770: 2c c9 90 90 13 ad 13 02 85 00 ad 10 02 85 01 a9  ,...............
00004780: cc 85 02 a9 01 20 c8 df ad 40 02 c9 1f d0 04 a2  ..... ...@......
00004790: 01 86 ff 18 69 02 85 01 a2 00 20 2e c7 ad a0 02  ....i..... .....
000047a0: c9 ba d0 04 a2 10 86 ff c9 c1 b0 0a 18 69 02 85  .............i..
000047b0: 01 a2 00 4c 46 c7 a9 c7 85 01 ad a3 02 85 00 a9  ...LF...........
000047c0: 64 85 02 a2 01 4c 4e c7 a5 66 d0 06 20 c6 c7 4c  d....LN..f.. ..L
000047d0: c5 c7 20 22 c8 60 a9 01 85 fe a6 69 a5 68 c9 01  .. ".`.....i.h..
000047e0: f0 21 bd 40 02 8d 08 02 a9 ff 9d 40 02 bd 43 02  .!.@.......@..C.
000047f0: 8d 0b 02 a0 03 a9 ff 9d 44 02 9d 48 02 9d 4c 02  ........D..H..L.
00004800: 4c 09 c8 bd c0 02 8d 08 02 a9 ff 9d c0 02 bd c3  L...............
00004810: 02 8d 0b 02 a9 ff 9d c4 02 a9 90 8d 09 02 a9 00  ................
00004820: 8d 0a 02 a9 07 85 09 a9 04 85 08 a9 01 85 66 85  ..............f.
00004830: 67 60 c6 08 10 34 c6 09 d0 17 a9 ff 8d 00 02 20  g`...4......... 
00004840: 1a e3 a2 40 86 38 a9 00 85 66 85 68 a2 93 4c 4d  ...@.8...f.h..LM
00004850: c8 ae 09 02 a5 67 f0 04 e8 4c 4d c8 ca a5 09 29  .....g...LM....)
00004860: 02 85 67 8e 09 02 a9 08 85 08 60 a5 6b c5 6c f0  ..g.......`.k.l.
00004870: 65 a9 00 85 56 85 78 a5 6b c9 01 f0 18 c9 02 f0  e...V.x.k.......
00004880: 21 c9 03 f0 26 c9 04 f0 35 a5 6c c9 04 d0 43 20  !...&...5.l...C 
00004890: 96 d0 4c be c8 a9 00 85 75 85 02 85 70 85 6f 4c  ..L.....u...p.oL
000048a0: c2 c8 a9 01 85 71 85 79 4c c2 c8 a9 00 85 7e 8d  .....q.yL.....~.
000048b0: c6 05 a9 40 85 ff ad 10 02 85 76 4c c2 c8 ad 10  ...@......vL....
000048c0: 02 85 76 a9 01 85 09 a9 00 85 71 4c c2 c8 a9 01  ..v.......qL....
000048d0: 85 ff a5 6b 85 6c 60 ad 10 02 85 01 ad 13 02 85  ...k.l`.........
000048e0: 00 a5 6b c9 04 30 02 a9 01 38 e9 01 0a 0a 18 a6  ..k..0...8......
000048f0: 6d d0 02 69 02 a6 71 e0 02 d0 02 69 07 aa bd 68  m..i..q....i...h
00004900: ba 85 02 bd 69 ba 85 03 20 42 e1 a2 03 b5 3e 9d  ....i... B....>.
00004910: fc 05 ca 10 f8 60 20 3e ca c9 00 f0 01 60 20 c7  .....` >.....` .
00004920: c8 a5 4a c9 01 f0 0e c9 02 f0 10 c9 03 f0 1b 20  ..J............ 
00004930: de c9 4c ff c9 20 de c9 4c e5 c9 20 ff c9 20 c2  ..L.. ..L.. .. .
00004940: c9 20 40 c9 20 8d c9 4c d6 c9 20 f1 c9 4c f8 c9  . @. ..L.. ..L..
00004950: a5 ae f0 0c ad 10 02 c9 b0 90 04 a9 00 85 ae 60  ...............`
00004960: ad 10 02 c9 8b b0 09 ad 13 02 c9 20 b0 02 85 ae  ........... ....
00004970: a9 a0 85 02 a9 ba 85 03 a0 00 b9 94 02 85 01 b9  ................
00004980: 97 02 85 00 20 47 e1 f0 0a 85 ad c0 00 d0 04 a9  .... G..........
00004990: 08 85 36 c0 08 f0 05 a0 08 4c 6a c9 60 a2 01 a0  ..6......Lj.`...
000049a0: 00 a9 a4 85 02 a9 ba 85 03 b9 a3 02 85 00 b9 a0  ................
000049b0: 02 38 e9 04 85 01 20 47 e1 98 18 65 44 85 44 20  .8.... G...eD.D 
000049c0: bb e1 f0 03 e8 86 ad c0 10 f0 06 a0 10 e8 4c 99  ..............L.
000049d0: c9 60 a9 00 85 00 85 01 a9 ca 85 02 a9 ba 85 03  .`..............
000049e0: 20 47 e1 85 bd 60 20 48 cb c9 00 d0 2e 60 a6 a0   G...` H.....`..
000049f0: a0 00 4c e9 c9 a6 b0 a0 20 20 d9 ca c9 00 d0 1b  ..L.....  ......
00004a00: 60 a6 a0 a0 00 4c 03 ca a6 b0 a0 60 4c 03 ca a6  `....L.....`L...
00004a10: b0 a0 00 20 21 cb c9 00 d0 01 60 a9 05 85 6b a9  ... !.....`...k.
00004a20: 04 85 ff a9 01 85 09 60 20 c7 c8 a5 6b c9 01 f0  .......` ...k...
00004a30: 0b c9 02 f0 0d c9 03 f0 0f 4c 2a cc 20 6f cb 4c  .........L*. o.L
00004a40: 3b ca 20 8b cb 4c 3b ca 20 d3 cb 4c 47 cf a5 8c  ;. ..L;. ..LG...
00004a50: f0 38 ad 30 02 85 01 ad 33 02 85 00 a9 dc 85 02  .8.0....3.......
00004a60: a9 b9 85 03 20 42 e1 a5 4a c9 01 f0 0e c9 02 f0  .... B..J.......
00004a70: 10 c9 03 f0 12 20 bb ca 4c 7a ca 20 7d ca 4c 7a  ..... ..Lz. }.Lz
00004a80: ca 20 9a ca 4c 7a ca 20 9d ca 85 68 60 a6 a0 a0  . ..Lz. ...h`...
00004a90: 00 20 d9 ca c9 00 d0 0d a6 b0 a0 20 20 d9 ca c9  . .........  ...
00004aa0: 00 f0 06 c6 b1 a9 01 84 69 60 4c c6 ca a6 a0 a0  ........i`L.....
00004ab0: 00 20 21 cb c9 00 d0 0d a6 b0 a0 60 20 21 cb c9  . !........` !..
00004ac0: 00 f0 07 c6 b1 18 69 01 84 69 60 a6 a0 a0 00 20  ......i..i`.... 
00004ad0: d9 ca c9 00 d0 10 a6 b0 a0 00 20 21 cb c9 00 f0  .......... !....
00004ae0: 07 18 69 01 c6 b1 84 69 60 86 05 a2 00 c0 20 10  ..i....i`..... .
00004af0: 05 b5 a3 4c e8 ca b5 b4 c9 02 10 0b a9 90 85 02  ...L............
00004b00: a9 ba 85 03 4c ff ca a9 94 85 02 a9 ba 85 03 b9  ....L...........
00004b10: c0 02 c9 ff f0 0e 85 01 b9 c3 02 85 00 20 47 e1  ............. G.
00004b20: c9 00 d0 0c 98 18 69 08 a8 e8 e4 05 d0 bf a9 00  ......i.........
00004b30: 60 a9 b0 85 02 a9 ba 85 03 b9 40 02 c9 ff f0 0e  `.........@.....
00004b40: 85 01 b9 43 02 85 00 20 47 e1 c9 00 d0 09 98 18  ...C... G.......
00004b50: 69 10 a8 ca d0 e3 8a 60 ad 0f 02 85 00 ad 0c 02  i......`........
00004b60: 85 01 a9 b4 85 02 a9 ba 85 03 4c 47 e1 a5 01 38  ..........LG...8
00004b70: e9 58 85 01 a9 b8 85 02 a9 ba 85 03 4c 47 e1 20  .X..........LG. 
00004b80: 6e de c9 00 d0 0c 20 7a de c9 00 d0 08 a9 04 85  n..... z........
00004b90: 6b 60 4c 0b cc 20 05 d0 4c 79 cc a5 79 d0 38 20  k`L.. ..Ly..y.8 
00004ba0: 05 d0 20 7a de f0 0a a5 54 c9 02 d0 04 49 02 85  .. z....T....I..
00004bb0: 54 e6 ea 20 6e de c9 00 f0 18 a5 71 c9 01 f0 0f  T.. n......q....
00004bc0: 20 72 de 85 72 c9 11 d0 03 4c 71 ce 4c 22 ce 4c   r..r....Lq.L".L
00004bd0: 13 cd a9 04 85 6b 60 a5 77 85 00 20 57 d0 a9 00  .....k`.w.. W...
00004be0: 85 79 60 20 6e de c9 00 d0 21 20 8e e2 a5 7e c9  .y` n....! ...~.
00004bf0: 03 90 07 20 7a de c9 00 d0 14 20 76 de c9 00 d0  ... z..... v....
00004c00: 10 ad 10 02 c9 d8 b0 0e 4c 05 cf 4c 0b cc 4c 13  ........L..L..L.
00004c10: d0 a9 04 85 6b 60 a9 05 85 6b 60 a5 42 38 e9 10  ....k`...k`.B8..
00004c20: 85 77 a9 02 85 6b a5 42 c9 14 f0 09 c9 ec d0 09  .w...k.B........
00004c30: a9 01 85 6d 60 a9 00 85 6d 60 20 7a de c9 00 f0  ...m`...m` z....
00004c40: 08 20 13 d0 a9 10 85 ff 60 ad 10 02 c9 d8 90 09  . ......`.......
00004c50: a9 10 85 ff a9 05 85 6b 60 20 25 d0 f0 08 a5 09  .......k` %.....
00004c60: 85 ff a9 00 85 09 ad 13 02 85 00 ad 10 02 18 65  ...............e
00004c70: 7a 85 01 ad 11 02 ae 12 02 e0 40 30 03 38 e9 06  z.........@0.8..
00004c80: 85 02 a5 6d 49 01 4c c8 df ad 10 02 85 01 a5 54  ...mI.L........T
00004c90: c9 03 f0 0a c9 04 d0 28 20 b1 cc 4c 91 cc 20 cf  .......( ..L.. .
00004ca0: cc 85 00 29 02 48 c5 6f f0 03 20 ed cc 68 85 6f  ...).H.o.. ..h.o
00004cb0: a5 75 85 02 ad 10 02 85 01 a5 6d 49 01 20 c8 df  .u........mI. ..
00004cc0: 60 a9 01 85 6d a5 78 c9 04 f0 0d a5 56 18 69 a0  `...m.x.....V.i.
00004cd0: 85 56 ad 13 02 69 00 60 ad 13 02 38 e9 02 60 a9  .V...i.`...8..`.
00004ce0: 00 85 6d a5 78 c9 03 f0 0d a5 56 38 e9 a0 85 56  ..m.x.....V8...V
00004cf0: ad 13 02 e9 00 60 ad 13 02 18 69 02 60 a5 75 f0  .....`....i.`.u.
00004d00: 10 c9 10 10 04 a6 70 f0 08 38 e9 08 a2 01 4c 06  ......p..8....L.
00004d10: cd 18 69 08 a2 00 86 70 85 75 a5 6d 85 6e a9 80  ..i....p.u.m.n..
00004d20: 85 ff 60 a5 54 f0 0b c9 03 30 04 20 94 cd 60 20  ..`.T....0. ..` 
00004d30: 23 cd 60 ad 13 02 85 00 a5 54 c9 01 d0 06 20 52  #.`......T.... R
00004d40: cd 4c 37 cd 20 76 cd 85 01 29 01 f0 05 a9 28 4c  .L7. v...)....(L
00004d50: 44 cd a9 30 85 02 a5 6d 49 01 20 c8 df a9 01 85  D..0...mI. .....
00004d60: 71 60 a5 ea 29 0a d0 04 a9 20 85 ff a5 78 c9 01  q`..).... ...x..
00004d70: f0 0d a5 56 38 e9 40 85 56 ad 10 02 e9 00 60 ad  ...V8.@.V.....`.
00004d80: 10 02 18 69 01 60 a5 78 c9 02 d0 07 38 ad 10 02  ...i.`.x....8...
00004d90: e9 01 60 18 a5 56 69 50 85 56 ad 10 02 69 01 a2  ..`..ViP.V...i..
00004da0: 20 86 ff 60 20 c9 cd f0 01 60 a9 0b a2 00 20 65   ..` ....`.... e
00004db0: df d0 01 60 a5 54 c9 04 d0 0c a5 6d f0 05 a9 00  ...`.T.....m....
00004dc0: 4c bf cd 4c 67 d0 a5 6d f0 03 4c 67 d0 a9 01 85  L..Lg..m..Lg....
00004dd0: 6d 20 39 d0 a9 20 85 ff 60 a5 3e 48 a5 40 48 a5  m 9.. ..`.>H.@H.
00004de0: 54 c9 03 f0 06 20 ee cd 4c de cd 20 06 ce c9 00  T.... ..L.. ....
00004df0: d0 03 20 76 de 68 85 40 68 85 3e a5 0f 60 a5 40  .. v.h.@h.>..`.@
00004e00: 38 e5 3e 18 65 40 b0 0b a6 40 85 40 86 3e e6 41  8.>.e@...@.@.>.A
00004e10: a9 00 60 a9 01 60 a5 40 38 e5 3e 85 40 a5 3e 38  ..`..`.@8.>.@.>8
00004e20: e5 40 90 0b a6 3e 85 3e 86 40 e6 41 a9 00 60 a9  .@...>.>.@.A..`.
00004e30: 01 60 a5 54 c9 02 30 0c a9 0f a2 00 20 65 df f0  .`.T..0..... e..
00004e40: 03 20 35 ce 60 a5 54 c9 02 f0 11 c9 03 f0 1f a9  . 5.`.T.........
00004e50: 01 85 6d a5 72 c9 01 f0 25 4c 6b ce a5 72 c9 01  ..m.r...%Lk..r..
00004e60: f0 05 a9 00 4c 59 ce a9 01 85 6d 4c 39 d0 a9 00  ....LY....mL9...
00004e70: 85 6d a5 72 c9 01 f0 03 4c 6e ce 4c c8 d0 4c 39  .m.r....Ln.L..L9
00004e80: d0 a5 54 d0 01 60 c9 03 10 03 4c 95 ce a9 0b a2  ..T..`....L.....
00004e90: 00 20 65 df f0 0e a5 54 38 e9 03 85 6d 20 39 d0  . e....T8...m 9.
00004ea0: a9 20 85 ff 60 ad 13 02 85 00 a9 38 85 02 a5 54  . ..`......8...T
00004eb0: c9 01 f0 06 20 e1 ce 4c ad ce 20 bd ce 85 01 a5  .... ..L.. .....
00004ec0: 01 29 04 4a 4a 20 c8 df a9 02 85 71 60 a5 ea 29  .).JJ .....q`..)
00004ed0: 08 d0 04 a9 20 85 ff a5 78 c9 01 f0 0d a5 56 38  .... ...x.....V8
00004ee0: e9 a0 85 56 ad 10 02 e9 00 60 ad 10 02 18 69 01  ...V.....`....i.
00004ef0: 60 a5 78 c9 02 d0 07 ad 10 02 38 e9 01 60 a5 ea  `.x.......8..`..
00004f00: 29 09 d0 04 a9 20 85 ff a5 56 18 69 90 85 56 ad  ).... ...V.i..V.
00004f10: 10 02 69 00 60 ad 10 02 85 01 a9 00 20 88 df a5  ..i.`....... ...
00004f20: 54 c9 03 10 06 ad 13 02 4c 39 cf 18 a5 56 65 7c  T.......L9...Ve|
00004f30: 85 56 a9 00 2a 85 00 ad 13 02 a6 54 e0 03 f0 06  .V..*......T....
00004f40: 18 65 00 4c 39 cf 38 e5 00 85 00 a9 18 85 02 a5  .e.L9.8.........
00004f50: 6d 49 01 20 c8 df 60 ad 91 05 d0 04 a5 8c f0 01  mI. ..`.........
00004f60: 60 a9 e0 85 02 a9 b9 85 03 a9 00 85 8c a2 00 a0  `...............
00004f70: 01 b5 9a f0 13 b1 91 85 00 c8 b1 91 85 01 20 47  .............. G
00004f80: e1 c9 00 d0 0f 4c 79 cf c8 e8 98 18 69 06 a8 c4  .....Ly.....i...
00004f90: 93 90 de 60 a9 02 85 fe a9 ff 8d 00 02 b5 8d 85  ...`............
00004fa0: 02 a9 04 85 03 a9 30 85 04 20 df df a9 00 95 9a  ......0.. ......
00004fb0: 8a 48 e8 86 8c 86 9e c8 b1 91 85 02 a9 22 85 95  .H..........."..
00004fc0: 85 03 ca 20 d5 df a2 02 c8 b1 91 95 94 e8 e0 06  ... ............
00004fd0: d0 f6 68 0a 85 01 a6 4a ca 8a 0a 85 09 0a 0a 18  ..h....J........
00004fe0: 65 01 aa bd ec b9 85 00 bd ed b9 85 01 a9 95 85  e...............
00004ff0: 02 a9 00 85 03 20 a1 e5 a6 8c e0 03 10 14 ca 8a  ..... ..........
00005000: 18 65 09 aa bd e4 b9 85 00 a0 00 a9 23 85 01 20  .e..........#.. 
00005010: 97 e7 4c 50 e3 20 76 de c9 00 f0 04 a5 55 85 54  ..LP. v......U.T
00005020: 85 78 60 20 25 d0 d0 08 20 96 d0 a9 01 4c 22 d0  .x` %... ....L".
00005030: a9 05 85 6b 60 ad 10 02 c5 76 90 07 38 e5 76 c5  ...k`....v..8.v.
00005040: 7b b0 03 a9 00 60 a9 01 60 ad 10 02 85 01 ad 13  {....`..`.......
00005050: 02 a6 71 e0 02 d0 0e a6 6d f0 05 a5 73 4c 52 d0  ..q.....m...sLR.
00005060: a5 74 38 e9 10 85 00 a9 28 85 02 a5 6d 49 01 20  .t8.....(...mI. 
00005070: c8 df a9 01 85 71 60 8a 48 ad 10 02 85 01 ad 13  .....q`.H.......
00005080: 02 a6 6d f0 08 38 e9 0c 85 00 4c 82 d0 18 69 0c  ..m..8....L...i.
00005090: 85 00 a9 38 85 02 a5 6d 49 01 20 c8 df a9 02 85  ...8...mI. .....
000050a0: 71 85 6b 68 aa 60 a5 43 38 e9 11 85 01 ad 13 02  q.kh.`.C8.......
000050b0: 85 00 a9 20 85 02 85 63 a5 6d 49 01 20 c8 df a9  ... ...c.mI. ...
000050c0: 60 85 86 a9 01 85 87 a9 02 85 7a a9 18 85 7b a9  `.........z...{.
000050d0: a0 85 7c a9 10 85 ff 60 ad 10 02 85 01 85 76 ad  ..|....`......v.
000050e0: 13 02 85 00 a9 18 85 02 a5 6d 49 01 20 c8 df a9  .........mI. ...
000050f0: 00 85 71 a9 04 85 6b 60 ad 10 02 c9 d8 b0 19 18  ..q...k`........
00005100: 69 02 85 01 a5 09 85 ff ad 13 02 85 00 a9 40 85  i.............@.
00005110: 02 a9 00 85 09 4c c8 df a5 08 85 ff 4c 79 c5 a5  .....L......Ly..
00005120: 65 c9 24 d0 04 a9 02 85 ff ad 10 02 85 01 ad 13  e.$.............
00005130: 02 85 00 a2 40 a5 65 29 02 d0 02 a2 48 86 02 a9  ....@.e)....H...
00005140: 00 20 c8 df a9 20 85 39 ad 10 02 c9 d8 b0 05 a9  . ... .9........
00005150: 10 4c 46 d1 a9 00 85 08 60 ad 90 05 d0 07 a9 20  .LF.....`...... 
00005160: 85 35 8d 90 05 a4 35 d0 06 a9 00 8d 91 05 60 a9  .5....5.......`.
00005170: 20 85 01 a9 c8 a6 4a e0 04 d0 02 a9 c4 85 00 e0   .....J.........
00005180: 03 f0 09 a9 ce 85 02 a9 ba 4c 82 d1 a9 d3 85 02  .........L......
00005190: a9 ba 85 03 c0 10 f0 11 c0 01 f0 06 a9 00 8d 91  ................
000051a0: 05 60 a5 02 18 69 0e 85 02 20 a1 e5 a9 01 8d 91  .`...i... ......
000051b0: 05 60 a6 8c f0 31 a9 30 85 04 ad 30 02 c9 d8 b0  .`...1.0...0....
000051c0: 0b 18 69 02 85 01 a9 00 48 4c c5 d1 a9 00 85 8c  ..i.....HL......
000051d0: a9 ff 85 01 48 ad 31 02 85 02 a9 22 85 03 ad 33  ....H.1...."...3
000051e0: 02 85 00 68 20 e1 df 60 a9 c0 85 04 a9 00 a2 00  ...h ..`........
000051f0: a0 00 48 b9 c0 02 c9 ff d0 06 20 8c d2 4c 30 d2  ..H....... ..L0.
00005200: 85 01 b9 c3 02 85 00 b5 a3 c9 02 10 09 a9 98 85  ................
00005210: 02 a9 ba 4c 0c d2 a9 9c 85 02 a9 ba 85 03 20 42  ...L.......... B
00005220: e1 20 6e de c9 00 d0 2d 20 7e de c9 00 d0 43 c6  . n....- ~....C.
00005230: a2 c4 a2 f0 51 e6 a2 b5 a3 c9 02 10 53 4c 86 d2  ....Q.......SL..
00005240: 68 aa e8 e4 a0 f0 0d 98 18 69 08 a8 69 c0 85 04  h........i..i...
00005250: 8a 4c e2 d1 60 20 7e de c9 00 f0 0c 20 0e d4 b5  .L..` ~..... ...
00005260: a3 c9 02 30 11 4c 5c d2 a9 00 95 a8 20 dd d2 4c  ...0.L\..... ..L
00005270: 30 d2 a9 00 95 a8 c8 c4 a2 d0 04 a9 00 85 a2 88  0...............
00005280: 20 30 d3 4c 30 d2 20 bb d2 e6 a2 95 a3 4c 30 d2   0.L0. ......L0.
00005290: 20 93 d3 4c 30 d2 20 cd d3 4c 30 d2 ad 11 02 c9   ..L0. ..L0.....
000052a0: 50 f0 06 a5 4b c9 03 30 21 a5 a2 d0 1d c8 84 a2  P...K..0!.......
000052b0: 88 a9 40 85 00 a9 34 85 01 a9 58 85 02 a9 12 85  ..@...4...X.....
000052c0: 03 a9 00 85 80 95 a3 20 da df 60 b9 c0 02 85 01  ....... ..`.....
000052d0: a9 01 20 88 df b5 57 69 80 95 57 a9 00 79 c3 02  .. ...Wi..W..y..
000052e0: 85 00 a9 58 85 02 a9 12 85 03 4c da df b5 a3 c9  ...X......L.....
000052f0: 02 d0 08 20 0a d3 a2 00 4c f0 d2 20 20 d3 a2 02  ... ....L..  ...
00005300: 29 02 f0 05 a9 60 4c fb d2 a9 62 85 02 b9 c3 02  )....`L...b.....
00005310: 85 00 a9 21 85 03 8a 4c e1 df b5 57 18 6d 01 05  ...!...L...W.m..
00005320: 95 57 a9 00 2a 85 01 b9 c0 02 38 e5 01 85 01 60  .W..*.....8....`
00005330: b5 57 18 6d 02 05 95 57 a9 00 79 c0 02 85 01 60  .W.m...W..y....`
00005340: ad 10 02 d9 c0 02 90 05 a9 40 4c 40 d3 ad 06 05  .........@L@....
00005350: d5 18 90 01 60 b5 a3 c9 00 d0 06 20 71 d3 4c 54  ....`...... q.LT
00005360: d3 20 7f d3 85 00 29 02 d0 05 a9 58 4c 61 d3 a9  . ....)....XLa..
00005370: 5a 85 02 b9 c0 02 85 01 a9 12 85 03 b5 a3 4c e1  Z.............L.
00005380: df b5 57 18 6d 00 05 95 57 a9 00 79 c3 02 60 b5  ..W.m...W..y..`.
00005390: 57 18 6d 00 05 95 57 a9 00 2a 85 00 b9 c3 02 38  W.m...W..*.....8
000053a0: e5 00 60 b5 a3 c9 02 d0 09 a9 03 95 a3 a2 00 4c  ..`............L
000053b0: ab d3 a9 02 95 a3 a2 01 4c b4 d3 b9 c0 02 18 69  ........L......i
000053c0: 01 4c ba d3 b9 c0 02 38 e9 01 85 01 b9 c3 02 85  .L.....8........
000053d0: 00 a9 62 85 02 a9 21 85 03 8a 4c e1 df b5 a3 c9  ..b...!...L.....
000053e0: 00 d0 0b a9 5a 85 02 a9 01 95 a3 4c e9 d3 a9 58  ....Z......L...X
000053f0: 85 02 a9 00 95 a3 4c e9 d3 48 b9 c0 02 85 01 68  ......L..H.....h
00005400: f0 09 b9 c3 02 38 e9 01 4c 01 d4 b9 c3 02 18 69  .....8..L......i
00005410: 01 85 00 a9 12 85 03 b5 a3 49 01 4c e1 df 8a 48  .........I.L...H
00005420: b5 a8 f0 03 4c 4f d4 a9 01 95 a8 b5 a3 85 08 a9  ....LO..........
00005430: 00 95 a3 20 52 d4 a5 19 c5 05 90 11 a5 1a c5 06  ... R...........
00005440: 90 09 a5 1b c5 07 b0 07 4c 41 d4 f6 a3 f6 a3 f6  ........LA......
00005450: a3 b5 a3 a6 08 20 ac d6 18 79 c3 02 99 c3 02 68  ..... ...y.....h
00005460: aa 60 b9 c3 02 85 00 b9 c0 02 85 01 a9 30 85 05  .`...........0..
00005470: a9 40 85 06 a9 80 85 07 20 ba d4 a5 4a c9 04 f0  .@...... ...J...
00005480: 1b c6 3f c6 41 20 6e de e6 3f e6 41 c9 00 f0 0c  ..?.A n..?.A....
00005490: 20 5d cb c9 00 d0 18 b9 c0 02 85 01 20 64 cb c9   ].......... d..
000054a0: 00 d0 12 ad 23 02 c5 00 90 17 f0 02 b0 0d 60 ad  ....#.........`.
000054b0: 03 05 85 05 60 ad 04 05 85 06 60 ad 05 05 85 07  ....`.....`.....
000054c0: 60 38 a9 ff ed 05 05 85 07 60 8a 48 a2 03 bd fc  `8.......`.H....
000054d0: 05 95 3e ca 10 f8 68 aa 60 a9 e0 85 04 a9 00 a2  ..>...h.`.......
000054e0: 00 a0 00 48 8a 48 b9 e0 02 c9 ff f0 14 b5 b9 d0  ...H.H..........
000054f0: 16 b5 b4 c9 03 f0 1c c9 01 f0 1e 20 dd d5 4c 0c  ........... ..L.
00005500: d5 20 4e d5 4c 38 d5 38 e9 01 95 b9 d0 3a 85 b3  . N.L8.8.....:..
00005510: 4c 38 d5 20 36 d6 4c 0c d5 20 a7 d5 29 04 f0 05  L8. 6.L.. ..)...
00005520: a9 58 4c 17 d5 a9 5a 85 02 b4 b4 c0 03 f0 0b a9  .XL...Z.........
00005530: 12 85 03 b5 b4 49 00 4c 35 d5 18 69 08 85 02 a9  .....I.L5..i....
00005540: 21 85 03 a9 02 20 e1 df 68 aa 68 e8 e4 b0 f0 0d  !.... ..h.h.....
00005550: 18 69 08 a8 18 69 e0 85 04 98 4c d3 d4 60 a5 36  .i...i....L..`.6
00005560: d0 54 ad 10 05 85 36 a5 b3 d0 4b a5 b0 c5 b1 f0  .T....6...K.....
00005570: 45 30 43 e6 b1 a9 01 85 b3 a9 30 95 b9 85 35 a9  E0C.......0...5.
00005580: 50 85 00 a9 37 85 01 a9 58 85 02 a9 12 85 03 ad  P...7...X.......
00005590: 13 02 c9 45 b0 09 a9 ff 38 ed 15 05 4c 92 d5 ad  ...E....8...L...
000055a0: 15 05 c5 19 90 05 a9 00 4c 9d d5 a9 01 95 b4 a9  ........L.......
000055b0: 00 85 b2 20 d5 df 60 b9 e3 02 18 69 08 c9 2c f0  ... ..`....i..,.
000055c0: 0d c9 14 d0 06 20 93 d6 4c 36 d6 4c c8 d5 20 62  ..... ..L6.L.. b
000055d0: d6 b5 b4 c9 03 d0 01 60 b9 e0 02 85 01 b5 5d 38  .......`......]8
000055e0: ed 11 05 95 5d b9 e3 02 e9 00 85 00 60 b9 e3 02  ....].......`...
000055f0: 18 69 07 c9 94 f0 1d c9 6b f0 1c c9 8b f0 18 c9  .i......k.......
00005600: a3 f0 14 c9 bb f0 10 c9 d3 d0 06 20 93 d6 4c 36  ........... ..L6
00005610: d6 4c 11 d6 4c 26 d6 20 62 d6 b5 b4 c9 03 d0 01  .L..L&. b.......
00005620: 60 b9 e0 02 85 01 b5 5d 18 6d 11 05 95 5d a9 00  `......].m...]..
00005630: 79 e3 02 85 00 60 b9 e0 02 18 69 08 85 01 b9 e3  y....`....i.....
00005640: 02 85 00 e6 00 60 b9 e0 02 c9 e0 90 0d a9 ff 85  .....`..........
00005650: 00 85 01 c6 b1 a9 00 95 b4 60 a9 03 95 b4 b9 e3  .........`......
00005660: 02 85 00 b5 5d 6d 12 05 95 5d a9 00 79 e0 02 85  ....]m...]..y...
00005670: 01 60 b9 e3 02 85 00 b9 e0 02 85 01 20 ba d4 20  .`.......... .. 
00005680: 64 cb f0 06 ad 14 05 4c 88 d6 ad 10 02 c9 47 90  d......L......G.
00005690: 05 a9 40 4c 88 d6 a9 10 d5 18 b0 01 60 20 93 d6  ..@L........` ..
000056a0: 4c 36 d6 8a 48 b5 b4 85 00 a9 03 95 b4 a6 00 20  L6..H.......... 
000056b0: ac d6 18 79 e3 02 99 e3 02 68 aa 60 e0 02 10 0a  ...y.....h.`....
000056c0: c9 02 10 03 a9 00 60 a9 05 60 c9 02 10 03 a9 fb  ......`..`......
000056d0: 60 a9 00 60 a5 d0 f0 24 ae 0c 02 e0 a0 f0 11 e8  `..`...$........
000056e0: 8e 0c 02 a9 f0 8d 0d 02 a9 ab 8d 0f 02 4c ec d6  .............L..
000056f0: a9 ff 8d 0c 02 8d 0f 02 a9 00 85 d0 60 a6 ad d0  ............`...
00005700: 01 60 ad 10 02 c9 8b b0 02 a9 8c 85 01 ca a9 00  .`..............
00005710: 85 ad ad 13 02 18 75 a0 85 00 ad 11 02 a6 6d d0  ......u.......m.
00005720: 03 38 e9 06 85 02 a5 6d 49 01 4c c8 df a5 bd d0  .8.....mI.L.....
00005730: 43 c5 bc f0 3e 85 bc ad 10 02 c9 c2 b0 21 a9 01  C...>........!..
00005740: 85 6c a9 03 85 6b a6 6d e8 e8 e8 86 54 a5 87 c9  .l...k.m....T...
00005750: 02 f0 0c a9 01 85 87 a9 90 85 7c a9 60 85 86 a9  ..........|.`...
00005760: 02 85 7a a9 00 85 be 85 38 a9 94 85 02 20 04 d8  ..z.....8.... ..
00005770: 20 17 d8 60 c5 bc f0 36 85 bc ad 13 02 85 00 ad   ..`...6........
00005780: 10 02 85 01 a9 08 85 02 a5 6d 49 01 20 c8 df a9  .........mI. ...
00005790: 04 85 6b a9 fe 85 38 a9 01 85 7a a9 90 85 86 a9  ..k...8...z.....
000057a0: 01 85 87 a9 20 85 7b a9 70 85 7c 20 22 d8 a5 38  .... .{.p.| "..8
000057b0: 29 02 d0 2b a5 be d0 16 ad 10 02 c9 c8 90 02 85  )..+............
000057c0: be ad c1 02 c9 a0 f0 1a 18 69 04 4c d2 d7 a9 fe  .........i.L....
000057d0: 85 7a ad c1 02 c9 94 f0 09 38 e9 04 4c d2 d7 ad  .z.......8..L...
000057e0: c1 02 85 02 c9 a0 d0 2c a5 6d f0 28 a5 76 c9 c0  .......,.m.(.v..
000057f0: 90 22 a5 14 29 80 c9 80 f0 08 a5 16 29 80 c9 80  ."..).......)...
00005800: d0 12 a9 d0 c5 19 90 0c a9 40 85 86 a9 02 85 87  .........@......
00005810: a9 60 85 7c a9 40 85 00 a9 cf 85 01 a9 22 85 03  .`.|.@......."..
00005820: a9 c0 85 04 4c d5 df a9 c4 85 02 a9 ba 85 03 4c  ....L..........L
00005830: 2a d8 a9 c7 85 02 a9 ba 85 03 a9 48 85 00 a9 23  *..........H...#
00005840: 85 01 4c a1 e5 a2 00 a0 00 b9 93 02 d5 a3 d0 07  ..L.............
00005850: a9 01 95 a9 4c 4f d8 d5 a6 d0 04 a9 00 95 a9 b5  ....LO..........
00005860: a9 e0 00 f0 16 e0 01 f0 06 20 ed d8 4c 62 d8 20  ......... ..Lb. 
00005870: d3 d8 20 5b d9 20 94 d9 4c 71 d8 20 7f d8 20 17  .. [. ..Lq. .. .
00005880: d9 e0 02 f0 09 e8 98 18 69 10 a8 4c 39 d8 60 20  ........i..L9.` 
00005890: b8 d9 18 6d 93 02 8d 93 02 8d 97 02 18 69 30 8d  ...m.........i0.
000058a0: 9b 02 8d 9f 02 ad 94 02 c9 8b f0 06 c9 92 d0 10  ................
000058b0: a9 00 85 00 c5 ac f0 04 a9 43 85 36 a5 00 85 ac  .........C.6....
000058c0: a5 36 c9 00 d0 1c a5 ac c9 00 d0 09 ad 94 02 38  .6.............8
000058d0: e9 01 4c cb d8 ad 94 02 18 69 01 8d 94 02 a9 06  ..L......i......
000058e0: 85 36 60 20 b8 d9 18 6d a3 02 85 00 a9 b0 85 01  .6` ...m........
000058f0: 85 02 a9 12 85 03 a9 a0 85 04 4c d5 df 20 b8 d9  ..........L.. ..
00005900: 18 6d b3 02 85 00 a9 cf 85 01 a9 b0 85 02 a9 12  .m..............
00005910: 85 03 a9 b0 85 04 20 d5 df a5 00 18 69 10 85 00  ...... .....i...
00005920: a9 b8 85 04 4c d5 df a5 ae d0 31 ad 97 02 85 00  ....L.....1.....
00005930: ad 94 02 85 01 a9 a0 85 02 a9 ba 85 03 20 42 e1  ............. B.
00005940: ad 9f 02 85 00 ad 9c 02 85 01 20 47 e1 86 05 a2  .......... G....
00005950: 07 b5 3e 9d 8c 04 ca 10 f8 a6 05 60 86 05 a9 00  ..>........`....
00005960: a2 07 9d 8c 04 ca 10 fa a6 05 60 ad a3 02 85 00  ..........`.....
00005970: ad a0 02 85 01 a9 a4 85 02 a9 ba 85 03 20 42 e1  ............. B.
00005980: ad b3 02 85 00 ad b0 02 85 01 a9 a8 85 02 a9 ba  ................
00005990: 85 03 20 47 e1 86 05 a2 07 b5 3e 9d 24 04 ca 10  .. G......>.$...
000059a0: f8 a6 05 60 ad a3 02 85 00 ad a0 02 85 01 a9 ac  ...`............
000059b0: 85 02 a9 ba 85 03 20 42 e1 86 05 a2 03 b5 3e 9d  ...... B......>.
000059c0: d0 04 ca 10 f8 a6 05 60 c9 00 f0 0d b5 57 18 69  .......`.....W.i
000059d0: 3a 95 57 a9 00 2a 4c da d9 b5 57 38 e9 3a 95 57  :.W..*L...W8.:.W
000059e0: a9 00 2a 49 01 49 ff 18 69 01 95 a0 60 ad 91 05  ..*I.I..i...`...
000059f0: f0 01 60 a2 00 85 e7 a0 06 98 48 8a 48 bd e7 05  ..`.......H.H...
00005a00: 85 00 bd e8 05 c9 40 f0 23 85 01 a9 bc 85 02 a9  ......@.#.......
00005a10: b9 85 03 20 47 e1 c9 00 f0 12 a5 55 f0 0e c5 54  ... G......U...T
00005a20: d0 0a c9 01 d0 06 20 3a da 20 59 da 68 aa 68 a8  ...... :. Y.h.h.
00005a30: 88 f0 0b a5 0d c9 02 f0 05 e8 e8 4c e9 d9 a5 e7  ...........L....
00005a40: f0 07 20 7c e2 a9 00 85 e7 60 48 8a 48 98 48 a9  .. |.....`H.H.H.
00005a50: 6d a2 01 18 a0 02 95 d1 69 01 e8 88 d0 f8 e8 e0  m.......i.......
00005a60: 0a d0 f1 68 a8 68 aa 68 60 a9 33 85 d1 a9 24 85  ...h.h.h`.3...$.
00005a70: d4 a9 65 85 d7 b5 db 38 e9 20 95 db 85 00 b5 dc  ..e....8. ......
00005a80: e9 00 95 dc 85 01 bd e8 05 38 e9 08 9d e8 05 48  .........8.....H
00005a90: c9 40 f0 0f c9 48 f0 22 c9 b0 d0 28 a9 66 85 d7  .@...H."...(.f..
00005aa0: 4c b4 da a9 69 85 d2 85 d8 a9 6a 85 d3 85 d9 a9  L...i.....j.....
00005ab0: 8a 85 d5 a9 ff 85 d6 4c b4 da a9 6a 85 d2 85 d8  .......L...j....
00005ac0: a9 6f 85 d5 a9 d1 85 02 a9 00 85 03 20 a1 e5 68  .o.......... ..h
00005ad0: c9 40 d0 0b a9 04 85 fe e6 e7 e6 53 20 62 e3 60  .@.........S b.`
00005ae0: a9 40 85 04 a2 00 a0 00 86 05 86 06 8a 0a aa bd  .@..............
00005af0: 14 b9 85 02 bd 15 b9 85 03 b9 40 02 c9 ff d0 03  ..........@.....
00005b00: 4c 7b db a6 06 dd f8 b8 f0 19 b0 14 bd f8 b8 38  L{.............8
00005b10: e9 12 d9 40 02 90 03 4c 13 db b9 40 02 4c 13 db  ...@...L...@.L..
00005b20: bd f8 b8 85 01 b9 43 02 85 00 20 1b de 85 07 c9  ......C... .....
00005b30: 02 d0 10 a5 00 dd f9 b8 f0 05 dd fa b8 d0 04 a9  ................
00005b40: 03 85 07 a5 05 aa f0 14 e0 02 10 06 a5 4b c9 05  .............K..
00005b50: 10 0a ad 40 05 85 a1 a9 00 4c 52 db a9 ef 85 a1  ...@.....LR.....
00005b60: a9 01 85 a2 a5 07 c9 02 30 08 20 9c db 85 01 4c  ........0. ....L
00005b70: 67 db 20 b8 db 85 00 29 04 d0 05 a9 74 4c 72 db  g. ....)....tLr.
00005b80: a9 78 85 02 a9 22 85 03 20 d5 df a6 05 e8 e4 a0  .x...".. .......
00005b90: f0 19 86 05 e6 06 e6 06 e6 06 98 18 69 10 a8 18  ............i...
00005ba0: a5 04 69 10 85 04 a6 05 4c dc da 60 c9 02 f0 0c  ..i.....L..`....
00005bb0: b5 57 38 e5 a1 95 57 a5 01 e5 a2 60 b5 57 18 65  .W8...W....`.W.e
00005bc0: a1 95 57 a5 01 65 a2 60 c9 00 d0 0c b5 57 18 65  ..W..e.`.....W.e
00005bd0: a1 95 57 a5 00 65 a2 60 b5 57 38 e5 a1 95 57 a5  ..W..e.`.W8...W.
00005be0: 00 e5 a2 60 a2 00 a4 cf 84 05 b9 40 02 c9 ff f0  ...`.......@....
00005bf0: 67 cd 75 05 90 6b 85 01 c8 c8 c8 b9 40 02 c9 01  g.u..k......@...
00005c00: b0 05 a9 0f 4c 2a dc 85 00 98 48 bd 22 05 0a a8  ....L*....H."...
00005c10: b1 b4 85 02 c8 b1 b4 85 03 20 1b de 85 06 a5 b2  ......... ......
00005c20: f0 03 20 b4 dd 68 a8 a5 06 c9 08 f0 0d c9 02 f0  .. ..h..........
00005c30: 06 20 57 dc 4c 2a dc 20 be dc 48 a9 22 85 03 a9  . W.L*. ..H."...
00005c40: 40 18 65 05 85 04 68 29 07 20 e1 df a5 05 18 69  @.e...h). .....i
00005c50: 10 a8 e8 e4 b0 d0 91 60 20 f8 dc 20 1b dd 4c 3c  .......` .. ..L<
00005c60: dc 20 3d dd 4c 2a dc 48 c9 00 f0 06 20 8a dc 4c  . =.L*.H.... ..L
00005c70: 65 dc 20 7c dc 85 00 2d 76 05 f0 06 ad 70 05 4c  e. |...-v....p.L
00005c80: 75 dc ad 71 05 85 02 88 88 88 68 60 b5 5d 18 6d  u..q......h`.].m
00005c90: 21 05 95 5d b9 40 02 69 00 60 a5 4a c9 02 d0 20  !..].@.i.`.J... 
00005ca0: b9 40 02 cd 77 05 d0 18 48 a9 04 85 fc 68 ec 30  .@..w...H....h.0
00005cb0: 05 d0 0d a9 01 85 d0 b9 3d 02 18 69 08 8d 0c 02  ........=..i....
00005cc0: b5 5d 38 ed 21 05 95 5d b9 40 02 e9 00 60 88 88  .]8.!..].@...`..
00005cd0: 88 a5 4a c9 02 d0 06 a5 fc 09 40 85 fc b5 5d 18  ..J.......@...].
00005ce0: 6d 21 05 95 5d b9 40 02 69 00 85 01 a5 b2 d0 06  m!..].@.i.......
00005cf0: ad 72 05 4c f3 dc a5 01 29 04 f0 05 a9 7c 4c f3  .r.L....)....|L.
00005d00: dc a9 80 85 02 a9 00 60 a5 ce d0 40 a5 35 d0 3c  .......`...@.5.<
00005d10: ad 20 05 85 35 a5 b2 85 ce ad 73 05 85 00 ad 74  . ..5.....s....t
00005d20: 05 85 01 ad 70 05 85 02 4c 29 dd a5 b2 f0 1d a5  ....p...L)......
00005d30: c4 f0 19 85 00 a9 48 85 01 a9 22 85 03 98 18 69  ......H..."....i
00005d40: 40 85 04 a9 00 85 c4 20 d5 df e6 b1 60 a5 b2 d0  @...... ....`...
00005d50: 3a c8 c8 c8 b9 40 02 cd 77 05 d0 0e 85 00 ad 72  :....@..w......r
00005d60: 05 85 02 a9 31 85 01 a9 00 60 29 08 d0 0b ad 70  ....1....`)....p
00005d70: 05 85 02 ad 78 05 4c 71 dd ad 71 05 85 02 ad 79  ....x.Lq..q....y
00005d80: 05 85 01 20 7c dc 85 00 a9 00 60 a5 35 f0 1a 29  ... |.....`.5..)
00005d90: 04 f0 05 a9 7c 4c 8a dd a9 80 85 02 ad 73 05 85  ....|L.......s..
00005da0: 00 ad 74 05 85 01 a9 00 60 ad 73 05 85 00 ad 75  ..t.....`.s....u
00005db0: 05 85 01 a9 7c 85 02 a9 00 85 ce e6 b1 a9 a0 85  ....|...........
00005dc0: 35 a9 00 60 a5 01 c9 48 d0 2a a5 00 a0 00 d9 0a  5..`...H.*......
00005dd0: b9 f0 06 b0 1f c8 4c be dd e4 c3 f0 29 ad 10 02  ......L.....)...
00005de0: c9 68 b0 10 b5 19 c9 60 90 0b b5 1a c9 a0 90 04  .h.....`........
00005df0: a5 00 85 c4 60 b5 1a c9 60 90 13 86 c3 a9 90 85  ....`...`.......
00005e00: 36 a9 7c 4c 14 de a5 36 d0 0f a9 ff 85 c3 e6 01  6.|L...6........
00005e10: a9 7c 85 02 a9 02 4c 18 de 29 04 f0 05 a9 80 4c  .|....L..).....L
00005e20: 14 de a9 7c 85 02 a9 08 85 06 60 8a 48 98 48 a0  ...|......`.H.H.
00005e30: 00 b1 02 aa a0 02 b1 02 c5 01 f0 0a c8 c8 ca d0  ................
00005e40: f5 a9 02 4c 65 de 88 b1 02 c5 00 d0 12 c8 c8 b1  ...Le...........
00005e50: 02 c5 00 90 05 a9 00 4c 65 de a9 01 4c 65 de c8  .......Le...Le..
00005e60: c8 b1 02 c5 00 90 0c f0 05 a9 00 4c 65 de a9 02  ...........Le...
00005e70: 4c 65 de a9 01 85 0f 68 a8 68 aa a5 0f 60 a9 00  Le.....h.h...`..
00005e80: f0 0e a9 01 d0 0a a9 02 d0 06 a9 03 d0 02 a9 04  ................
00005e90: 85 0f 8a 48 98 48 a5 00 48 a5 01 48 a5 02 48 a5  ...H.H..H..H..H.
00005ea0: 03 48 a5 0f c9 01 f0 32 c9 02 f0 65 c9 03 d0 03  .H.....2...e....
00005eb0: 4c 18 df c9 04 d0 03 4c 38 df 20 b6 de a6 42 86  L......L8. ...B.
00005ec0: 73 86 74 4c 3e df a5 4a 38 e9 01 0a aa bd 47 bb  s.tL>..J8.....G.
00005ed0: 85 02 bd 48 bb 85 03 4c 4c e1 a5 3e 48 18 69 10  ...H...LL..>H.i.
00005ee0: 85 3e 20 b6 de a6 42 86 73 85 0d 68 85 3e a5 40  .> ...B.s..h.>.@
00005ef0: 48 38 e9 10 85 40 20 b6 de a6 42 86 74 c9 00 f0  H8...@ ...B.t...
00005f00: 06 a5 0d 09 10 85 0d 68 85 40 a5 0d 85 0f 4c 3e  .......h.@....L>
00005f10: df a5 4a 38 e9 01 0a aa bd 4f bb 85 02 bd 50 bb  ..J8.....O....P.
00005f20: 85 03 20 4c e1 4c 3e df 20 53 df a5 3f 48 a5 41  .. L.L>. S..?H.A
00005f30: 48 18 69 01 85 3f 69 01 85 41 20 4c e1 68 85 41  H.i..?i..A L.h.A
00005f40: 68 85 3f a5 0f 4c 3e df 20 53 df 20 4c e1 85 0f  h.?..L>. S. L...
00005f50: 68 85 03 68 85 02 68 85 01 68 85 00 68 a8 68 aa  h..h..h..h..h.h.
00005f60: a5 0f 60 a5 4a 38 e9 01 0a aa bd 3f bb 85 02 bd  ..`.J8.....?....
00005f70: 40 bb 85 03 60 8d e0 05 a5 55 c5 54 d0 0e de e1  @...`....U.T....
00005f80: 05 bd e1 05 c9 ff f0 04 c9 00 d0 09 ad e0 05 9d  ................
00005f90: e1 05 a9 01 60 a9 00 60 86 0f 0a aa b5 7e d0 0d  ....`..`.....~..
00005fa0: 95 83 a9 08 95 82 a9 f0 95 7f 4c a9 df b5 82 69  ..........L....i
00005fb0: 10 95 82 b5 83 69 00 95 83 b5 7f 38 f5 86 95 7f  .....i.....8....
00005fc0: a5 01 f5 87 85 01 18 b5 7f 75 82 95 7f a5 01 75  .........u.....u
00005fd0: 83 85 01 f6 7e a6 0f 60 48 a9 24 85 03 a9 10 85  ....~..`H.$.....
00005fe0: 04 68 4c e1 df a9 00 4c e1 df a9 01 4c e1 df a9  .hL....L....L...
00005ff0: 04 48 85 0f 8a 48 98 48 a5 00 48 a5 01 48 a5 05  .H...H.H..H..H..
00006000: 48 a5 06 48 a5 07 48 a5 08 48 a5 09 48 a9 02 85  H..H..H..H..H...
00006010: 05 a5 0f c9 04 f0 43 a9 0f 25 03 85 07 a5 03 4a  ......C..%.....J
00006020: 4a 4a 4a 85 06 aa a9 00 18 65 07 ca d0 fb 85 08  JJJ......e......
00006030: a5 0f d0 06 20 78 e0 4c 44 e0 c9 01 f0 0a c9 02  .... x.LD.......
00006040: f0 0c 20 23 e1 4c 4d e0 20 b9 e0 4c 44 e0 20 ed  .. #.LM. ..LD. .
00006050: e0 4c 44 e0 20 93 e0 4c 4d e0 20 68 e0 68 85 09  .LD. ..LM. h.h..
00006060: 68 85 08 68 85 07 68 85 06 68 85 05 68 85 01 68  h..h..h..h..h..h
00006070: 85 00 68 a8 68 aa 68 60 a5 02 a6 03 a0 02 91 04  ..h.h.h`........
00006080: c8 c8 c8 c8 ca d0 f7 60 a5 02 a6 08 a0 01 91 04  .......`........
00006090: 18 69 01 c8 48 b1 04 29 3f 91 04 68 c8 c8 c8 ca  .i..H..)?..h....
000060a0: d0 ec 60 a0 00 a6 06 a5 01 85 09 a5 09 91 04 18  ..`.............
000060b0: 69 08 85 09 c8 c8 c8 a5 00 91 04 c8 ca d0 ec 18  i...............
000060c0: 69 08 85 00 c6 07 d0 dd 60 a0 01 84 0a a5 08 38  i.......`......8
000060d0: e5 06 a8 85 0b a6 06 98 48 18 98 65 02 a4 0a 91  ........H..e....
000060e0: 04 c8 b1 04 29 3f 49 40 91 04 c8 c8 c8 84 0a 68  ....)?I@.......h
000060f0: a8 c8 ca d0 e2 a5 0b 38 e5 06 10 d6 60 a9 01 85  .......8....`...
00006100: 0a a5 06 38 e9 01 a8 85 0b a6 06 98 48 18 98 65  ...8........H..e
00006110: 02 a4 0a 91 04 c8 b1 04 29 3f 09 80 91 04 c8 c8  ........)?......
00006120: c8 84 0a 68 a8 88 ca d0 e2 a5 0b 18 65 06 c5 08  ...h........e...
00006130: 30 d4 60 a0 00 a6 06 a5 01 85 09 a9 ff 91 04 c8  0.`.............
00006140: c8 c8 c8 ca d0 f7 a5 00 18 69 08 85 00 c6 07 d0  .........i......
00006150: e4 60 a9 00 4c 4e e1 a9 01 4c 4e e1 a9 02 85 0f  .`..LN...LN.....
00006160: 8a 48 98 48 a0 00 a5 0f c9 02 f0 13 c9 01 f0 06  .H.H............
00006170: 20 9a e1 4c 93 e1 20 9a e1 20 bb e1 4c 91 e1 b1   ..L.. .. ..L...
00006180: 02 c9 ff f0 1a 85 42 c8 b1 02 85 43 c8 b1 02 85  ......B....C....
00006190: 44 c8 b1 02 85 45 c8 20 bb e1 f0 e3 4c 91 e1 a9  D....E. ....L...
000061a0: 00 85 0f 68 a8 68 aa a5 0f 60 a2 00 a5 0f f0 02  ...h.h...`......
000061b0: a2 04 4c a5 e1 20 a8 e1 b1 02 18 65 00 95 3e e8  ..L.. .....e..>.
000061c0: c8 b1 02 18 65 01 95 3e e8 c8 60 a5 3e c5 42 90  ....e..>..`.>.B.
000061d0: 0b f0 0f c5 44 90 0b f0 09 a9 00 60 a5 40 c5 42  ....D......`.@.B
000061e0: 90 1a a5 3f c5 43 90 0b f0 0f c5 45 90 0b f0 09  ...?.C.....E....
000061f0: a9 00 60 a5 41 c5 43 90 03 a9 01 60 a9 00 60 a2  ..`.A.C....`..`.
00006200: 00 a0 00 b5 3a d0 08 a9 ff 99 00 02 99 04 02 e8  ....:...........
00006210: 98 18 69 30 a8 ad 31 02 29 f0 c9 a0 f0 04 e0 02  ..i0..1.).......
00006220: 30 e1 60 a0 00 84 0f 20 5c e2 b9 00 02 c9 ff d0  0.`.... \.......
00006230: 2f a5 05 99 03 02 18 69 08 99 07 02 a5 06 99 00  /......i........
00006240: 02 99 04 02 bd 13 bd 99 01 02 a9 01 99 02 02 a9  ................
00006250: f7 99 05 02 a9 01 99 06 02 a6 0f a9 04 95 3a 60  ..............:`
00006260: 98 18 69 30 a8 e6 0f c0 60 30 bf 60 8a 48 98 48  ..i0....`0.`.H.H
00006270: a5 4e d0 13 a5 49 09 18 85 01 bd 1a bd 20 52 e4  .N...I....... R.
00006280: a5 e7 d0 03 20 7c e2 68 a8 68 aa 60 a9 30 85 01  .... |.h.h.`.0..
00006290: a9 f9 20 52 e4 a9 40 85 01 a5 48 4c 52 e4 a5 4a  .. R..@...HLR..J
000062a0: c9 04 d0 01 60 c9 01 d0 01 60 ad c6 05 f0 01 60  ....`....`.....`
000062b0: a5 03 48 a5 04 48 a5 6d 29 01 d0 05 a2 00 4c b3  ..H..H.m).....L.
000062c0: e2 a2 02 bd 21 bd 85 02 bd 22 bd 85 03 ad 13 02  ....!...."......
000062d0: 85 00 ad 10 02 85 01 a9 00 20 4e e1 a5 4a c9 03  ......... N..J..
000062e0: f0 0f a6 b0 a0 00 20 21 cb f0 1b 20 0e e3 4c f6  ...... !... ..L.
000062f0: e2 a6 a0 a0 00 20 21 cb d0 09 a6 b0 a0 60 20 21  ..... !......` !
00006300: cb f0 03 20 0e e3 20 ba d4 68 85 04 68 85 03 ae  ... .. ..h..h...
00006310: c6 05 d0 01 60 a9 20 85 fd a2 00 4c 13 e2 a5 00  ....`. ....L....
00006320: 85 05 a5 01 85 06 ee c6 05 60 a5 9e c5 9f f0 0c  .........`......
00006330: 85 9f a9 00 8d c7 05 a2 04 4c 3d e3 ee c7 05 a9  .........L=.....
00006340: 01 cd c7 05 d0 05 a2 05 4c 3d e3 a2 06 ad 08 02  ........L=......
00006350: 38 e9 08 85 06 ad 0b 02 38 e9 04 85 05 4c 13 e2  8.......8....L..
00006360: ad 33 02 85 05 ad 30 02 38 e9 04 85 06 a2 03 4c  .3....0.8......L
00006370: 13 e2 a5 01 48 8a 48 bd e7 05 85 05 bd e8 05 18  ....H.H.........
00006380: 69 18 85 06 a2 01 20 13 e2 68 aa 68 85 01 60 a5  i..... ..h.h..`.
00006390: e8 d0 17 a9 01 85 e8 a9 00 85 4f 85 50 a9 0f 85  ..........O.P...
000063a0: 18 a9 13 85 19 a9 09 85 39 60 a5 50 f0 12 a5 51  ........9`.P...Q
000063b0: c9 05 d0 07 a9 03 85 6b 4c ad e3 85 54 c6 50 60  .......kL...T.P`
000063c0: 8d 15 05 a6 4f bd 4d bd 85 50 bd 2d bd 85 51 e6  ....O.M..P.-..Q.
000063d0: 4f 60 a5 ef 29 01 0a aa a5 21 9d 0e 01 a5 22 9d  O`..)....!....".
000063e0: 0f 01 60 a5 ef 29 01 0a aa bd 0e 01 85 21 bd 0f  ..`..).......!..
000063f0: 01 85 22 60 a5 3c f0 01 60 a5 2e d0 05 a9 05 85  .."`.<..`.......
00006400: 6b 60 a9 0f 85 3c a9 01 85 00 a9 0a 85 01 20 13  k`...<........ .
00006410: e6 a9 02 85 00 a9 01 8d c8 05 4c 23 e5 ad 31 03  ..........L#..1.
00006420: d0 3f ae 00 03 bd 02 03 f0 37 29 f0 4a 4a 4a a8  .?.......7).JJJ.
00006430: b9 fd b6 85 02 c8 b9 fd b6 85 03 bd 02 03 29 0f  ..............).
00006440: 85 01 a9 00 9d 02 03 a9 e4 48 a9 0c 48 e8 e8 8a  .........H..H...
00006450: c9 2e 90 02 a9 00 8d 00 03 bd 01 03 85 00 6c 02  ..............l.
00006460: 00 60 ae 01 03 bc 02 03 d0 14 9d 03 03 a5 01 9d  .`..............
00006470: 02 03 e8 e8 8a c9 2e 90 02 a9 00 8d 01 03 60 a9  ..............`.
00006480: 31 85 00 a9 03 85 01 20 0f e5 a9 00 8d 30 03 8d  1...... .....0..
00006490: 31 03 60 a9 00 8d 03 20 a9 02 8d 14 40 60 ad 02  1.`.... ....@`..
000064a0: 20 a5 10 29 fb 8d 00 20 85 10 a9 1c 18 69 04 c6   ..)... .....i..
000064b0: 01 d0 fa 85 02 8d 06 20 a9 00 8d 06 20 a2 04 a0  ....... .... ...
000064c0: 00 a5 00 8d 07 20 88 d0 fa ca d0 f7 a5 02 69 03  ..... ........i.
000064d0: 8d 06 20 a9 c0 8d 06 20 a0 40 a9 00 8d 07 20 88  .. .... .@.... .
000064e0: d0 fa 60 8d 06 20 c8 b1 00 8d 06 20 c8 b1 00 0a  ..`.. ..... ....
000064f0: 48 a5 10 09 04 b0 02 29 fb 8d 00 20 85 10 68 0a  H......)... ..h.
00006500: 90 03 09 02 c8 4a 4a aa b0 01 c8 b1 00 8d 07 20  .....JJ........ 
00006510: ca d0 f5 38 98 65 00 85 00 a9 00 65 01 85 01 ae  ...8.e.....e....
00006520: 02 20 a0 00 b1 00 d0 bb a5 12 8d 05 20 a5 13 8d  . .......... ...
00006530: 05 20 60 a9 04 46 00 90 05 48 20 34 e5 68 18 e9  . `..F...H 4.h..
00006540: 00 10 f2 60 0a 0a a8 85 02 ae 30 03 b9 09 b7 9d  ...`......0.....
00006550: 31 03 20 ff e5 c8 b9 09 b7 9d 31 03 20 ff e5 c8  1. .......1. ...
00006560: b9 09 b7 29 07 9d 31 03 85 01 8a 38 65 01 20 01  ...)..1....8e. .
00006570: e6 aa 8e 30 03 a9 00 9d 31 03 c8 b9 09 b7 85 03  ...0....1.......
00006580: ca b9 20 00 29 0f 9d 31 03 c6 01 f0 12 ca b9 20  .. .)..1....... 
00006590: 00 29 f0 4a 4a 4a 4a 9d 31 03 88 c6 01 d0 e1 a5  .).JJJJ.1.......
000065a0: 03 29 01 f0 0b a4 02 18 b9 20 00 69 37 9d 31 03  .)....... .i7.1.
000065b0: 60 8a 48 98 48 a0 00 b1 02 29 0f 85 05 b1 02 4a  `.H.H....).....J
000065c0: 4a 4a 4a 85 04 ae 30 03 a5 01 9d 31 03 20 ff e5  JJJ...0....1. ..
000065d0: a5 00 9d 31 03 20 ff e5 a5 04 85 06 09 80 9d 31  ...1. .........1
000065e0: 03 20 ff e5 c8 b1 02 9d 31 03 c6 06 d0 f3 20 ff  . ......1..... .
000065f0: e5 18 a9 01 65 00 85 00 a9 00 65 01 85 01 8e 30  ....e.....e....0
00006600: 03 c6 05 d0 c3 a9 00 9d 31 03 68 a8 68 aa 60 e8  ........1.h.h.`.
00006610: 8a c9 3f 90 0d ae 30 03 a9 00 9d 31 03 68 68 4c  ..?...0....1.hhL
00006620: fa e5 60 a2 ff d0 02 a2 00 86 04 a2 00 86 05 86  ..`.............
00006630: 06 86 07 a5 01 29 08 d0 01 e8 a5 00 95 06 a5 01  .....)..........
00006640: 4c 33 e6 29 07 0a 0a aa a5 04 f0 27 b5 24 f0 27  L3.).......'.$.'
00006650: 18 b5 27 85 03 a5 07 20 b8 e6 95 27 b5 26 85 03  ..'.... ...'.&..
00006660: a5 06 20 b8 e6 95 26 b5 25 85 03 a5 05 20 b8 e6  .. ...&.%.... ..
00006670: 95 25 60 b5 24 f0 d9 38 b5 27 85 03 a5 07 20 d9  .%`.$..8.'.... .
00006680: e6 95 27 b5 26 85 03 a5 06 20 d9 e6 95 26 b5 25  ..'.&.... ...&.%
00006690: 85 03 a5 05 20 d9 e6 95 25 b5 25 d0 08 b5 26 d0  .... ...%.%...&.
000066a0: 04 b5 27 f0 06 b0 20 b5 24 49 ff 95 24 38 a9 00  ..'... .$I..$8..
000066b0: 85 03 b5 27 20 d9 e6 95 27 b5 26 20 d9 e6 95 26  ...' ...'.& ...&
000066c0: b5 25 20 d9 e6 95 25 60 20 fb e6 65 01 c9 0a 90  .% ...%` ..e....
000066d0: 02 69 05 18 65 02 85 02 a5 03 29 f0 65 02 90 04  .i..e.....).e...
000066e0: 69 5f 38 60 c9 a0 b0 f8 60 20 fb e6 e5 01 85 01  i_8`....` ......
000066f0: b0 0a 69 0a 85 01 a5 02 69 0f 85 02 a5 03 29 f0  ..i.....i.....).
00006700: 38 e5 02 b0 03 69 a0 18 05 01 60 48 29 0f 85 01  8....i....`H)...
00006710: 68 29 f0 85 02 a5 03 29 0f 60 a9 00 85 04 18 a5  h).....).`......
00006720: 00 69 10 29 f0 4a 4a a8 a5 00 29 07 0a 0a aa b9  .i.).JJ...).....
00006730: 20 00 f0 51 b5 24 f0 26 38 b9 23 00 85 03 b5 27   ..Q.$.&8.#....'
00006740: 20 d9 e6 b9 22 00 85 03 b5 26 20 d9 e6 b9 21 00   ..."....& ...!.
00006750: 85 03 b5 25 20 d9 e6 b0 30 b9 20 00 d0 30 a9 ff  ...% ...0. ..0..
00006760: 85 04 38 98 d0 1e 90 10 b5 24 85 20 b5 25 85 21  ..8......$. .%.!
00006770: b5 26 85 22 b5 27 85 23 a5 00 29 08 f0 06 ca ca  .&.".'.#..).....
00006780: ca ca 10 ab 60 b5 24 f0 af b9 20 00 d0 d0 18 90  ....`.$... .....
00006790: d2 a2 03 c6 34 10 06 a9 0a 85 34 a2 08 b5 35 f0  ....4.....4...5.
000067a0: 02 d6 35 ca 10 f7 60 8a 48 98 48 ae 30 03 a5 01  ..5...`.H.H.0...
000067b0: 9d 31 03 20 ff e5 a5 00 9d 31 03 20 ff e5 a9 01  .1. .....1. ....
000067c0: 9d 31 03 20 ff e5 98 9d 31 03 20 ff e5 a9 00 9d  .1. ....1. .....
000067d0: 31 03 8e 30 03 68 a8 68 aa 60 a5 18 29 02 85 00  1..0.h.h.`..)...
000067e0: a5 19 29 02 45 00 18 f0 01 38 66 18 66 19 66 1a  ..).E....8f.f.f.
000067f0: 66 1b 66 1c 66 1d 66 1e 66 1f 60 a9 01 8d 16 40  f.f.f.f.f.`....@
00006800: a2 00 a9 00 8d 16 40 20 fe e7 e8 4c fe e7 a0 08  ......@ ...L....
00006810: 48 bd 16 40 85 00 4a 05 00 4a 68 2a 88 d0 f1 86  H..@..J..Jh*....
00006820: 00 06 00 a6 00 b4 14 84 00 95 14 29 ff 10 06 24  ...........)...$
00006830: 00 10 02 29 7f b4 15 95 15 98 29 0f 35 15 f0 06  ...)......).5...
00006840: 09 f0 35 15 95 15 60 3f 00 20 0f 2a 17 37 0f 30  ..5...`?. .*.7.0
00006850: 2a 16 0f 30 36 06 0f 12 37 16 0f 30 2a 16 0f 30  *..06...7..0*..0
00006860: 06 36 0f 2a 17 37 0f 30 30 12 23 c0 48 55 23 c8  .6.*.7.00.#.HU#.
00006870: 04 aa aa 30 0c 23 cd 43 05 23 d3 01 10 23 f8 48  ...0.#.C.#...#.H
00006880: ff 20 a9 43 5e 20 c8 02 48 4a 20 e8 02 49 4b 20  . .C^ ..HJ ..IK 
00006890: 8d 82 5c 5d 20 93 01 5d 21 00 53 5e 21 32 48 5e  ..\] ..]!.S^!2H^
000068a0: 21 22 90 5c 5c 5c 5d 5c 5c 5c 5c 5c 5c 5d 5c 5c  !".\\\]\\\\\\]\\
000068b0: 5c 5c 5d 21 25 8f 5c 5c 5c 5c 5c 5c 5c 5d 5c 5c  \\]!%.\\\\\\\]\\
000068c0: 5c 5c 5c 5c 5d 21 e8 8a 5c 5c 5c 5d 5c 5c 5c 5c  \\\\]!..\\\]\\\\
000068d0: 5c 5d 21 2d c7 5c 22 0d 86 5d 5c 5c 5c 5c 5d 21  \]!-.\"..]\\\\]!
000068e0: 31 89 5c 5c 5c 5c 5d 5c 5c 5c 5d 21 54 8c 5c 5c  1.\\\\]\\\]!T.\\
000068f0: 5c 5c 5d 5c 5c 5c 5d 5c 5c 5d 21 57 8a 5c 5d 5c  \\]\\\]\\]!W.\]\
00006900: 5c 5c 5c 5c 5d 5c 5d 20 da 90 5c 5c 5c 5c 5c 5d  \\\\]\] ..\\\\\]
00006910: 5c 5c 5c 5c 5d 5c 5c 5c 5c 5d 20 dd ca 5c 22 1d  \\\\]\\\\] ..\".
00006920: 86 5d 5c 5c 5c 5c 5d 21 c6 44 5e 22 38 48 5e 22  .]\\\\]!.D^"8H^"
00006930: 66 46 5e 23 1a 04 5f 60 60 61 23 2c 04 5f 60 60  fF^#.._``a#,._``
00006940: 61 23 35 08 5f 60 60 61 24 24 62 62 23 4d 42 62  a#5._``a$$bb#MBb
00006950: 23 51 03 5f 60 61 23 56 42 62 23 5b 42 62 23 60  #Q._`a#VBb#[Bb#`
00006960: 48 60 23 68 01 61 23 6d 42 62 23 72 01 62 23 76  H`#h.a#mBb#r.b#v
00006970: 42 62 23 7b 42 62 23 80 60 63 23 a0 60 64 21 44  Bb#{Bb#.`c#.`d!D
00006980: 82 58 59 21 45 82 5a 5b 21 4c 82 50 51 21 4d 82  .XY!E.Z[!L.PQ!M.
00006990: 96 97 21 93 82 58 59 21 94 82 5a 5b 22 51 82 54  ..!..XY!..Z["Q.T
000069a0: 55 22 52 82 56 57 00 3f 00 04 0f 21 12 37 3f 18  U"R.VW.?...!.7?.
000069b0: 08 0f 30 27 13 0f 30 2c 12 23 c0 48 55 23 c9 07  ..0'..0,.#.HU#..
000069c0: ff ff aa aa f5 05 05 23 da 04 10 00 00 40 20 63  .......#.....@ c
000069d0: 01 fd 20 6b 03 8d 8e 8f 20 75 02 fc fd 20 8c 12  .. k.... u... ..
000069e0: 80 30 34 38 3c 40 44 7f 25 13 2a 26 27 28 29 2a  .048<@D.%.*&'()*
000069f0: 15 2d 20 ab 13 7d 24 31 35 39 3d 41 45 24 2b 24  .- ..}$159=AE$+$
00006a00: 2c 24 24 24 24 2c 24 2f 20 ca 0c 7d 24 80 32 36  ,$$$$,$/ ..}$.26
00006a10: 3a 3e 42 46 7f 24 7e 20 e9 0e 68 24 68 24 33 37  :>BF.$~ ..h$h$37
00006a20: 3b 3f 43 47 24 68 24 68 20 c4 02 48 4a 20 e4 02  ;?CG$h$h ..HJ ..
00006a30: 49 4b 21 02 1c 69 69 69 6b 69 69 69 69 69 6b 69  IK!..iiikiiiiiki
00006a40: 69 6b 69 69 6b 69 69 6b 69 69 69 69 69 6b 69 69  ikiikiikiiiiikii
00006a50: 69 21 22 1c 6a 6a 6a 6c 6a 6a 6a 6a 6a 6c 6a 6a  i!".jjjljjjjjljj
00006a60: 6c 6a 6a 6c 6a 6a 6c 6a 6a 6a 6a 6a 6c 6a 6a 6a  ljjljjljjjjjljjj
00006a70: 21 42 d1 67 21 5d d1 67 21 45 cf 65 21 48 cf 65  !B.g!].g!E.e!H.e
00006a80: 21 4b cf 65 21 4e cf 65 21 51 cf 65 21 54 cf 65  !K.e!N.e!Q.e!T.e
00006a90: 21 57 cf 65 21 5a cf 65 23 05 16 66 24 24 66 24  !W.e!Z.e#..f$$f$
00006aa0: 24 66 24 24 66 24 24 66 24 24 66 24 24 66 24 24  $f$$f$$f$$f$$f$$
00006ab0: 66 23 60 60 69 21 c8 02 50 52 21 e8 02 51 53 21  f#``i!..PR!..QS!
00006ac0: d6 02 50 52 21 f6 02 51 53 22 c4 03 6d 6f 71 22  ..PR!..QS"..moq"
00006ad0: e4 03 6e 70 72 22 d9 03 6d 6f 71 22 f9 03 6e 70  ..npr"..moq"..np
00006ae0: 72 22 ca 0c 6d 6f 71 6d 6f 71 6d 6f 71 6d 6f 71  r"..moqmoqmoqmoq
00006af0: 22 ea 0c 6e 70 72 6e 70 72 6e 70 72 6e 70 72 00  "..nprnprnprnpr.
00006b00: 3f 00 04 0f 30 13 22 3f 18 08 0f 30 27 15 0f 30  ?...0."?...0'..0
00006b10: 2c 02 23 c0 48 55 23 c8 08 aa aa f0 0c 00 05 05  ,.#.HU#.........
00006b20: 05 23 d3 01 40 23 e4 01 04 23 eb 01 01 20 8d c2  .#..@#...#... ..
00006b30: 7a 20 a9 03 75 75 77 20 c8 03 98 9a 81 20 e8 04  z ..uuw ..... ..
00006b40: 99 9b 82 83 21 03 55 75 21 23 55 76 21 02 82 73  ....!.Uu!#Uv!..s
00006b50: 74 21 05 03 77 24 73 21 25 03 78 24 74 21 18 82  t!..w$s!%.x$t!..
00006b60: 77 78 21 28 8c 7b 7c 7c 7c 7c 75 7b 7c 7c 7c 75  wx!(.{||||u{|||u
00006b70: 7b 21 2c 85 7b 7c 7c 7c 7c 21 33 85 7b 7c 7c 7c  {!,.{||||!3.{|||
00006b80: 7c 21 37 85 7b 7c 7c 7c 7c 21 42 cf 8b 21 45 cf  |!7.{||||!B..!E.
00006b90: 7a 20 da d3 8b 20 dd d3 7a 21 c8 50 75 21 d8 06  z ... ..z!.Pu!..
00006ba0: 77 24 73 75 75 77 21 f7 07 7b 78 24 74 76 76 78  w$suuw!..{x$tvvx
00006bb0: 21 c7 82 73 74 21 e9 4e 79 22 63 55 75 22 62 82  !..st!.Ny"cUu"b.
00006bc0: 73 74 22 83 05 76 76 78 24 74 22 65 03 77 24 73  st"..vvx$t"e.w$s
00006bd0: 22 89 4e 79 22 78 82 77 78 22 97 86 7b 7c 7c 7c  ".Ny"x.wx"..{|||
00006be0: 75 7b 23 07 82 73 74 23 28 83 7b 7c 77 23 08 50  u{#..st#(.{|w#.P
00006bf0: 75 23 29 4e 79 23 37 01 7b 23 18 82 77 78 23 62  u#)Ny#7.{#..wx#b
00006c00: 01 73 23 63 45 75 21 4e 02 50 52 21 6e 02 51 53  .s#cEu!N.PR!n.QS
00006c10: 22 12 02 50 52 22 32 02 51 53 22 8c 02 50 52 22  "..PR"2.QS"..PR"
00006c20: ac 02 51 53 00 3f 00 04 0f 2a 17 37 3f 18 08 0f  ..QS.?...*.7?...
00006c30: 2a 27 38 0f 30 13 37 23 c0 48 55 23 c8 08 aa aa  *'8.0.7#.HU#....
00006c40: 30 0c 00 05 05 05 23 d2 82 40 30 23 e7 01 03 20  0.....#..@0#... 
00006c50: 8d 82 65 66 20 93 01 66 20 a9 43 5e 20 c8 02 48  ..ef ..f .C^ ..H
00006c60: 4a 20 e8 02 49 4b 21 00 55 5e 21 17 43 5e 21 c3  J ..IK!.U^!.C^!.
00006c70: d0 62 23 44 c4 62 23 45 c4 62 22 c2 c8 62 22 c1  .b#D.b#E.b"..b".
00006c80: c8 62 22 c0 c8 62 23 4c c4 62 23 4d c4 62 23 4e  .b"..b#L.b#M.b#N
00006c90: c4 62 22 7b c7 62 22 7c c7 62 23 79 47 62 23 99  .b"{.b"|.b#yGb#.
00006ca0: 47 62 23 b9 47 62 21 a2 03 5f 60 61 22 5a 04 5f  Gb#.Gb!.._`a"Z._
00006cb0: 60 60 61 22 a0 44 60 22 a4 01 61 22 b6 04 5f 60  ``a".D`"..a".._`
00006cc0: 60 61 23 20 46 60 23 26 01 61 23 2b 05 5f 60 60  `a# F`#&.a#+._``
00006cd0: 60 61 23 58 01 5f 23 59 47 60 22 27 55 84 22 1c  `a#X._#YG`"'U.".
00006ce0: 82 85 86 22 1d 82 87 88 21 22 83 65 65 66 21 c2  ..."....!".eef!.
00006cf0: c5 65 22 62 01 66 21 25 ca 65 22 65 01 66 21 28  .e"b.f!%.e"e.f!(
00006d00: c7 65 22 08 01 66 21 2b 85 65 94 95 65 66 21 4a  .e"..f!+.e..ef!J
00006d10: 82 50 51 21 2e c5 65 21 ce 01 66 21 31 85 65 65  .PQ!..e!..f!1.ee
00006d20: 65 65 66 21 34 88 65 65 65 65 65 90 91 66 21 d3  eef!4.eeeee..f!.
00006d30: 82 58 59 21 37 85 65 65 65 65 66 20 da c7 65 21  .XY!7.eeeef ..e!
00006d40: ba 01 66 20 dd c7 65 21 bd 01 66 21 46 82 56 57  ..f ..e!..f!F.VW
00006d50: 21 45 82 92 93 22 7a 85 65 65 65 65 66 22 7d 85  !E..."z.eeeef"}.
00006d60: 65 65 65 65 66 23 88 02 5f 61 23 a8 42 62 00 20  eeeef#.._a#.Bb. 
00006d70: 63 01 fd 20 6b 03 8d 8e 8f 20 75 02 fc fd 20 94  c.. k.... u... .
00006d80: 0a 25 13 2a 26 27 28 29 2a 15 2d 20 b4 0a 2b 24  .%.*&'()*.- ..+$
00006d90: 2c 24 24 24 24 2c 24 2f 20 82 06 30 34 38 3c 40  ,$$$$,$/ ..048<@
00006da0: 44 20 a2 06 31 35 39 3d 41 45 20 8e 82 4c 4d 20  D ..159=AE ..LM 
00006db0: 8f 82 4e 4f 20 c2 06 32 36 3a 3e 42 46 20 e2 06  ..NO ..26:>BF ..
00006dc0: 33 37 3b 3f 43 47 00 d8 78 ad 02 20 10 fb ad 02  37;?CG..x.. ....
00006dd0: 20 10 fb a2 00 8e 00 20 8e 01 20 ca 9a a9 01 20   ...... .. .... 
00006de0: fe ef ad 12 01 c9 4b d0 14 ad 13 01 c9 45 d0 0d  ......K......E..
00006df0: ad 14 01 c9 4e d0 06 20 43 f0 4c 07 ee a2 00 8a  ....N.. C.L.....
00006e00: 95 00 9d 00 01 9d 00 03 9d 00 04 9d 00 05 9d 00  ................
00006e10: 06 9d 00 07 e8 d0 e9 20 c0 8a 20 c9 8a a9 4b 8d  ....... .. ...K.
00006e20: 12 01 a9 45 8d 13 01 a9 4e 8d 14 01 a9 98 8d 00  ...E....N.......
00006e30: 20 85 10 a9 00 8d 11 40 8d 04 01 8d 05 01 8d 06   ......@........
00006e40: 01 8d 09 01 a9 41 8d 03 01 20 ca e7 4c 39 ee 2c  .....A... ..L9.,
00006e50: 03 01 70 08 30 03 4c f6 87 4c 6d bd 48 98 48 8a  ..p.0.L..Lm.H.H.
00006e60: 48 a5 10 29 7f 8d 00 20 85 10 20 83 e4 20 6f e4  H..)... .. .. o.
00006e70: a5 12 8d 05 20 a5 13 8d 05 20 a5 11 8d 01 20 20  .... .... ....  
00006e80: 9d c0 20 f7 ff 20 05 f0 20 16 b3 20 8d ee a5 10  .. .. .. .. ....
00006e90: 09 80 8d 00 20 85 10 68 aa 68 a8 68 40 ae 04 01  .... ..h.h.h@...
00006ea0: f0 03 4c 0a ef 20 93 c0 a9 18 85 10 a9 01 20 fe  ..L.. ........ .
00006eb0: ef a9 97 85 00 a9 f0 85 01 20 0f e5 a5 14 48 20  ......... ....H 
00006ec0: 43 f0 68 85 14 20 6e ef a9 20 85 44 a9 80 85 fd  C.h.. n.. .D....
00006ed0: a0 40 ad 09 01 4a 90 02 a0 c0 8c 03 01 a0 00 ad  .@...J..........
00006ee0: 09 01 29 06 d0 02 a0 0f 8c 15 40 ee 09 01 ee 04  ..).......@.....
00006ef0: 01 60 84 58 a0 18 84 51 a0 01 84 4e 84 55 88 84  .`.X...Q...N.U..
00006f00: 4f 8c 03 01 60 84 4e a0 18 84 48 a0 01 84 4c 84  O...`.N...H...L.
00006f10: 47 88 84 46 a0 80 8c 03 01 60 a5 44 d0 0d 20 67  G..F.....`.D.. g
00006f20: f0 a0 01 ad 09 01 4a b0 c9 90 da ad 07 01 29 d0  ......J.......).
00006f30: f0 0c 20 67 f0 a0 00 ad 05 01 f0 b6 d0 c7 ad 07  .. g............
00006f40: 01 29 20 f0 0a ad 05 01 49 01 8d 05 01 10 2f a5  .) .....I...../.
00006f50: 15 4a 90 07 a9 01 8d 05 01 d0 23 4a 90 07 a9 00  .J........#J....
00006f60: 8d 05 01 f0 19 4a 90 06 ee 06 01 4c 64 ef 4a 90  .....J.....Ld.J.
00006f70: a8 ce 06 01 ad 06 01 29 03 8d 06 01 10 26 a9 00  .......).....&..
00006f80: ac 05 01 f0 03 18 69 11 a8 a9 11 85 00 ae 30 03  ......i.......0.
00006f90: b9 5d f2 9d 31 03 e8 c8 c6 00 d0 f4 a9 00 9d 31  .]..1..........1
00006fa0: 03 8e 30 03 a9 77 8d 00 02 8d 08 02 a9 7f 8d 04  ..0..w..........
00006fb0: 02 8d 0c 02 a9 25 8d 01 02 a9 2b 8d 05 02 a9 2d  .....%....+....-
00006fc0: 8d 09 02 a9 2f 8d 0d 02 a9 00 8d 02 02 8d 06 02  ..../...........
00006fd0: 8d 0a 02 8d 0e 02 8d 12 02 ac 05 01 b9 f6 ef 8d  ................
00006fe0: 03 02 8d 07 02 b9 f8 ef 8d 0b 02 8d 0f 02 ac 06  ................
00006ff0: 01 b9 fa ef 8d 10 02 a9 fb 8d 11 02 a9 38 8d 13  .............8..
00007000: 02 a9 40 85 44 60 28 80 70 e0 90 a0 b0 c0 a8 99  ..@.D`(.p.......
00007010: 03 f0 60 00 01 a0 01 8c 16 40 88 8c 16 40 a0 08  ..`......@...@..
00007020: 48 ad 16 40 85 00 4a 05 00 4a 68 2a 88 d0 f1 a4  H..@..J..Jh*....
00007030: 14 84 00 85 14 45 00 25 14 8d 07 01 85 15 a0 30  .....E.%.......0
00007040: a5 14 c5 00 d0 09 ce 08 01 d0 07 85 15 a0 10 8c  ................
00007050: 08 01 60 a5 10 48 a5 11 48 a2 00 8a 95 00 9d 00  ..`..H..H.......
00007060: 03 9d 00 04 9d 00 05 9d 00 06 9d 00 07 e8 d0 ec  ................
00007070: 68 85 11 68 85 10 60 a5 10 48 a5 11 48 20 77 f0  h..h..`..H..H w.
00007080: 68 85 11 68 85 10 60 a2 00 8a 9d 00 03 9d 00 04  h..h..`.........
00007090: 9d 00 05 9d 00 07 e0 f0 b0 02 95 00 e0 80 b0 03  ................
000070a0: 9d 00 06 e8 d0 e4 60 3f 00 20 01 22 37 3a 01 30  ......`?. ."7:.0
000070b0: 14 09 01 0f 31 16 01 30 15 30 01 32 32 32 01 32  ....1..0.0.222.2
000070c0: 32 32 01 32 32 32 01 32 32 32 20 64 01 73 20 7c  22.222.222 d.s |
000070d0: 01 77 20 65 57 75 20 84 c5 f2 20 9c c5 f3 21 24  .w eWu ... ...!$
000070e0: 03 74 76 f4 21 3a 03 f5 76 78 21 46 84 f2 f2 f2  .tv.!:..vx!F....
000070f0: 74 21 5a 84 f3 f3 f3 78 21 a7 53 76 20 a6 15 cb  t!Z....x!.Sv ...
00007100: ce ec ed d4 d2 d2 d2 cb dc d2 d2 24 d2 d2 ec ed  ...........$....
00007110: d4 d2 d0 ce 20 c6 15 cc cc ee ef d5 d6 d8 d9 da  .... ...........
00007120: db de df 24 d8 d9 ee ef d5 d6 cc e2 20 e6 15 cd  ...$........ ...
00007130: cf f0 f1 d3 d7 d3 f8 cd dd e0 e1 24 d3 f8 f0 f1  ...........$....
00007140: d3 d7 d1 e3 21 29 11 d0 ce d2 24 d0 ce d0 ce d0  ....!)....$.....
00007150: ce d2 d0 ce d0 ce f6 f7 21 49 0f cc e7 cc 24 e8  ........!I....$.
00007160: e9 ea eb ea eb cc cc e7 ea eb 21 69 0f d1 cf cd  ..........!i....
00007170: dd d3 d3 d1 cf d1 cf d3 d1 cf d1 cf 21 e7 06 0d  ............!...
00007180: 18 17 14 0e 22 22 07 06 14 18 17 10 24 fa 21 f2  ....""......$.!.
00007190: 06 0d 18 17 14 0e 22 22 12 09 14 18 17 10 24 13  ......""......$.
000071a0: 1b c7 fa 22 49 0e 01 19 15 0a 22 0e 1b 24 10 0a  ..."I....."..$..
000071b0: 16 0e 24 0a 22 89 0e 01 19 15 0a 22 0e 1b 24 10  ..$."......"..$.
000071c0: 0a 16 0e 24 0b 22 c9 0e 02 19 15 0a 22 0e 1b 24  ...$."......"..$
000071d0: 10 0a 16 0e 24 0a 23 09 0e 02 19 15 0a 22 0e 1b  ....$.#......"..
000071e0: 24 10 0a 16 0e 24 0b 23 46 14 fe 24 01 09 08 01  $....$.#F..$....
000071f0: c7 01 09 08 02 24 17 12 17 1d 0e 17 0d 18 23 c0  .....$........#.
00007200: 20 00 a0 a0 a0 a0 a0 a0 20 00 ee ff ff ff ff ff   ....... .......
00007210: 22 00 8a ff ff ff ff 8b 02 00 58 5a 5a 5a 5a 0a  ".........XZZZZ.
00007220: 10 23 e0 20 00 05 f5 f5 f5 f5 05 01 00 04 ff ff  .#. ............
00007230: ff ff 00 00 00 00 0f 0f 0f 0f 00 00 00 00 00 00  ................
00007240: 00 00 00 00 00 3f 00 10 0f 15 2c 12 0f 27 02 17  .....?....,..'..
00007250: 0f 30 36 06 0f 30 2c 24 00 3f 00 10 0f 2a 17 37  .06..0,$.?...*.7
00007260: 0f 30 2a 16 0f 30 36 06 0f 12 37 16 00 23 d9 0e  .0*..06...7..#..
00007270: 5a 5a 5a 0a 0a 0a 00 00 05 f5 f5 f0 f0 00 23 d9  ZZZ...........#.
00007280: 0e 0a 0a 0a 5a 5a 0a 00 00 00 f0 f0 f5 f5 05 ff  ....ZZ..........
00007290: ff ff ff ff ff ff ff ff ff ff ff ff ff ff ff ff  ................
000072a0: ff ff ff ff ff ff ff ff ff ff ff ff ff ff ff ff  ................
000072b0: ff ff ff ff ff ff ff ff ff ff ff ff ff ff ff ff  ................
000072c0: ff ff ff ff ff ff ff ff ff ff ff ff ff ff ff ff  ................
000072d0: ff ff ff ff ff ff ff ff ff ff ff ff ff ff ff ff  ................
000072e0: ff ff ff ff ff ff ff ff ff ff ff ff ff ff ff ff  ................
000072f0: ff ff ff ff ff ff ff ff ff ff ff ff ff ff ff ff  ................
00007300: ff ff ff ff ff ff ff ff ff ff ff ff ff ff ff ff  ................
00007310: ff ff ff ff ff ff ff ff ff ff ff ff ff ff ff ff  ................
00007320: ff ff ff ff ff ff ff ff ff ff ff ff ff ff ff ff  ................
00007330: ff ff ff ff ff ff ff ff ff ff ff ff ff ff ff ff  ................
00007340: ff ff ff ff ff ff ff ff ff ff ff ff ff ff ff ff  ................
00007350: ff ff ff ff ff ff ff ff ff ff ff ff ff ff ff ff  ................
00007360: ff ff ff ff ff ff ff ff ff ff ff ff ff ff ff ff  ................
00007370: ff ff ff ff ff ff ff ff ff ff ff ff ff ff ff ff  ................
00007380: ff ff ff ff ff ff ff ff ff ff ff ff ff ff ff ff  ................
00007390: ff ff ff ff ff ff ff ff ff ff ff ff ff ff ff ff  ................
000073a0: 07 f0 00 00 00 69 00 53 00 46 00 d4 00 bd 00 a8  .....i.S.F......
000073b0: 00 9f 00 8d 00 7e 01 ab 01 7c 01 67 01 52 01 3f  .....~...|.g.R.?
000073c0: 01 2d 01 1c 01 0c 00 fd 00 ee 00 e1 03 57 02 f9  .-...........W..
000073d0: 02 a6 02 80 02 3a 02 1a 01 fc 01 df 01 c4 06 ae  .....:..........
000073e0: 05 f3 05 9e 05 4d 05 01 04 b9 04 75 04 35 03 f8  .....M.....u.5..
000073f0: 03 bf 03 89 00 96 00 70 01 93 05 0a 14 28 50 1e  .......p.....(P.
00007400: 3c 0b 06 0c 18 30 28 24 10 04 06 0c 18 30 60 24  <....0($.....0`$
00007410: 48 04 07 0d 1a 34 78 27 4e 08 0a 14 03 07 08 10  H....4x'N.......
00007420: 0a 08 05 0a 09 ad 03 01 10 03 4c 67 f9 a9 c0 8d  ..........Lg....
00007430: 17 40 20 46 f5 a2 00 86 ff 86 fe 86 fd ad f0 06  .@ F............
00007440: c9 90 b0 05 a2 00 8e f1 06 c9 d8 90 03 ee f1 06  ................
00007450: a8 4a 4a 4a 4a 4a 4a 85 00 98 ae f1 06 d0 05 38  .JJJJJJ........8
00007460: 65 00 d0 03 18 e5 00 8d f0 06 60 a0 07 0a b0 03  e.........`.....
00007470: 88 d0 fa 60 85 f1 84 f2 a0 7f 8e 00 40 8c 01 40  ...`........@..@
00007480: 60 20 6a f4 a2 00 a8 b9 91 f3 f0 0b 9d 02 40 b9  ` j...........@.
00007490: 90 f3 09 08 9d 03 40 60 8c 05 40 a2 04 d0 e7 8d  ......@`..@.....
000074a0: 08 40 8a 29 3e a2 08 d0 dd aa 6a 8a 2a 2a 2a 29  .@.)>.....j.***)
000074b0: 07 18 6d 8d 06 a8 b9 ea f3 60 98 4a 4a 4a 85 00  ..m......`.JJJ..
000074c0: 98 38 e5 00 60 a9 90 8d 00 40 60 50 40 46 4a 50  .8..`....@`P@FJP
000074d0: 56 5c 64 6c 74 7c 88 90 9a 85 f0 85 fb a0 08 4c  V\dlt|.........L
000074e0: d5 f6 84 f0 a9 71 a0 00 a2 9f 20 64 f4 a6 f2 bc  .....q.... d....
000074f0: bb f4 c6 f1 a5 f1 f0 e1 29 07 d0 08 98 4a 7d bb  ........)....J}.
00007500: f4 a8 d0 07 29 03 d0 0e e6 f2 18 8c 02 40 a0 28  ....)........@.(
00007510: 90 01 c8 8c 03 40 a9 00 4c 6e f7 84 f0 a9 54 a0  .....@..Ln....T.
00007520: 6a a2 9c 20 64 f4 a4 f2 a5 f1 29 03 f0 0a c9 03  j.. d.....).....
00007530: d0 0b 20 aa f4 85 f2 a8 98 4a 65 f2 a8 98 2a 2a  .. ......Je...**
00007540: 2a 8d 02 40 2a 8d 03 40 a5 f1 c9 18 b0 5a 4a 09  *..@*..@.....ZJ.
00007550: 90 8d 00 40 d0 52 a4 ff a5 f0 4a b0 90 46 ff b0  ...@.R....J..F..
00007560: 81 a6 fa d0 4a 4a b0 be 46 ff b0 af 4a b0 1d 46  ....JJ..F...J..F
00007570: ff b0 0a 4a b0 50 46 ff b0 3b 4c fe f5 84 f0 a9  ...J.PF..;L.....
00007580: 22 85 f1 a0 0b 84 f2 a9 20 20 74 f4 c6 f2 d0 04  ".......  t.....
00007590: a9 07 85 f2 a6 f2 bc d6 f5 a2 5a a5 f1 c9 14 b0  ..........Z.....
000075a0: 04 4a 09 50 aa 20 6a f4 c6 f1 d0 ce 20 b5 f4 a9  .J.P. j..... ...
000075b0: 00 85 f0 f0 c5 84 f0 a9 0a 85 f1 ac f0 06 8c 02  ................
000075c0: 40 a9 88 8d 03 40 a5 18 29 08 18 65 f1 69 fe aa  @....@..)..e.i..
000075d0: bc c6 f5 a2 41 d0 ce 8d 8d 8c 8c 8b 8c 83 83 8f  ....A...........
000075e0: 8f 8f 8f 8d 85 84 85 7f 85 85 85 7f 8d 8d 8d 8d  ................
000075f0: 8d a9 0e 8d a5 06 a0 85 a9 46 20 88 f4 ce a5 06  .........F .....
00007600: f0 19 ad a5 06 09 90 a8 88 8c 04 40 d0 0d a5 f3  ...........@....
00007610: d0 09 ad a5 06 d0 e6 a4 fe 30 d6 a5 fc d0 6a a5  .........0....j.
00007620: f9 d0 66 a4 fe ad a1 06 46 fe b0 0c 4a b0 0d 4a  ..f.....F...J..J
00007630: b0 3c 46 fe b0 23 90 51 a9 28 d0 1f a5 f5 d0 04  .<F..#.Q.(......
00007640: 46 fe b0 15 a5 f6 4a 4a 4a 4a 4a 65 f6 90 2f a9  F.....JJJJJe../.
00007650: 00 8d a1 06 8d 08 40 f0 30 a9 fe 8c a1 06 a2 0e  ......@.0.......
00007660: 86 f5 a0 ff 8c 08 40 a0 08 8c 0b 40 d0 10 a9 fe  ......@....@....
00007670: a4 f5 f0 db c0 07 f0 06 a5 f6 a8 20 ac f4 85 f6  ........... ....
00007680: 8d 0a 40 a5 f5 f0 02 c6 f5 a6 fa d0 49 a5 fc d0  ..@.........I...
00007690: 05 8d a3 06 f0 40 4d a3 06 f0 18 a5 fc 8d a3 06  .....@M.........
000076a0: 20 5b f4 b9 3b f9 8d 80 06 a9 42 85 f5 a9 f9 85   [..;.....B.....
000076b0: f6 d0 05 ce 98 06 d0 1e ac 80 06 ee 80 06 b1 f5  ................
000076c0: f0 d9 aa 6a 8a 2a 2a 2a 29 07 a8 b9 10 f4 8d 98  ...j.***).......
000076d0: 06 a9 10 20 8f f4 a5 fd d0 06 ad 02 01 d0 3a 60  ... ..........:`
000076e0: 20 5b f4 84 fb b9 c7 f7 a8 b9 c7 f7 8d 8d 06 b9   [..............
000076f0: c8 f7 85 f7 b9 c9 f7 85 f8 b9 ca f7 85 f9 b9 cb  ................
00007700: f7 85 fa a9 01 8d 95 06 8d 96 06 8d 98 06 8d 02  ................
00007710: 01 a0 00 84 f3 a5 fb f0 09 a4 fa f0 39 ce 96 06  ............9...
00007720: d0 34 e6 fa b1 f7 f0 3f 10 0c 20 9f f4 8d 91 06  .4.....?.. .....
00007730: a4 fa e6 fa b1 f7 20 74 f4 d0 04 a0 10 d0 0e a2  ...... t........
00007740: 9f a5 fb f0 08 a2 06 a5 f9 d0 02 a2 86 20 68 f4  ............. h.
00007750: ad 91 06 8d 96 06 a5 fb f0 55 ce 95 06 d0 50 a4  .........U....P.
00007760: f3 e6 f3 b1 f7 d0 20 20 b5 f4 a9 00 85 fa 85 f3  ......  ........
00007770: 85 f9 8d 02 01 a4 fb f0 05 ac a1 06 d0 03 8d 08  ................
00007780: 40 a9 10 8d 04 40 60 20 99 f4 8d 95 06 8a 29 3e  @....@` ......)>
00007790: a0 7f 20 88 f4 d0 04 a2 10 d0 11 a2 89 ad 95 06  .. .............
000077a0: c9 18 b0 08 a2 86 c9 10 b0 02 a2 84 8e 04 40 a4  ..............@.
000077b0: f9 f0 23 ce 98 06 d0 1e e6 f9 b1 f7 20 99 f4 8d  ..#......... ...
000077c0: 98 06 18 69 fe 0a 0a c9 38 90 02 a9 38 a4 fb d0  ...i....8...8...
000077d0: 02 a9 ff 20 8f f4 60 09 0e 13 18 1d 22 27 2c 31  ... ..`....."',1
000077e0: 00 fd f7 1b 00 10 1e f8 00 0c 00 3d f8 00 1a 10  ...........=....
000077f0: 73 f8 00 0b 00 1b f9 00 03 00 2c f9 00 00 00 32  s.........,....2
00007800: f9 00 00 18 8e f8 21 3e 00 0f f9 08 00 86 4e 82  ......!>......N.
00007810: 52 83 2c 4e 80 38 36 38 36 38 36 38 36 38 36 38  R.,N.86868686868
00007820: 36 38 36 38 36 84 38 00 af b0 f2 ee 37 39 16 16  68686.8.....79..
00007830: 57 22 26 6a a2 22 26 6a a2 00 80 34 34 85 34 80  W"&j."&j...44.4.
00007840: 1c 1e 81 22 82 1c 80 1c 1e 81 22 82 1c 62 62 5e  ..."......"..bb^
00007850: 5e 5c 5c 58 58 57 16 18 9c 96 59 18 1c 9e 98 63  ^\\XXW....Y....c
00007860: 62 66 62 5e 5c 23 00 81 1c 1c 18 18 16 16 3c 3c  bfb^\#........<<
00007870: 82 2c 4a 2c 4a 2e 4e 2e 4e 34 2e 34 2e 81 3e 85  .,J,J.N.N4.4..>.
00007880: 42 84 3e 62 02 26 42 4a 42 66 62 66 1f 00 82 2c  B.>b.&BJBfbf...,
00007890: 4a 2c 4a 81 46 80 4a 4c 50 2c 2e 30 83 32 56 56  J,J.F.JLP,.0.2VV
000078a0: e6 42 5c 62 5e 99 58 58 e8 42 62 66 62 9d 5c 5c  .B\b^.XX.Bbfb.\\
000078b0: ca 42 66 68 4a 8d 5e 62 e6 42 5c 5e 62 1f 00 82  .BfhJ.^b.B\^b...
000078c0: 73 72 f2 75 74 f4 7b 7a fa 57 56 d6 a6 9c 96 b8  sr.ut.{z.WV.....
000078d0: a8 9e 98 ba 5e 9e 96 57 5e 96 78 33 85 02 81 32  ....^..W^.x3...2
000078e0: 38 32 83 38 81 50 2e 34 2e 34 2e 85 34 81 34 3a  82.8.P.4.4..4.4:
000078f0: 34 83 3a 81 2c 30 34 30 34 30 16 16 1c 16 38 16  4.:.,04040....8.
00007900: 1c 16 38 16 1e 18 3a 18 1e 18 3a 18 16 32 80 16  ..8...:...:..2..
00007910: 3a 38 3a 83 16 81 02 32 80 16 3a 38 34 86 32 81  :8:....2..:84.2.
00007920: 1c 82 22 34 83 16 00 42 96 b4 ec 03 83 00 87 4a  .."4...B.......J
00007930: 44 4a 44 4a 44 4a 44 4a 44 4a 82 44 0a 0c 0e 54  DJDJDJDJDJ.D...T
00007940: 90 00 04 12 04 12 04 12 04 92 00 00 00 00 00 09  ................
00007950: 0e 12 16 02 02 1c 02 22 26 22 00 5c 42 56 56 00  ......."&".\BVV.
00007960: 09 07 05 00 ca 8a 8a ca ca ce ca ce ca ce 8e 8e  ................
00007970: ce ce d2 ce d2 ce 00 a9 c0 8d 17 40 20 b9 fa a2  ...........@ ...
00007980: 00 86 ff 86 fe 86 fd a5 fb c9 20 b0 03 8e b2 06  .......... .....
00007990: c9 80 90 03 ee b2 06 a8 4a 4a 4a 4a 4a 85 00 98  ........JJJJJ...
000079a0: ae b2 06 d0 05 38 65 00 d0 03 18 e5 00 85 fb 60  .....8e........`
000079b0: a0 7f 8e 00 40 8c 01 40 60 85 f3 86 f4 8c a1 06  ....@..@`.......
000079c0: a2 9a a0 08 8e 04 40 8c 05 40 60 85 f5 86 f6 8c  ......@..@`.....
000079d0: c0 06 a9 ff 8d 08 40 a9 08 8d 0b 40 60 86 f1 84  ......@....@`...
000079e0: f0 d0 05 a0 7f 20 a2 f9 a2 00 a8 b9 91 f3 f0 0b  ..... ..........
000079f0: 9d 02 40 b9 90 f3 09 08 9d 03 40 60 a2 04 d0 ea  ..@.......@`....
00007a00: 8a 29 3e a2 08 d0 e3 a9 00 4a 4a 09 90 8d 00 40  .)>......JJ....@
00007a10: 60 aa 6a 8a 2a 2a 2a 29 07 18 6d 8d 06 a8 b9 ea  `.j.***)..m.....
00007a20: f3 60 98 4a 4a 4a 85 00 98 38 e5 00 60 ad d1 06  .`.JJJ...8..`...
00007a30: c9 80 b0 03 ee d1 06 4a 8d 11 40 60 ad d1 06 f0  .......J..@`....
00007a40: f6 ce d1 06 4c 27 fa a0 07 0a b0 03 88 d0 fa 60  ....L'.........`
00007a50: 85 84 84 84 84 8c 8c 8c 85 f0 8d a1 06 8d a2 06  ................
00007a60: 60 84 f0 a9 08 85 f1 a2 9f a0 a5 a9 04 20 d5 f9  `............ ..
00007a70: c6 f1 d0 53 a9 8f 4c fa fa 84 f0 a9 80 85 f1 a2  ...S..L.........
00007a80: 9c a9 56 20 d3 f9 c6 f1 a5 f1 f0 cc c9 30 b0 03  ..V .........0..
00007a90: 20 f9 f9 a5 f1 29 07 a8 b9 40 fa 8d 01 40 4c d9   ....)...@...@L.
00007aa0: fd a2 0e a9 26 20 cd f9 a9 fe 85 f2 a2 84 a0 8a  ....& ..........
00007ab0: 20 a2 f9 c6 f1 f0 51 a5 f1 4a b0 49 a5 f2 a8 20   .....Q..J.I... 
00007ac0: 14 fa 85 f2 8d 02 40 d0 3c a5 fa d0 38 a4 ff a5  ......@.<...8...
00007ad0: f0 4a b0 9c 46 ff b0 89 4a b0 ab 46 ff b0 9a 4a  .J..F...J..F...J
00007ae0: b0 d1 46 ff b0 bb 4a 46 ff 4a b0 2e 46 ff b0 23  ..F...JF.J..F..#
00007af0: 4a b0 38 46 ff b0 2d 4a b0 4a 46 ff b0 3f 4a b0  J.8F..-J.JF..?J.
00007b00: 65 46 ff b0 5b 4c 7e fc a9 90 8d 00 40 a9 00 85  eF..[L~.....@...
00007b10: f0 f0 f2 a2 0c a9 2c 20 cd f9 a2 85 a0 85 c6 f1  ......, ........
00007b20: f0 e6 d0 37 a2 0a a9 12 20 cd f9 c6 f1 a0 84 a5  ...7.... .......
00007b30: f1 c9 03 f0 eb c9 08 b0 1f a0 8b d0 1b a2 15 a9  ................
00007b40: 0a 20 cd f9 c6 f1 f0 d8 a0 84 a5 f1 c9 12 b0 02  . ..............
00007b50: a0 8d c9 0a 90 02 a9 0a 09 50 aa 20 a2 f9 d0 a5  .........P. ....
00007b60: 84 f0 a9 0c 85 f1 a5 fb 2a 2a 2a 8d 02 40 2a 8d  ........***..@*.
00007b70: 03 40 c6 f1 a5 f1 c9 02 f0 a6 a0 7f d0 da a9 48  .@.............H
00007b80: a2 fe 20 a9 f9 a4 f4 c6 f3 a5 f3 f0 29 29 03 f0  .. .........))..
00007b90: 0b c9 03 f0 0c 98 20 15 fa a8 d0 05 20 12 fa 85  ...... ..... ...
00007ba0: f4 98 18 2a 2a 8d 06 40 2a d0 25 a9 1c a2 2a 20  ...**..@*.%...* 
00007bb0: a9 f9 c6 f3 a5 f3 f0 43 4a a5 f4 b0 06 4a 18 65  .......CJ....J.e
00007bc0: f4 d0 08 4a 4a 4a 18 65 f4 85 f4 8d 06 40 a9 08  ...JJJ.e.....@..
00007bd0: 8d 07 40 a5 f3 c9 18 b0 06 4a 09 90 8d 04 40 60  ..@......J....@`
00007be0: a4 fe ad a1 06 46 fe b0 95 4a b0 99 4a b0 c3 46  .....F...J..J..F
00007bf0: fe b0 b8 46 fe b0 0d 4a b0 1e 60 8d a1 06 a9 10  ...F...J..`.....
00007c00: 8d 0c 40 60 8c a1 06 a9 20 85 f3 a9 04 85 f4 a9  ..@`.... .......
00007c10: 05 8d 0c 40 0a 8d 0f 40 a0 02 c6 f3 a5 f3 f0 db  ...@...@........
00007c20: c9 18 f0 04 b0 15 90 0a a2 0f 8e 0c 40 a2 50 8e  ............@.P.
00007c30: 0f 40 a4 f4 4a b0 09 e6 f4 d0 03 4a b0 02 a0 0e  .@..J......J....
00007c40: 8c 0e 40 60 a2 18 20 bb f9 d0 04 c6 f5 d0 52 a9  ..@`.. .......R.
00007c50: 05 85 f5 a5 f6 4a 4a 18 65 f6 b0 40 85 f6 d0 1b  .....JJ.e..@....
00007c60: a0 02 a9 0c a2 6f 20 bb f9 c6 f5 a5 f5 f0 f1 c9  .....o .........
00007c70: 06 f0 29 a5 f6 a8 20 14 fa 85 f6 8d 0a 40 20 1d  ..)... ......@ .
00007c80: fa 4c 30 fd c9 06 f0 c3 c9 03 f0 7d d0 db a6 f9  .L0........}....
00007c90: d0 6e a5 fc d0 0e 8d b6 06 8d c0 06 a9 00 8d 08  .n..............
00007ca0: 40 4c 30 fd 4d b6 06 f0 27 a5 fc 8d b6 06 20 37  @L0.M...'..... 7
00007cb0: fa c0 06 f0 8f c0 03 f0 49 c0 02 f0 a3 8e c0 06  ........I.......
00007cc0: b9 a8 ff 8d 80 06 a9 ae 85 f5 a9 ff 85 f6 d0 0d  ................
00007cd0: ad c0 06 d0 af 20 2c fa ce 98 06 d0 63 ac 80 06  ..... ,.....c...
00007ce0: ee 80 06 b1 f5 f0 c2 aa 6a 8a 2a 2a 2a 29 07 a8  ........j.***)..
00007cf0: b9 09 f4 8d 98 06 20 f0 f9 f0 45 a9 10 8d 08 40  ...... ...E....@
00007d00: d0 3e 8c c0 06 a9 06 85 f5 a0 00 c6 f5 d0 16 a9  .>..............
00007d10: 0a 85 f5 a5 18 25 19 8d 0a 40 29 f0 d0 17 a5 fb  .....%...@).....
00007d20: 8d 0a 40 d0 10 a5 f5 c9 05 d0 15 a5 18 8d 0a 40  ..@............@
00007d30: a5 19 d0 01 c8 8c 0b 40 a9 08 8d 08 40 20 1d fa  .......@....@ ..
00007d40: a5 fd d0 08 ad a2 06 d0 47 4c d0 fb 20 37 fa ee  ........GL.. 7..
00007d50: a2 06 8c f1 06 b9 35 fe a8 b9 35 fe 8d 8d 06 b9  ......5...5.....
00007d60: 36 fe 85 f7 b9 37 fe 85 f8 b9 38 fe 85 f9 b9 39  6....7....8....9
00007d70: fe 85 fa a9 7f 8d 01 40 8d 05 40 a9 01 8d 95 06  .......@..@.....
00007d80: 8d 96 06 8d 98 06 a0 00 8c 82 06 ad f1 06 f0 04  ................
00007d90: a4 fa f0 3e ce 96 06 d0 39 e6 fa b1 f7 f0 47 10  ...>....9.....G.
00007da0: 0c 20 07 fa 8d 91 06 a4 fa e6 fa b1 f7 20 d8 f9  . ........... ..
00007db0: d0 04 a0 10 d0 0f a0 9f ad f1 06 f0 08 a0 06 a5  ................
00007dc0: f9 d0 02 a0 86 8c 00 40 ad 91 06 8d 96 06 a9 00  .......@........
00007dd0: 85 f0 ad f1 06 f0 3f ce 95 06 d0 3a ac 82 06 ee  ......?....:....
00007de0: 82 06 b1 f7 d0 10 20 f7 f9 a9 00 85 fa 85 f9 8d  ...... .........
00007df0: a2 06 8d 08 40 60 20 01 fa 8d 95 06 8a 29 3e 20  ....@` ......)> 
00007e00: ec f9 a0 87 ad 95 06 c9 10 b0 08 a0 85 c9 08 b0  ................
00007e10: 02 a0 82 8c 04 40 a4 f9 f0 2a 20 2c fa ce 98 06  .....@...* ,....
00007e20: d0 22 e6 f9 b1 f7 20 01 fa 8d 98 06 18 69 fe 0a  .".... ......i..
00007e30: 0a c9 3c 90 02 a9 3c ac f1 06 d0 02 a9 ff 8d 08  ..<...<.........
00007e40: 40 20 f0 f9 60 08 0d 12 17 1c 21 26 2b 08 65 fe  @ ..`.....!&+.e.
00007e50: 16 00 00 85 fe 11 00 00 a7 fe 00 13 00 d7 fe 00  ................
00007e60: 1c 00 18 ff 20 00 1f 8b ff 00 07 00 9f ff 00 00  .... ...........
00007e70: 08 09 ff 1f 3f 81 02 40 46 4c 52 2e 32 36 3c 80  ....?..@FLR.26<.
00007e80: 18 58 18 58 18 58 18 58 83 18 00 82 6e 72 76 7c  .X.X.X.X....nrv|
00007e90: 58 5e 64 ea ea 62 8a 62 8a a2 60 8a 60 8a a0 5e  X^d..b.b..`.`..^
00007ea0: 8a 5e 8a 8e 13 00 96 9c a2 96 96 9a a0 9a 98 9e  .^..............
00007eb0: a6 8a 82 20 62 02 f4 96 58 5c 9e 9c 98 56 bc 78  ... b...X\...V.x
00007ec0: b4 96 58 5c 9e 9c 98 56 fc 00 82 34 81 38 3c 82  ..X\...V...4.8<.
00007ed0: 16 16 16 81 38 82 34 81 32 82 30 34 81 38 3c 82  ....8.4.2.04.8<.
00007ee0: 16 16 16 81 38 84 34 5c 64 6a 4c 60 66 4a 4e 10  ....8.4\djL`fJN.
00007ef0: 0c 0e 0a 0c 2a 0a 26 2a 22 26 1e 22 1c 1e 18 17  ....*.&*"&."....
00007f00: 03 83 00 82 30 52 48 42 2e 52 4a 44 81 3e 40 44  ....0RHB.RJD.>@D
00007f10: 82 4a 81 4e 2c 2e 84 2c 02 96 a2 5c 57 bc a2 5c  .J.N,..,...\W..\
00007f20: 7d b8 96 5e a2 5e dc d8 96 a2 5c 57 bc a2 5c 7d  }..^.^....\W..\}
00007f30: b8 96 5c a2 5c d8 d6 00 96 b4 b0 b4 9c bc b4 bc  ..\.\...........
00007f40: 9e 96 b8 96 96 b4 b4 98 96 b4 b0 b4 9c bc b4 bc  ................
00007f50: 9e 96 b0 bc 74 b4 6e d6 83 02 81 02 0a 0c 0e 83  ....t.n.........
00007f60: 02 81 02 2a 0a 0c 02 1e 26 0a 02 26 0a 10 02 0e  ...*....&..&....
00007f70: 0a 0e 02 0c 2a 0c 82 0a 87 0a 0e 84 12 82 02 2a  ....*..........*
00007f80: 87 2a 1c 84 12 83 02 87 1e 0a 84 10 87 1c 2a 84  .*............*.
00007f90: 0e 87 22 2a 86 0c 87 1c 22 83 0a c2 03 c2 03 c2  .."*....".......
00007fa0: 03 00 83 2a 84 0a 83 54 84 12 83 56 84 04 00 04  ...*...T...V....
00007fb0: 12 04 12 04 12 04 52 00 00 00 00 00 13 2e 9f 99  ......R.........
00007fc0: 97 59 9f 9f 59 97 99 a3 9d 99 5d a3 a3 5d 99 9d  .Y..Y.....]..]..
00007fd0: 00 5e 9e 56 5e 9e 56 5e 9e 56 5e 5c 5e 60 62 a2  .^.V^.V^.V^\^`b.
00007fe0: 58 62 a2 58 62 a2 58 62 60 62 64 00 0a 0a 0a 0a  Xb.Xb.Xb`bd.....
00007ff0: 0c 0e 10 10 10 10 0e 0c 00 ff ff ff ff ff ff ff  ................
00008000: ff ff ff ff ff ff ff 4c 15 f4 3f ee b7 ed 8c ee  .......L..?.....
00008010: 00 03 07 07 09 09 1c 00 00 03 07 00 06 06 03 03  ................
00008020: 0f 0f 0f ff ff fc 81 01 00 10 3c 3f 3f 3c 00 00  ..........<??<..
00008030: 00 c0 f8 80 20 90 3c 00 00 c0 f8 60 dc 6e c0 f8  .... .<....`.n..
00008040: c0 c0 c0 f0 f0 e0 c0 e0 50 38 30 f0 f0 e0 00 00  ........P80.....
00008050: 07 0f 0f 12 13 38 00 0f 07 0f 00 0d 0c 07 07 00  .....8..........
00008060: 1f 1f 1f 18 19 1e 1c 1e 01 03 01 17 1f 1e 00 00  ................
00008070: 80 f0 00 40 20 78 00 c0 80 f0 c0 b8 dc 80 f0 00  ...@ x..........
00008080: e0 60 f0 f0 f0 e0 e0 f0 80 e0 f0 f0 f0 e0 00 00  .`..............
00008090: 07 0f 0f 12 13 38 00 3f 07 0f 00 0d 0c 07 07 03  .....8.?........
000080a0: 3f 0e 0f 1f 3f 7c 70 38 c3 e3 cf 1f 3f 0c 00 00  ?...?|p8....?...
000080b0: 80 f0 00 40 20 78 00 c0 80 f0 c0 b8 dc 80 f0 06  ...@ x..........
000080c0: f0 f8 e4 fc fc 7c 00 00 8e e6 e0 f0 f0 70 00 00  .....|.......p..
000080d0: 00 02 06 07 09 09 1d 03 01 03 07 00 06 06 02 00  ................
000080e0: 0f 0f 0f ff ff fc 81 01 00 00 0c 3f 3f 3c 00 00  ...........??<..
000080f0: 00 00 38 c0 e0 d0 fc c0 c0 c0 f8 20 1c 2e 00 38  ..8........ ...8
00008100: e0 e0 b0 f0 f0 e0 c0 e0 00 60 f0 f0 f0 e0 00 00  .........`......
00008110: 00 03 07 07 09 09 1c 00 00 03 07 00 06 06 03 03  ................
00008120: 0f 0f 0f ff ff fc 81 01 00 00 0c 3f 3f 3c 00 00  ...........??<..
00008130: 00 c0 f8 80 20 90 3c 00 00 c0 f8 60 dc 6e c0 f8  .... .<....`.n..
00008140: e0 f0 f0 f0 f0 e0 c0 e0 47 0f 0e f0 f0 e0 00 00  ........G.......
00008150: 04 0c 0c 13 13 3b 07 0f 07 0f 03 0c 0c 04 00 00  .....;..........
00008160: 0f 0f 0f 1f 1f 1e 1c 1e 00 01 0f 1f 1f 1e 00 00  ................
00008170: 00 70 00 c0 a0 f8 80 c0 80 f0 c0 38 5c 00 70 40  .p.........8\.p@
00008180: e0 60 f0 f0 f0 e0 e0 f0 c0 e0 f0 f0 f0 e0 00 00  .`..............
00008190: 07 0f 0f 12 13 38 00 0f 07 0f 00 0d 0c 07 07 01  .....8..........
000081a0: 1f 1f 1f 1f 1f 1e 1c 1e 00 00 13 1f 1f 1e 00 00  ................
000081b0: 80 f0 00 40 20 78 00 c0 80 f0 c0 b8 dc 80 f0 80  ...@ x..........
000081c0: f8 f8 f0 f0 f0 e0 e0 f0 07 07 fe f0 f0 e0 00 00  ................
000081d0: 04 0c 0c 13 13 3f 07 0f 07 0f 03 0c 0c 00 00 00  .....?..........
000081e0: 0f 0f 0f 1f 3f 7c 70 38 01 01 0f 1f 3f 1c 00 00  ....?|p8....?...
000081f0: 00 70 00 c0 a0 f8 80 c0 80 f0 c0 38 5c 00 70 40  .p.........8\.p@
00008200: c0 60 e4 fc fc 7c 00 00 c0 e0 e0 f0 f0 70 00 00  .`...|.......p..
00008210: 07 0f 0f 12 13 38 00 07 07 0f 00 0d 0c 07 07 01  .....8..........
00008220: 0f 0f 0f 1f 3f 7c 70 38 00 00 09 1f 3f 1c 00 00  ....?|p8....?...
00008230: 80 f0 00 40 20 78 00 c0 80 f0 c0 b8 dc 80 f0 80  ...@ x..........
00008240: f8 f8 e0 fc fc 7c 00 00 07 07 ee f0 f0 70 00 00  .....|.......p..
00008250: 00 07 07 0f 0f 38 7f 7f 00 07 03 00 00 07 04 04  .....8..........
00008260: 1f 1f 1f 1f 0f 0f 0f 07 1e 1f 1f 1f 0f 08 00 00  ................
00008270: 00 e0 f8 fc fc 1c f8 f8 38 f8 c0 00 00 e0 20 20  ........8.....  
00008280: f8 fc fc f8 78 80 c0 c0 78 fc fc f8 00 80 00 00  ....x...x.......
00008290: 00 03 07 07 09 09 1c 00 00 03 07 00 06 06 03 63  ...............c
000082a0: 1f 0f 07 37 7f df 0f 06 e0 21 01 07 07 1f 0f 06  ...7.....!......
000082b0: 00 c0 f8 80 20 90 3c 00 00 c0 f8 60 dc 6e c0 fb  .... .<....`.n..
000082c0: e4 fe 70 f1 ff ff 00 00 83 c0 f0 f0 fc fc 00 00  ..p.............
000082d0: 07 0f 0f 12 13 38 70 ff 07 0f 00 0d 0c 07 0f 02  .....8p.........
000082e0: df 1e 1f 1f 1f 0f 07 01 01 f3 5f 1f 1f 4f 37 c0  .........._..O7.
000082f0: 80 f0 00 40 20 78 00 fc 80 f0 c0 b8 dc 80 f0 00  ...@ x..........
00008300: f0 e0 e0 f0 fa fe fc d8 8f e7 e0 f0 c8 88 10 00  ................
00008310: 00 00 07 08 10 20 40 40 00 00 00 07 08 10 20 20  ..... @@......  
00008320: 40 40 20 10 08 07 00 00 20 20 10 08 07 00 00 00  @@ .....  ......
00008330: 00 00 e0 10 08 04 02 02 00 00 00 e0 10 08 04 04  ................
00008340: 02 02 04 08 10 e0 00 00 04 04 08 10 e0 00 00 00  ................
00008350: 00 00 00 00 03 04 08 10 00 00 00 00 00 03 04 08  ................
00008360: 10 08 04 03 00 00 00 00 08 04 03 00 00 00 00 00  ................
00008370: 00 00 00 00 c0 20 10 08 00 00 00 00 00 c0 20 10  ..... ........ .
00008380: 08 10 20 c0 00 00 00 00 10 20 c0 00 00 00 00 00  .. ...... ......
00008390: 00 00 00 00 00 00 00 01 00 00 00 00 00 00 00 00  ................
000083a0: 02 01 00 00 00 00 00 00 01 00 00 00 00 00 00 00  ................
000083b0: 00 00 00 00 00 00 00 00 00 00 00 00 00 00 00 00  ................
000083c0: 80 00 00 00 00 00 00 00 00 00 00 00 00 00 00 00  ................
000083d0: 00 00 00 01 21 10 00 00 00 01 01 40 00 00 00 00  ....!......@....
000083e0: 60 00 00 10 21 01 00 00 80 00 00 00 00 40 01 01  `...!........@..
000083f0: 00 00 00 00 08 10 00 00 00 00 00 04 00 00 00 00  ................
00008400: 0c 00 00 10 08 00 00 00 02 00 00 00 00 04 00 00  ................
00008410: 04 02 01 00 00 00 00 00 0f 07 03 00 00 01 01 01  ................
00008420: 00 00 00 00 00 00 01 03 00 00 00 00 00 00 01 03  ................
00008430: 07 07 07 03 01 00 00 00 07 07 07 07 03 01 00 00  ................
00008440: 00 00 00 00 00 00 00 00 00 00 00 00 00 00 00 00  ................
00008450: 00 42 39 ff ff ff ff ff ff ff ff ff ff ff ff ff  .B9.............
00008460: 7f 3f 1f 0f 1f ff ff ff ff 7f 3f 1f 1f ff ff ff  .?........?.....
00008470: f8 f7 ef ff ff fe 7e 3e ff ff ff ff ff ff ff 7f  ......~>........
00008480: 07 00 00 00 00 00 00 00 07 03 03 01 00 00 00 00  ................
00008490: 00 00 00 c0 e0 f0 db f6 00 80 80 c0 e0 f0 ff ff  ................
000084a0: cb e0 c4 02 d1 e1 d1 83 ff ff ff ff ff ff ff ff  ................
000084b0: 0f ff e0 8f 6e 44 ee 60 ff ff ff f0 80 00 00 9f  ....nD.`........
000084c0: 83 e0 e4 c6 61 33 1f 0f ff ff f9 f9 7f 3f 1f 0f  ....a3.......?..
000084d0: 00 00 00 03 07 0f 5b a7 00 01 01 03 07 0f ff ff  ......[.........
000084e0: 73 07 27 40 8b 87 8b c1 ff ff ff ff ff ff ff ff  s.'@............
000084f0: f0 ff 0f e1 ec 44 ee 0c ff ff ff 1f 03 01 01 f3  .....D..........
00008500: 80 0e 4e c6 0c 98 f0 e0 ff ff 3f 3f fc f8 f0 e0  ..N.......??....
00008510: 00 42 9c ff ff ff ff ff ff ff ff ff ff ff ff ff  .B..............
00008520: fe fc f8 f0 f8 ff ff ff ff fe fc f8 f8 ff ff ff  ................
00008530: 1f ef f7 ff ff fe 7c 70 ff ff ff ff ff ff fe fc  ......|p........
00008540: e0 00 00 00 00 00 00 00 e0 80 80 00 00 00 00 00  ................
00008550: 20 40 80 00 00 00 00 00 f0 e0 c0 00 00 80 80 80   @..............
00008560: 00 00 00 00 00 00 80 c0 00 00 00 00 00 00 80 c0  ................
00008570: e0 e0 e0 c0 80 00 00 00 e0 e0 e0 e0 c0 80 00 00  ................
00008580: 00 00 00 00 00 00 00 00 00 00 00 00 00 00 00 00  ................
00008590: ff ff ff ff ff ff ff ff ff ff ff ff ff ff ff ff  ................
000085a0: ff ff ff ff ff ff ff ff ff ff ff ff ff ff ff ff  ................
000085b0: ff ff ff ff ff ff ff ff ff ff ff ff ff ff ff ff  ................
000085c0: ff ff ff ff ff ff ff ff ff ff ff ff ff ff ff ff  ................
000085d0: ff ff ff ff ff ff ff ff ff ff ff ff ff ff ff ff  ................
000085e0: ff ff ff ff ff ff ff ff ff ff ff ff ff ff ff ff  ................
000085f0: ff ff ff ff ff ff ff ff ff ff ff ff ff ff ff ff  ................
00008600: ff ff ff ff ff ff ff ff ff ff ff ff ff ff ff ff  ................
00008610: 00 00 1f 3f 3f 7f 7f 7f 00 0f 28 5c 3f 7f 7f 7f  ...??.....(\?...
00008620: 7f 3e 1f 1f 0f 0f 0f 07 7f 3e 1f 1f 08 00 00 00  .>.......>......
00008630: 00 60 f0 f8 f8 f8 fc fc 00 80 40 c4 f6 fe fc fc  .`........@.....
00008640: f8 f0 f0 e0 80 80 c0 c0 f8 f0 00 00 80 00 00 00  ................
00008650: 00 1f 3f 7f ff ff 3e 0f 00 1c 3f 7f ff ff 3e 70  ..?...>...?...>p
00008660: 00 00 00 01 00 00 00 00 00 00 00 00 00 00 00 00  ................
00008670: 00 e0 f0 fc fe fe ff fc 00 60 f0 f8 fc fc fc ff  .........`......
00008680: 7c fc f8 f0 e0 00 00 00 7c fc 88 00 00 00 00 00  |.......|.......
00008690: 00 07 07 0f 0f 00 1f 3f 00 07 03 00 00 07 04 04  .......?........
000086a0: 7f 7f 1f 1f 1f 1e 0f 1f 0c 9e ff 1f 1f 1e 0f 00  ................
000086b0: 00 e0 e0 f0 f0 00 f8 fc 00 e0 c0 00 00 e0 20 20  ..............  
000086c0: fe fe f8 f8 f8 78 f0 f8 30 79 ff f8 f8 78 f0 00  .....x..0y...x..
000086d0: 03 07 05 08 1b 19 05 3f 03 07 02 07 04 46 e3 c2  .......?.....F..
000086e0: 3f 0f 05 37 3f 3f 3e 1c 42 07 07 07 07 03 02 00  ?..7??>.B.......
000086f0: e0 f0 50 08 6c cc d0 fe e0 f0 a0 f0 90 32 e3 21  ..P.l........2.!
00008700: fe f8 d0 fb ff ff 3e 0c 20 70 f0 f8 f8 f0 30 00  ......>. p....0.
00008710: 00 00 79 f9 f3 ff 7b 3f 00 01 00 00 00 1e 7f 3e  ..y...{?.......>
00008720: 3f 3f 7b 7f fb f1 79 38 3c 3e 7f 7e 18 00 00 00  ??{...y8<>.~....
00008730: 00 00 80 b0 b8 c6 93 f7 c0 e0 40 00 00 3a ef 4b  ..........@..:.K
00008740: e3 f7 93 c6 b8 b0 80 00 5f 4b ef 3a 00 00 60 c0  ........_K.:..`.
00008750: 30 7c ff ff df 0b 1f 7f 00 0c 0f 1f 1f 0f 0e 04  0|..............
00008760: 7f 0b 33 36 10 0a 0f 07 84 c7 4c 09 0f 05 0f 07  ..36......L.....
00008770: 38 7c fc fc ec a0 f0 fc 00 40 c0 e0 e0 e0 e0 42  8|.......@.....B
00008780: fc a0 98 d8 10 a0 e0 c0 43 c7 62 20 e0 40 e0 c0  ........C.b .@..
00008790: 00 01 0d 1d 63 c9 ef c7 03 04 00 00 5c f7 d2 fa  ....c.......\...
000087a0: ef c9 63 1d 0d 01 00 00 d2 f7 5c 00 00 02 07 03  ..c.......\.....
000087b0: 1c 9e 8f df fe de fc fc 00 00 00 18 7e fe 7c 3c  ............~.|<
000087c0: fc de ff cf 9f 9e 00 00 7c fe 78 00 00 00 80 00  ........|.x.....
000087d0: 00 00 00 00 1e 3f 7d 78 00 00 01 00 00 20 7c 78  .....?}x..... |x
000087e0: 7c fb ff ff 5f 1f 1f 1f 7c fe ff fe 7c 60 e0 e1  |..._...|...|`..
000087f0: 00 00 00 00 00 80 80 00 7c 82 01 82 7c 00 00 00  ........|...|...
00008800: 00 21 a2 a3 b3 8f 27 fe 10 19 5a df 4f 73 db 02  .!....'...Z.Os..
00008810: 00 00 00 00 03 0f 1f 1f 00 00 00 03 0c 10 22 20  .............." 
00008820: 1f 1f 0f 03 00 00 00 00 21 23 10 0c 03 00 00 00  ........!#......
00008830: 00 00 00 00 c0 f0 f8 f8 00 00 00 c0 30 08 64 c4  ............0.d.
00008840: f8 f8 f0 c0 00 00 00 00 84 04 08 30 c0 00 00 00  ...........0....
00008850: 00 00 00 00 03 0f 1f 1f 00 00 00 03 0c 10 26 23  ..............&#
00008860: 1f 1f 0f 03 00 00 00 00 21 20 10 0c 03 00 00 00  ........! ......
00008870: 00 00 00 00 c0 f0 f8 f8 00 00 00 c0 30 08 44 04  ............0.D.
00008880: f8 f8 f0 c0 00 00 00 00 84 c4 08 30 c0 00 00 00  ...........0....
00008890: 00 00 00 00 03 0f 1f 1f 00 00 00 03 0c 10 20 21  .............. !
000088a0: 1f 1f 0f 03 00 00 00 00 23 26 10 0c 03 00 00 00  ........#&......
000088b0: 00 00 00 00 c0 f0 f8 f8 00 00 00 c0 30 08 c4 84  ............0...
000088c0: f8 f8 f0 c0 00 00 00 00 04 44 08 30 c0 00 00 00  .........D.0....
000088d0: 00 00 00 00 03 0f 1f 1f 00 00 00 03 0c 10 23 21  ..............#!
000088e0: 1f 1f 0f 03 00 00 00 00 20 22 10 0c 03 00 00 00  ........ "......
000088f0: 00 00 00 00 c0 f0 f8 f8 00 00 00 c0 30 08 04 84  ............0...
00008900: f8 f8 f0 c0 00 00 00 00 c4 64 08 30 c0 00 00 00  .........d.0....
00008910: 00 00 00 0f 30 60 3f 7f 00 00 00 00 2f 3f 60 20  ....0`?...../?` 
00008920: 7f 3f 60 30 0f 00 00 00 20 60 3f 2f 00 00 00 00  .?`0.... `?/....
00008930: 00 00 00 f8 06 03 fe ff 00 00 00 00 fa fe 03 02  ................
00008940: ff fe 03 06 f8 00 00 00 02 03 fe fa 00 00 00 00  ................
00008950: 00 00 00 00 2f 3f 60 20 00 00 00 0f 30 60 3f 7f  ..../?` ....0`?.
00008960: 20 60 3f 2f 00 00 00 00 7f 3f 60 30 0f 00 00 00   `?/.....?`0....
00008970: 00 00 00 00 fa fe 03 02 00 00 00 f8 06 03 fe ff  ................
00008980: 02 03 fe fa 00 00 00 00 ff fe 03 06 f8 00 00 00  ................
00008990: 00 44 00 41 20 4b 27 1f 00 00 00 40 20 00 00 01  .D.A K'....@ ...
000089a0: 0f 1e 1f 1f 1f 0f 0f 03 03 07 06 06 07 03 00 00  ................
000089b0: 00 20 50 20 60 48 e0 f0 00 00 40 00 00 08 00 40  . P `H....@....@
000089c0: f8 78 3c 3c 3c fc f8 e0 e0 f0 d0 d0 f0 e0 00 00  .x<<<...........
000089d0: 10 01 2a 0c a6 17 1f 1f 00 00 02 00 80 00 03 07  ..*.............
000089e0: 5e 3c 3d 3d 3e 1f 0f 07 07 0f 0e 0e 0f 07 03 00  ^<==>...........
000089f0: 00 00 80 c8 60 e0 f4 f8 00 00 00 08 00 80 24 c0  ....`.........$.
00008a00: 7c 1c 2e 2e 1e fc f8 e0 f0 f8 d8 d8 f8 f0 c0 00  |...............
00008a10: ff ff 38 6c c6 83 ff ff ff ff 38 6c c6 83 ff ff  ..8l......8l....
00008a20: ff ff 38 6c c6 83 ff ff ff ff 38 6c c6 83 ff ff  ..8l......8l....
00008a30: 92 54 38 fe 38 54 92 00 00 00 00 00 00 00 00 00  .T8.8T..........
00008a40: ff ff ff ff ff ff ff ff ff ff ff ff ff ff ff ff  ................
00008a50: ff ff ff ff ff ff ff ff ff ff ff ff ff ff ff ff  ................
00008a60: ff ff ff ff ff ff ff ff ff ff ff ff ff ff ff ff  ................
00008a70: ff ff ff ff ff ff ff ff ff ff ff ff ff ff ff ff  ................
00008a80: ff ff ff ff ff ff ff ff ff ff ff ff ff ff ff ff  ................
00008a90: 00 00 00 00 00 23 97 2f 00 00 00 00 00 00 01 03  .....#./........
00008aa0: 6e ef f7 ff 7f 3f 5f 0f 07 07 03 27 1f 07 00 00  n....?_....'....
00008ab0: 00 00 00 00 f8 fc fe 5e 00 00 00 00 00 f0 f8 ac  .......^........
00008ac0: 5e 0c 9e fe fe fe f8 c0 ac f8 f8 f8 f0 c0 00 00  ^...............
00008ad0: 00 00 00 00 00 03 07 2f 00 00 00 00 00 00 01 03  ......./........
00008ae0: 4e 6e fe 7f 3f 1f 0f 03 07 07 07 27 1f 07 01 00  Nn..?......'....
00008af0: 00 00 00 00 f8 fc fe 56 00 00 00 00 00 f0 f8 ac  .......V........
00008b00: 56 0c 0e 1f ff ff fe f8 ac f8 f8 fc fc f8 f0 00  V...............
00008b10: ff ff ff ff ff ff ff ff ff ff ff ff ff ff ff ff  ................
00008b20: ff ff ff ff ff ff ff ff ff ff ff ff ff ff ff ff  ................
00008b30: ff ff ff ff ff ff ff ff ff ff ff ff ff ff ff ff  ................
00008b40: ff ff ff ff ff ff ff ff ff ff ff ff ff ff ff ff  ................
00008b50: ff ff ff ff ff ff ff ff ff ff ff ff ff ff ff ff  ................
00008b60: ff ff ff ff ff ff ff ff ff ff ff ff ff ff ff ff  ................
00008b70: ff ff ff ff ff ff ff ff ff ff ff ff ff ff ff ff  ................
00008b80: ff ff ff ff ff ff ff ff ff ff ff ff ff ff ff ff  ................
00008b90: 00 07 08 10 10 20 20 20 00 07 08 10 10 20 20 20  .....   .....   
00008ba0: 1f 2f 37 3a 3d 3e 3f 00 1f 3f 3f 3f 3e 3f 3f 00  ./7:=>?..???>??.
00008bb0: 00 05 19 33 63 c7 c7 c4 00 07 1f 3f 7f ff ff dd  ...3c......?....
00008bc0: 80 00 00 00 00 03 03 00 89 01 01 01 01 00 00 00  ................
00008bd0: 00 00 00 00 00 00 00 00 00 00 00 00 00 00 03 07  ................
00008be0: 00 00 0f 00 80 63 1e 00 0f 0f 00 1f 7f 1c 00 00  .....c..........
00008bf0: 01 03 19 3c 19 23 51 20 01 02 19 24 19 22 11 2c  ...<.#Q ...$.".,
00008c00: 00 00 00 00 00 00 00 00 1f 07 03 03 01 01 01 00  ................
00008c10: 00 3f 1f 00 01 00 01 00 00 00 00 01 03 07 0d 19  .?..............
00008c20: 11 00 01 00 01 00 1f 3f 29 19 0d 07 03 01 00 00  .......?).......
00008c30: 00 fc f8 00 80 00 80 00 00 00 00 80 c0 e0 b0 98  ................
00008c40: 88 00 80 00 80 00 f8 fc 94 98 b0 e0 c0 80 00 00  ................
00008c50: 00 00 00 00 00 3f 1f 00 00 00 00 00 00 00 00 01  .....?..........
00008c60: 01 01 41 01 01 00 1f 3f 0f 79 a1 79 0f 01 00 00  ..A....?.y.y....
00008c70: 00 00 00 00 00 fc f8 00 00 00 00 00 00 00 00 80  ................
00008c80: 80 80 82 80 80 00 f8 fc f0 9e 85 9e f0 80 00 00  ................
00008c90: 00 00 00 1e 3f 3f 3f 3f 00 00 00 1e 3f 3f 3f 3f  ....????....????
00008ca0: 1f 0f 07 03 01 00 00 00 1f 0f 07 03 01 00 00 00  ................
00008cb0: 00 00 00 3c 7e fe fe fe 00 00 00 3c 7e fe fe fe  ...<~......<~...
00008cc0: fc f8 f0 e0 c0 80 00 00 fc f8 f0 e0 c0 80 00 00  ................
00008cd0: ff ff ff ff ff ff ff ff ff ff ff ff ff ff ff ff  ................
00008ce0: ff ff ff ff ff ff ff ff ff ff ff ff ff ff ff ff  ................
00008cf0: ff ff ff ff ff ff ff ff ff ff ff ff ff ff ff ff  ................
00008d00: ff ff ff ff ff ff ff ff ff ff ff ff ff ff ff ff  ................
00008d10: 08 19 09 09 09 09 1c 00 00 00 00 00 00 00 00 00  ................
00008d20: 38 05 05 19 05 05 38 00 00 00 00 00 00 00 00 00  8.....8.........
00008d30: 3c 21 21 3d 05 05 38 00 00 00 00 00 00 00 00 00  <!!=..8.........
00008d40: 18 25 25 19 25 25 18 00 00 00 00 00 00 00 00 00  .%%.%%..........
00008d50: c6 29 29 29 29 29 c6 00 00 00 00 00 00 00 00 00  .)))))..........
00008d60: 00 00 00 00 00 00 00 00 00 00 00 01 03 63 31 1f  .............c1.
00008d70: 00 00 00 00 3c b6 7c f8 00 00 fc fe c0 40 80 00  ....<.|......@..
00008d80: 03 03 03 07 0c 1b 77 07 7f 3f 53 07 0c 1b 07 07  ......w..?S.....
00008d90: 0f 0f 1f 3f 7f 3f 00 00 0f 0f 03 38 3f 0e 1c 0e  ...?.?.....8?...
00008da0: e0 f0 f0 f0 18 fc fc fc 00 90 f0 f0 18 fc f0 f8  ................
00008db0: f8 fc ff ff fe f0 00 00 f8 f0 87 3d fe 1c 08 00  ...........=....
00008dc0: 03 03 03 03 01 00 07 1f 7f 3f 53 03 01 00 07 1f  .........?S.....
00008dd0: ff ff 7f 3f 0f 03 00 00 cf 63 38 3e 7b 30 18 00  ...?.....c8>{0..
00008de0: e0 f0 f0 e0 fe 3c f0 fc 00 90 f0 e0 f8 38 f0 f0  .....<.......8..
00008df0: fc f8 f8 f8 f8 f8 f8 00 f8 f8 f8 38 80 f8 00 5c  ...........8...\
00008e00: ff ff ff ff ff ff ff ff ff ff ff ff ff ff ff ff  ................
00008e10: ff ff ff ff ff ff ff ff ff ff ff ff ff ff ff ff  ................
00008e20: ff ff ff ff ff ff ff ff ff ff ff ff ff ff ff ff  ................
00008e30: ff ff ff ff ff ff ff ff ff ff ff ff ff ff ff ff  ................
00008e40: ff ff ff ff ff ff ff ff ff ff ff ff ff ff ff ff  ................
00008e50: ff ff ff ff ff ff ff ff ff ff ff ff ff ff ff ff  ................
00008e60: ff ff ff ff ff ff ff ff ff ff ff ff ff ff ff ff  ................
00008e70: ff ff ff ff ff ff ff ff ff ff ff ff ff ff ff ff  ................
00008e80: ff ff ff ff ff ff ff ff ff ff ff ff ff ff ff ff  ................
00008e90: ff ff ff ff ff ff ff ff ff ff ff ff ff ff ff ff  ................
00008ea0: ff ff ff ff ff ff ff ff ff ff ff ff ff ff ff ff  ................
00008eb0: ff ff ff ff ff ff ff ff ff ff ff ff ff ff ff ff  ................
00008ec0: ff ff ff ff ff ff ff ff ff ff ff ff ff ff ff ff  ................
00008ed0: 00 01 03 33 19 0f 3f 1f 00 01 03 33 19 0f 3f 1f  ...3..?....3..?.
00008ee0: 2b 07 05 0d 0b 1b 1b 3b 2b 07 05 0d 0b 1b 1b 03  +......;+.......
00008ef0: 09 00 07 07 0f 0d 01 00 01 00 03 05 0e 0d 01 00  ................
00008f00: f8 fc f8 ec f8 f0 c0 c0 f8 fc c0 40 80 80 00 80  ...........@....
00008f10: f0 f8 f8 e8 cc e6 fb ff d0 f8 f8 e8 cc e6 f8 fe  ................
00008f20: ff fe fe fe fe 8f 00 00 fe fe 06 f8 0e 80 00 00  ................
00008f30: 01 0f 00 00 04 1e 00 03 01 0f 07 1d 3b 01 0f 02  ............;...
00008f40: 07 0f 1f 0f 07 0f 0f 03 02 03 02 77 17 01 00 00  ...........w....
00008f50: e0 f0 f0 48 c8 9c 00 f0 e0 f0 00 b0 30 60 f0 10  ...H........0`..
00008f60: f8 fc fc f8 f8 78 70 60 30 f0 d0 fc fe 08 00 00  .....xp`0.......
00008f70: 00 00 7c 8a fe fe fe fe 00 10 00 74 00 00 00 00  ..|........t....
00008f80: fe 7c 00 00 00 00 00 00 00 00 10 10 10 10 10 10  .|..............
00008f90: 07 0b 0f 0b 0b 0b 0b 07 00 04 00 14 04 04 04 00  ................
00008fa0: c0 e0 e0 e0 e0 e0 e0 c0 00 00 00 1f 00 00 00 00  ................
00008fb0: 03 07 07 07 07 07 07 03 00 00 00 f8 00 00 00 00  ................
00008fc0: e0 d0 d0 d0 d0 f0 d0 e0 00 20 20 28 20 00 20 00  .........  ( . .
00008fd0: 00 01 13 37 3b 74 7a 3e 00 00 08 25 12 53 33 39  ...7;tz>...%.S39
00008fe0: d8 98 a8 d8 da 74 28 c8 08 80 30 9c ca b8 98 78  .....t(...0....x
00008ff0: 08 59 30 71 79 2b 36 16 00 08 00 40 00 31 3d 19  .Y0qy+6....@.1=.
00009000: c6 c4 cc cc b8 7c ec c8 00 80 c0 c0 c0 88 b8 b8  .....|..........
00009010: 38 4c c6 c6 c6 64 38 00 00 00 00 00 00 00 00 00  8L...d8.........
00009020: 18 38 18 18 18 18 7e 00 00 00 00 00 00 00 00 00  .8....~.........
00009030: 7c c6 0e 3c 78 e0 fe 00 00 00 00 00 00 00 00 00  |..<x...........
00009040: 7e 0c 18 3c 06 c6 7c 00 00 00 00 00 00 00 00 00  ~..<..|.........
00009050: 1c 3c 6c cc fe 0c 0c 00 00 00 00 00 00 00 00 00  .<l.............
00009060: fc c0 fc 06 06 c6 7c 00 00 00 00 00 00 00 00 00  ......|.........
00009070: 3c 60 c0 fc c6 c6 7c 00 00 00 00 00 00 00 00 00  <`....|.........
00009080: fe c6 0c 18 30 30 30 00 00 00 00 00 00 00 00 00  ....000.........
00009090: 78 c4 e4 78 86 86 7c 00 00 00 00 00 00 00 00 00  x..x..|.........
000090a0: 7c c6 c6 7e 06 0c 78 00 00 00 00 00 00 00 00 00  |..~..x.........
000090b0: 38 6c c6 c6 fe c6 c6 00 00 00 00 00 00 00 00 00  8l..............
000090c0: fc c6 c6 fc c6 c6 fc 00 00 00 00 00 00 00 00 00  ................
000090d0: 3c 66 c0 c0 c0 66 3c 00 00 00 00 00 00 00 00 00  <f...f<.........
000090e0: f8 cc c6 c6 c6 cc f8 00 00 00 00 00 00 00 00 00  ................
000090f0: fe c0 c0 fc c0 c0 fe 00 00 00 00 00 00 00 00 00  ................
00009100: fe c0 c0 fc c0 c0 c0 00 00 00 00 00 00 00 00 00  ................
00009110: 3e 60 c0 de c6 66 7e 00 00 00 00 00 00 00 00 00  >`...f~.........
00009120: c6 c6 c6 fe c6 c6 c6 00 00 00 00 00 00 00 00 00  ................
00009130: 7e 18 18 18 18 18 7e 00 00 00 00 00 00 00 00 00  ~.....~.........
00009140: 1e 06 06 06 c6 c6 7c 00 00 00 00 00 00 00 00 00  ......|.........
00009150: c6 cc d8 f0 f8 dc ce 00 00 00 00 00 00 00 00 00  ................
00009160: 60 60 60 60 60 60 7e 00 00 00 00 00 00 00 00 00  ``````~.........
00009170: c6 ee fe fe d6 c6 c6 00 00 00 00 00 00 00 00 00  ................
00009180: c6 e6 f6 fe de ce c6 00 00 00 00 00 00 00 00 00  ................
00009190: 7c c6 c6 c6 c6 c6 7c 00 00 00 00 00 00 00 00 00  |.....|.........
000091a0: fc c6 c6 c6 fc c0 c0 00 00 00 00 00 00 00 00 00  ................
000091b0: 7c c6 c6 c6 de cc 7a 00 00 00 00 00 00 00 00 00  |.....z.........
000091c0: fc c6 c6 ce f8 dc ce 00 00 00 00 00 00 00 00 00  ................
000091d0: 78 cc c0 7c 06 c6 7c 00 00 00 00 00 00 00 00 00  x..|..|.........
000091e0: 7e 18 18 18 18 18 18 00 00 00 00 00 00 00 00 00  ~...............
000091f0: c6 c6 c6 c6 c6 c6 7c 00 00 00 00 00 00 00 00 00  ......|.........
00009200: c6 c6 c6 ee 7c 38 10 00 00 00 00 00 00 00 00 00  ....|8..........
00009210: c6 c6 d6 fe fe ee c6 00 00 00 00 00 00 00 00 00  ................
00009220: c6 ee 7c 38 7c ee c6 00 00 00 00 00 00 00 00 00  ..|8|...........
00009230: 66 66 66 3c 18 18 18 00 00 00 00 00 00 00 00 00  fff<............
00009240: fe 0e 1c 38 70 e0 fe 00 00 00 00 00 00 00 00 00  ...8p...........
00009250: 00 00 00 00 00 00 00 00 00 00 00 00 00 00 00 00  ................
00009260: 00 00 06 0e 08 08 08 08 00 00 00 00 00 00 00 00  ................
00009270: 00 78 65 79 65 65 78 00 00 00 00 00 00 00 00 00  .xeyeex.........
00009280: 00 e4 96 96 97 96 e6 00 00 00 00 00 00 00 00 00  ................
00009290: 00 59 59 59 59 d9 4e 00 00 00 00 00 00 00 00 00  .YYYY.N.........
000092a0: 00 3c 70 70 3c 0c 78 00 00 00 00 00 00 00 00 00  .<pp<.x.........
000092b0: 00 00 c6 ee 28 28 28 28 00 00 00 00 00 00 00 00  ....((((........
000092c0: 08 08 08 08 0e 06 00 00 00 00 00 00 00 00 00 00  ................
000092d0: 28 28 28 28 ee c6 00 00 00 00 00 00 00 00 00 00  ((((............
000092e0: 00 00 60 70 10 10 10 10 00 00 00 00 00 00 00 00  ..`p............
000092f0: 1c 3e 3c 38 30 00 60 00 00 00 00 00 00 00 00 00  .><80.`.........
00009300: 10 10 10 10 70 60 00 00 00 00 00 00 00 00 00 00  ....p`..........
00009310: ff ff 38 6c c6 83 ff ff 00 00 00 00 00 00 00 00  ..8l............
00009320: ff 38 6c c6 83 ff ff 00 00 00 00 00 00 00 00 00  .8l.............
00009330: 38 6c c6 83 ff ff 00 00 00 00 00 00 00 00 00 00  8l..............
00009340: 6c c6 83 ff ff 00 00 00 00 00 00 00 00 00 00 00  l...............
00009350: c6 83 ff ff 00 00 00 00 00 00 00 00 00 00 00 00  ................
00009360: 83 ff ff 00 00 00 00 00 00 00 00 00 00 00 00 00  ................
00009370: ff ff 00 00 00 00 00 00 00 00 00 00 00 00 00 00  ................
00009380: ff 00 00 00 00 00 00 00 00 00 00 00 00 00 00 00  ................
00009390: 00 00 00 00 00 00 00 ff 00 00 00 00 00 00 00 00  ................
000093a0: 00 00 00 00 00 00 ff ff 00 00 00 00 00 00 00 00  ................
000093b0: 00 00 00 00 00 ff ff 38 00 00 00 00 00 00 00 00  .......8........
000093c0: 00 00 00 00 ff ff 38 6c 00 00 00 00 00 00 00 00  ......8l........
000093d0: 00 00 00 ff ff 38 6c c6 00 00 00 00 00 00 00 00  .....8l.........
000093e0: 00 00 ff ff 38 6c c6 83 00 00 00 00 00 00 00 00  ....8l..........
000093f0: 00 ff ff 38 6c c6 83 ff 00 00 00 00 00 00 00 00  ...8l...........
00009400: 00 00 00 00 00 00 00 00 81 ff 81 81 81 ff 81 81  ................
00009410: 00 00 00 00 00 00 00 ff 81 ff 81 81 81 ff 81 00  ................
00009420: 00 00 00 00 00 ff ff 38 81 ff 81 81 81 00 00 00  .......8........
00009430: 00 00 00 00 ff ff 38 6c 81 ff 81 81 00 00 00 00  ......8l........
00009440: 00 00 00 ff ff 38 6c c6 81 ff 81 00 00 00 00 00  .....8l.........
00009450: 00 00 ff ff 38 6c c6 83 81 ff 00 00 00 00 00 00  ....8l..........
00009460: 00 ff ff 38 6c c6 83 ff 81 00 00 00 00 00 00 00  ...8l...........
00009470: ff 38 6c c6 83 ff ff 00 00 00 00 00 00 00 00 81  .8l.............
00009480: 38 6c c6 83 ff ff 00 00 00 00 00 00 00 00 81 81  8l..............
00009490: 6c c6 83 ff ff 00 00 00 00 00 00 00 00 ff 81 81  l...............
000094a0: c6 83 ff ff 00 00 00 00 00 00 00 00 81 ff 81 81  ................
000094b0: 83 ff ff 00 00 00 00 00 00 00 00 81 81 ff 81 81  ................
000094c0: ff ff 00 00 00 00 00 00 00 00 81 81 81 ff 81 81  ................
000094d0: bf 5f 5f 5f 00 5f 51 55 ff 7f 7f 7f 7f 7f 7f 7f  .___._QU........
000094e0: 51 5f 00 5f 5f 5f 5f bf 7f 7f 7f 7f 72 7f 7f ff  Q_.____.....r...
000094f0: ff fe fe fe 00 fe 26 26 ff fe fe fe fe fe fe fe  ......&&........
00009500: 22 fe 00 fe fe fe fe ff fe fe fe fe 4a fe fe ff  "...........J...
00009510: 07 00 0f 1f 1f 1f 1f 1f 05 0f 0b 1b 13 13 13 13  ................
00009520: 1f 1f 1f 1f 1f 0f 00 07 13 13 13 13 1b 0b 0f 05  ................
00009530: 07 00 0f 1f 1f 1f 1f 1f 05 0f 0b 1b 13 13 13 13  ................
00009540: 1f 1f 1f 1f 1f 0f 00 07 13 13 13 13 1b 0b 0f 05  ................
00009550: e0 00 f1 fb fb fb fb fb a0 f1 d1 db ca ca ca ca  ................
00009560: fb fb fb fb fb f1 00 e0 ca ca ca ca db d1 f1 a0  ................
00009570: e0 00 f1 fb fb fb fb fb a0 f1 d1 db ca ca ca ca  ................
00009580: fb fb fb fb fb f1 00 e0 ca ca ca ca db d1 f0 a0  ................
00009590: fc 00 fe ff ff ff ff ff b4 fe 7a 7b 79 79 79 79  ..........z{yyyy
000095a0: ff ff ff ff ff fe 00 fc 79 79 79 79 7b 7a fe b4  ........yyyy{z..
000095b0: fc 00 fe ff ff ff ff ff b4 fe 7a 7b 79 79 79 79  ..........z{yyyy
000095c0: ff ff ff ff ff fe 00 fc 79 79 79 79 7b 7a fe b4  ........yyyy{z..
000095d0: 00 00 1f 10 10 1f 00 00 7f bf ff b2 b1 ff bf 7f  ................
000095e0: 00 00 f8 08 08 f8 00 00 fe fd ff cd 6d ff fd fe  ............m...
000095f0: 00 01 02 02 f1 08 04 03 ff ff ae fe ff 0f 07 03  ................
00009600: 00 80 40 40 8f 10 20 c0 ff ff 75 7f ff f0 e0 c0  ..@@.. ...u.....
00009610: 03 04 08 f1 02 02 01 00 03 07 0f ff fe ae ff ff  ................
00009620: c0 20 10 8f 40 40 80 00 c0 e0 f0 ff 7f 75 ff ff  . ..@@.......u..
00009630: ff ff c3 81 81 c3 ff ff ff 00 c3 81 81 c3 ff 00  ................
00009640: ff 99 00 00 00 81 81 81 81 66 7e 7e 7e ff ff 7e  .........f~~~..~
00009650: 00 00 00 00 60 60 00 00 00 00 00 00 00 00 00 00  ....``..........
00009660: 00 00 00 00 6c 6c 08 00 00 00 00 00 00 00 00 00  ....ll..........
00009670: 3c 18 18 18 18 18 3c 00 00 00 00 00 00 00 00 00  <.....<.........
00009680: ff 66 66 66 66 66 66 ff 00 00 00 00 00 00 00 00  .ffffff.........
00009690: 03 01 00 00 00 00 00 00 03 01 00 00 00 00 00 00  ................
000096a0: 83 d1 e1 d1 02 84 f0 ce ff ff ff ff ff ff ff ff  ................
000096b0: c0 80 00 00 00 00 00 00 c0 80 00 00 00 00 00 00  ................
000096c0: c1 8b 87 8b 40 21 0f d3 ff ff ff ff ff ff ff ff  ....@!..........
000096d0: ff ff ff 1f 0f 1e 3f 7f ff ff ff 1f 1f 3f 7f ff  ......?......?..
000096e0: ff ff ff f8 f0 78 fc fe ff ff ff f8 f8 fc fe ff  .....x..........
000096f0: 00 00 00 00 00 3c 42 81 00 00 00 00 00 3c 42 81  .....<B......<B.
00009700: 81 bd 7e ff e7 ff ff ff 81 bd 7e a5 db e7 ff ff  ..~.......~.....
00009710: 01 07 1f 3f 7f ff ff dd 00 05 19 33 63 c7 c7 c4  ...?.......3c...
00009720: 89 01 01 01 01 01 00 00 80 00 00 01 01 01 00 00  ................
00009730: 80 e0 f8 fc fe ff ff 3b 00 a0 98 cc c6 e3 e3 23  .......;.......#
00009740: 11 00 00 00 00 40 80 00 01 00 00 00 00 40 80 00  .....@.......@..
00009750: 01 01 01 01 01 01 01 01 01 01 01 01 01 01 01 01  ................
00009760: 80 80 80 80 80 80 80 80 80 80 80 80 80 80 80 80  ................
00009770: 01 03 00 00 03 19 00 00 01 03 03 07 04 1c 3f 7f  ..............?.
00009780: 00 00 7c 02 01 00 00 00 7f ff ff 7f 7f 1f 03 00  ..|.............
00009790: 00 00 01 01 03 07 07 0f 00 00 01 01 03 07 07 0f  ................
000097a0: 0f 07 0f 07 01 10 20 00 ff ff 3f 3f 7f fe fc 30  ...... ...??...0
000097b0: f8 fe 7f 1f 0f 19 30 70 f8 fe ff ff ff ff ff ff  ......0p........
000097c0: fb 73 27 0f 1f 1f 3f 7f ff ff ff ff ff ff ff 7f  .s'...?.........
000097d0: ff ff ff ff fe fd f8 f6 ff ff ff ff ff ff ff ff  ................
000097e0: ef cf 9f 1f 0f 2d 50 40 ef cf 9f 1f 0f 7f ff ff  .....-P@........
000097f0: 00 00 00 00 e0 fe ff f3 00 00 00 f0 fe ff ff ff  ................
00009800: fb fb fb fb fb f3 f7 e7 ff ff ff ff ff ff ff ff  ................
00009810: cf 9f 3f 3f 3f 0f 03 00 ff ff ff ff ff ff ff ff  ..???...........
00009820: c0 f0 fc f0 f0 98 08 00 ff ff ff f0 f0 f8 f8 f8  ................
00009830: 00 00 00 00 00 00 80 c0 00 00 00 00 00 80 c0 e0  ................
00009840: e0 e0 f0 f0 f0 f0 f8 f8 f0 f0 f8 f8 f8 fc fc fe  ................
00009850: fe ff ff ff ff ff ff ff ff ff ff ff ff ff ff ff  ................
00009860: 3f 1f 1f 0f 07 00 00 00 ff ff ff 0f 07 00 00 00  ?...............
00009870: 00 00 c0 e0 f0 f0 f0 f8 00 80 c0 e0 f0 f0 f0 fc  ................
00009880: f9 ff ff ff ff 0e 02 14 ff ff ff ff ff 0f 1f 3f  ...............?
00009890: 80 a0 20 20 a0 80 00 00 c0 e0 e0 e0 e0 c0 c0 80  ..  ............
000098a0: 01 05 04 04 05 01 00 00 03 07 07 07 07 03 03 01  ................
000098b0: 00 00 03 07 0f 0f 0f 0f 00 01 03 07 0f 0f 0f 3f  ...............?
000098c0: 9f ff ff ff ff 70 40 28 ff ff ff ff ff f0 f8 fc  .....p@(........
000098d0: 00 00 00 00 00 00 01 03 00 00 00 00 00 01 03 07  ................
000098e0: 07 07 0f 0f 0f 0f 1f 1f 0f 0f 1f 1f 1f 3f 3f 7f  .............??.
000098f0: 7f ff ff ff ff ff ff ff ff ff ff ff ff ff ff ff  ................
00009900: fc f8 f8 f0 e0 00 00 00 ff ff ff f0 e0 00 00 00  ................
00009910: 00 00 00 00 07 7f ff cf 00 00 00 0f 7f ff ff ff  ................
00009920: df df df df df cf ef e7 ff ff ff ff ff ff ff ff  ................
00009930: f3 f9 fc fc fc f0 c0 00 ff ff ff ff ff ff ff ff  ................
00009940: 03 0f 3f 0f 0f 19 10 00 ff ff ff 0f 0f 1f 1f 1f  ..?.............
00009950: 1f 7f fe f8 f0 98 0c 0e 1f 7f ff ff ff ff ff ff  ................
00009960: df ce e4 f0 f8 f8 fc fe ff ff ff ff ff ff ff fe  ................
00009970: ff ff ff ff 7f bf 1f 6f ff ff ff ff ff ff ff ff  .......o........
00009980: f7 f3 f9 f8 f0 b4 0a 02 f7 f3 f9 f8 f0 fe ff ff  ................
00009990: 80 c0 00 00 c0 98 00 00 80 c0 c0 e0 20 38 fc fe  ............ 8..
000099a0: 00 00 3e 40 80 00 00 00 fe ff ff fe fc f8 c0 00  ..>@............
000099b0: 00 00 80 80 c0 e0 e0 f0 00 00 80 80 c0 e0 e0 f0  ................
000099c0: f0 e0 f0 e0 80 08 04 00 ff ff fc fc fe 7e 3f 0c  .............~?.
000099d0: 00 00 01 03 03 03 07 07 00 01 03 07 07 07 0f 0f  ................
000099e0: 07 03 03 03 03 03 03 01 0f 0f 07 07 07 03 03 01  ................
000099f0: 00 00 00 00 00 01 02 04 01 01 01 00 00 03 07 0f  ................
00009a00: 00 00 00 00 00 00 1c 3b 00 00 00 00 01 03 3f 7f  .......;......?.
00009a10: 7e fe ff ff ff ff fd f9 ff ff ff ff ff ff fd f9  ~...............
00009a20: f3 f7 f6 ee fd fc f8 e1 f3 ff ff ff ff ff ff ff  ................
00009a30: d3 cb c3 e1 f9 39 42 00 ff ff ff ff ff ff ff ff  .....9B.........
00009a40: 07 0f 19 30 63 72 70 01 07 0f 1f 3f fc fc ff ff  ...0crp....?....
00009a50: 00 1f 20 c0 c0 f0 ff ff ff ff ff ff ff ff ff ff  .. .............
00009a60: ab c1 81 91 82 fc e0 ce ff ff ff ff ff ff ff ff  ................
00009a70: e5 da f0 e0 c0 00 00 00 ff ff f0 e0 c0 80 80 00  ................
00009a80: f0 f8 cc 86 62 26 06 c0 f0 f8 fc fe 9f 9f ff ff  ....b&..........
00009a90: 00 fc 06 03 01 07 ff ff ff ff ff ff ff ff ff ff  ................
00009aa0: d5 83 81 89 41 3f 07 d3 ff ff ff ff ff ff ff ff  ....A?..........
00009ab0: 6f db 0f 07 03 00 00 00 ff ff 0f 07 03 01 01 00  o...............
00009ac0: 00 00 00 00 00 00 38 dc 00 00 00 00 80 c0 fc fe  ......8.........
00009ad0: 7e 7f 7f ff ff ff bf 9f ff ff ff ff ff ff bf 9f  ~...............
00009ae0: cf ef 6f 77 bf 3f 1f 87 cf ff ff ff ff ff ff ff  ..ow.?..........
00009af0: cb d3 c3 87 9f 9c 42 00 ff ff ff ff ff ff ff ff  ......B.........
00009b00: 00 00 80 c0 c0 c0 e0 e0 00 80 c0 e0 e0 e0 f0 f0  ................
00009b10: e0 c0 c0 c0 c0 c0 c0 80 f0 f0 e0 e0 e0 c0 c0 80  ................
00009b20: 00 00 00 00 00 80 40 20 80 80 80 00 00 c0 e0 f0  ......@ ........
00009b30: 00 00 00 01 03 07 07 07 00 00 01 03 07 07 07 07  ................
00009b40: 03 01 00 00 00 00 01 01 03 01 00 00 00 01 03 03  ................
00009b50: 01 01 07 03 04 00 00 00 03 03 07 1f 3f 3f 00 00  ............??..
00009b60: 00 00 00 00 00 00 00 07 00 00 00 00 01 03 03 0f  ................
00009b70: 0e 3e 7f ff ff ef f7 f8 3f 7f ff ff ff ff ff ff  .>......?.......
00009b80: ff ff ff 1f 1f 7f ff fe ff ff ff 1f 7f ff ff ff  ................
00009b90: ff ff ff fc f8 80 00 00 ff ff ff fc f8 f8 00 00  ................
00009ba0: 30 7f 7f 3f 87 f0 ff ff cf 88 dd c8 f8 ff ff ff  0..?............
00009bb0: e5 da c0 00 00 00 00 00 ff ff c0 00 00 00 00 00  ................
00009bc0: 06 ff ff fe f1 07 ff ff f9 88 dd 89 0f ff ff ff  ................
00009bd0: 00 01 02 07 00 00 20 ff 03 07 0f 07 87 c3 e0 ff  ...... .........
00009be0: 7f 7f 7f ff ff ff ff fe ff ff ff ff ff ff ff fe  ................
00009bf0: fc b8 78 78 b0 78 fc fe fc f8 f8 f8 f8 fc fe ff  ..xx.x..........
00009c00: ff ff ff ff ff 9c 42 00 ff ff ff ff ff ff ff ff  ......B.........
00009c10: 00 00 20 40 8a 1e 7e be c0 f0 fc fc fe fe fe fe  .. @..~.........
00009c20: df ff fe fc f0 e0 80 00 ff ff fe fc f0 e0 80 00  ................
00009c30: 00 00 04 02 51 78 7e fd 03 0f 3f 3f 7f 7f 7e ff  ....Qx~...??..~.
00009c40: fb ff 7f 3f 0f 07 01 00 ff ff 7f 3f 0f 07 01 00  ...?.......?....
00009c50: 00 80 40 e0 00 00 04 ff c0 e0 f0 e0 e1 c3 07 ff  ..@.............
00009c60: fe fe fe ff ff ff ff 7f ff ff ff ff ff ff ff 7f  ................
00009c70: 3f 1d 1e 1e 0d 1e 3f 7f 3f 1f 1f 1f 1f 3f 7f ff  ?.....?.?....?..
00009c80: ff ff ff ff ff 39 42 00 ff ff ff ff ff ff ff ff  .....9B.........
00009c90: 6f db 03 00 00 00 00 00 ff ff 03 00 00 00 00 00  o...............
00009ca0: 00 00 00 00 00 00 00 e0 00 00 00 00 80 c0 c0 f0  ................
00009cb0: 70 7c 7e ff ff f7 ef 1f fc fe ff ff ff ff ff ff  p|~.............
00009cc0: ff ff ff f8 f8 fe ff ff ff ff ff f8 fe ff ff ff  ................
00009cd0: ff ff ff 3f 1e 01 00 00 ff ff ff 3f 1f 1f 00 00  ...?.......?....
00009ce0: 00 00 00 80 c0 e0 e0 e0 00 00 80 c0 e0 e0 e0 e0  ................
00009cf0: c0 80 00 00 00 00 80 80 c0 80 00 00 00 80 c0 c0  ................
00009d00: 80 80 e0 c0 20 00 00 00 c0 c0 e0 f8 fc fc 00 00  .... ...........
00009d10: 1f 06 06 06 06 06 06 00 00 00 00 00 00 00 00 00  ................
00009d20: 39 65 65 65 65 65 39 00 00 00 00 00 00 00 00 00  9eeeee9.........
00009d30: e0 b0 b0 b6 e6 80 80 00 00 00 00 00 00 00 00 00  ................
00009d40: 3c 42 99 a1 a1 99 42 3c 00 00 00 00 00 00 00 00  <B....B<........
00009d50: 00 00 00 03 06 00 01 07 00 00 00 00 03 07 03 07  ................
00009d60: 0f 1f 3f 7f 7f 7f ff 7f 1f 3f 7f ff ff ff ff 7f  ..?......?......
00009d70: 00 00 00 80 00 00 00 a0 00 00 00 c0 e0 f0 f0 f8  ................
00009d80: e0 f0 e0 dd fa eb 80 00 fc f8 f0 ff ff ff ff ff  ................
00009d90: 00 00 00 03 06 00 01 01 00 00 00 00 03 07 0f 1f  ................
00009da0: 0b 07 03 5d af 53 00 00 3f 1f 07 ff ff ff ff ff  ...].S..?.......
00009db0: 00 00 00 80 00 00 60 f0 00 00 00 c0 c0 c0 e0 f8  ......`.........
00009dc0: f8 fc fc fe fe ff ff 7e fc fe fe ff ff ff ff fe  .......~........
00009dd0: 00 00 00 00 00 00 21 3f 36 36 7e 7f 7f 7f 3f 3f  ......!?66~...??
00009de0: 3f 1f 1f 0f 07 03 00 00 3f 1f 1f 0f 07 03 00 00  ?.......?.......
00009df0: 3e 1e 1e 0e 0f 1f 9f 9f 3f 1f df cf cf 9f df ff  >.......?.......
00009e00: df ff ff ff ff df e7 00 ff ff ff ff ff ff ff 0f  ................
00009e10: 20 0f 30 40 98 3e 1f 00 ff ff ff ff ff ff ff ff   .0@.>..........
00009e20: 81 36 2e af ae d1 ef 87 ff f9 f0 f0 b1 df ef 87  .6..............
00009e30: 02 f8 06 01 0c 3e fc 00 ff ff ff ff ff ff ff ff  .....>..........
00009e40: c0 36 3e 7a b6 cd fb f0 ff cf 87 87 ce fd fb f0  .6>z............
00009e50: 3e 3c 3c 38 f8 7c 7e 78 fe fc fc f8 fb fd fe ff  ><<8.|~x........
00009e60: f8 7f 7f fe ff ff f3 81 ff ff ff ff ff ff ff f9  ................
00009e70: 00 00 00 10 40 20 00 00 00 00 00 78 fc fc fc fc  ....@ .....x....
00009e80: 06 0e 7e fe fe fc f8 f0 fe fe fe fe fe fc f8 f0  ..~.............
00009e90: 00 00 00 00 00 00 00 01 00 00 00 00 00 00 00 00  ................
00009ea0: 02 00 08 01 13 01 00 00 01 0f 1f 1f 3b 33 01 01  ............;3..
00009eb0: 00 00 00 00 00 00 00 00 00 00 00 36 6c fd ff ff  ...........6l...
00009ec0: 00 43 7f 7f 7f 3f 1f 07 ff 7f 7f 7f 7f 3f 1f 07  .C...?.......?..
00009ed0: 00 00 00 00 00 00 c0 00 00 00 00 00 00 00 00 e0  ................
00009ee0: 10 38 bf ff ff ff ff ff f8 ff ff ff ff ff ff ff  .8..............
00009ef0: 7e 1e 1e 0e 0f 1e 1e 3e ff 7f 1f 0f 0f 9f 9f bf  ~......>........
00009f00: 7f 7f bf ff ff ff e7 c0 7f ff ff ff ff ff ff cf  ................
00009f10: 00 00 10 fd fa eb 80 00 00 00 f0 ff ff ff ff ff  ................
00009f20: 20 1f 60 8e 3f 7f 7f 7c ff ff ff f1 c4 ee c4 83   .`.?..|........
00009f30: 39 36 2e af ae d1 ef 87 c7 f9 f0 f0 b1 df ef 87  96..............
00009f40: 00 00 04 5f af 53 00 00 00 00 07 ff ff ff ff ff  ..._.S..........
00009f50: 02 fc 03 38 fe ff ff 1e ff ff ff c7 45 ee 44 e1  ...8........E.D.
00009f60: c0 36 3e 7a b6 cd fb f0 ff cf 87 87 ce fd fb f0  .6>z............
00009f70: 00 00 00 00 00 0e 08 08 00 00 00 00 00 01 07 0f  ................
00009f80: 1f 3f ff ff ff ff ff 7f 3f ff ff ff ff ff ff ff  .?......?.......
00009f90: 3f 3e 3c b8 78 78 7e 7e ff ff fd f8 ff ff fe ff  ?><.xx~~........
00009fa0: fd 79 7b ff ff ff f3 80 ff ff ff ff ff ff ff f8  .y{.............
00009fb0: 00 00 00 00 00 00 00 00 00 00 00 00 00 00 c0 f0  ................
00009fc0: 10 84 e0 c0 80 80 00 00 fc fe ec e0 c0 c0 80 80  ................
00009fd0: 00 48 20 00 00 04 0e fe 70 fc fc fc fc fc fe fe  .H .....p.......
00009fe0: fe fc fc f8 f0 e0 80 00 fe fc fc f8 f0 e0 80 00  ................
00009ff0: 0f 06 06 06 06 06 0f 00 00 00 00 00 00 00 00 00  ................
0000a000: f0 60 60 66 66 60 f0 00 00 00 00 00 00 00 00 00  .``ff`..........
0000a010: 00 00 00 00 00 00 00 00 00 00 00 00 00 00 00 00  ................
0000a020: 00 00 00 05 07 03 00 00 00 00 00 05 07 03 00 00  ................
0000a030: 00 00 00 00 00 00 00 00 00 00 00 00 00 03 07 0f  ................
0000a040: 00 00 01 c0 84 a2 20 1c 1f 3f 7e ff ff ff 39 1c  ...... ..?~...9.
0000a050: 00 00 0f 1e c7 ef 3c 3c 00 1f 7f fe fe ff ff ff  ......<<........
0000a060: 1f 71 ff 0e 04 00 00 4e ff 8e 06 f0 f8 f8 f8 7e  .q.....N.......~
0000a070: 00 00 00 80 80 f0 f0 20 40 80 00 80 e0 f0 f0 e0  ....... @.......
0000a080: c0 00 00 00 00 34 1c 38 e0 f0 f0 f8 7c 3c 1c 38  .....4.8....|<.8
0000a090: 00 00 00 00 00 00 00 00 00 00 00 00 00 00 00 00  ................
0000a0a0: 00 00 00 00 00 00 00 00 00 00 00 00 00 00 00 00  ................
0000a0b0: 00 00 00 01 01 08 08 18 00 00 01 03 07 07 07 07  ................
0000a0c0: 3c 3e 42 00 00 00 00 27 03 01 3d 7f 7f 1f 3e 3f  <>B....'..=...>?
0000a0d0: 00 1e 3d 8f df 7f 38 3f 3f fe fd fd ff ff ff ff  ..=...8??.......
0000a0e0: 12 1a 0c 08 80 88 28 70 ed e5 f3 f5 7e 3e 3c 7e  ......(p....~><~
0000a0f0: 00 00 00 00 e0 e0 c0 00 00 00 00 c0 e0 e0 c0 00  ................
0000a100: 00 00 00 00 00 00 00 00 00 00 00 00 00 00 00 00  ................
0000a110: 00 00 00 00 00 00 00 00 00 00 00 00 00 00 00 00  ................
0000a120: 00 00 00 00 08 10 18 0f 00 00 01 07 0f 1f 1e 0f  ................
0000a130: 00 00 00 01 09 10 10 30 00 00 00 07 07 0f 0f 0f  .......0........
0000a140: 78 7c 1e 07 07 0f 20 61 07 03 e1 f8 f8 f0 39 71  x|.... a......9q
0000a150: 00 1e 3d 8f df 7f 78 37 3f fe fd fd ff ff ff ff  ..=...x7?.......
0000a160: 18 04 00 80 e0 03 00 9d e6 f8 fc 7f 1f fb f0 fd  ................
0000a170: 00 00 00 00 e0 e0 40 80 00 00 00 c0 e0 e0 c0 80  ......@.........
0000a180: 00 00 00 00 00 40 c0 80 00 00 00 80 c0 c0 c0 80  .....@..........
0000a190: 00 00 00 00 00 38 7d 68 00 00 00 03 0f 3f 7f 7f  .....8}h.....?..
0000a1a0: 34 0e 0f 2b 40 80 e0 00 33 01 00 34 7f ff ef 00  4..+@...3..4....
0000a1b0: 00 00 01 03 31 3b 1f 1f 00 03 0f 9f ff ff ef ef  ....1;..........
0000a1c0: 1f 3b f8 fd ff 3c 00 00 e7 c7 07 02 00 c3 80 00  .;...<..........
0000a1d0: 03 05 e6 b3 f9 fc 8c 1c 03 e7 f7 b7 bf ff ff ff  ................
0000a1e0: 18 e0 40 c8 1c 3c 70 00 fe f8 80 38 fc fc f0 00  ..@..<p....8....
0000a1f0: 40 c0 60 c0 80 00 00 00 40 c0 e0 c0 80 80 80 00  @.`.....@.......
0000a200: 00 00 00 00 00 00 00 00 00 00 00 00 00 00 00 00  ................
0000a210: 00 0c 1e 1f 1e 0c 00 00 0f 1f 1f 1f 1f 0d 00 00  ................
0000a220: 00 00 00 00 00 00 00 00 00 00 00 00 00 00 00 00  ................
0000a230: 00 00 06 06 02 03 03 01 01 c7 ff ff ff ff ff 7f  ................
0000a240: 01 01 01 0b 04 00 00 01 3e 1e 1e 04 03 02 01 01  ........>.......
0000a250: 00 7c fc 68 f4 fe 86 8f f8 fd e3 c3 eb ff ff fe  .|.h............
0000a260: fd e3 ff 0e 06 04 01 38 fe 1c 00 f1 79 fb f1 f8  .......8....y...
0000a270: 00 00 00 00 38 78 20 00 00 c0 f0 d0 f8 f8 20 00  ....8x ....... .
0000a280: 00 00 00 00 00 00 30 00 00 00 c0 e0 e0 e0 f0 00  ......0.........
0000a290: 00 01 0b 0e 06 19 17 1f 03 07 0e 0c 0f 1f 3f 3f  ..............??
0000a2a0: 0f 00 10 1e 0f 07 03 00 3f 1f 0f 01 00 00 00 00  ........?.......
0000a2b0: 00 c0 eb bb 31 cc f4 fd e0 f0 3b 1f ff ff fc fd  ....1.....;.....
0000a2c0: f9 00 00 02 cc c0 e0 e0 fb ff ff ff 3f 3f 1e 00  ............??..
0000a2d0: 00 00 c0 40 c0 00 00 e0 00 00 c0 c0 c0 00 00 e0  ...@............
0000a2e0: 60 e0 00 00 08 08 08 10 e0 e0 00 80 d8 f8 f8 70  `..............p
0000a2f0: 00 00 00 00 00 00 00 00 00 00 00 00 00 00 00 00  ................
0000a300: 00 00 00 00 00 00 00 00 00 00 00 00 00 00 00 00  ................
0000a310: 00 01 0b 0e 06 19 17 1f 03 07 0e 0c 0f 1f 3f 3f  ..............??
0000a320: 0f 00 10 1e 0f 07 03 00 3f 1f 0f 01 00 00 00 00  ........?.......
0000a330: 03 c3 ea bb 30 cd f5 fc e3 f3 3f 1f fe fd fd ff  ....0.....?.....
0000a340: f8 01 02 08 c0 c0 e0 e0 ff ff ff ff 3f 3f 1b 03  ............??..
0000a350: c0 40 c0 80 00 e0 60 e0 c0 c0 c0 80 00 e0 e0 e0  .@....`.........
0000a360: 00 00 00 00 00 00 20 c0 80 00 80 c0 c0 80 e0 c0  ...... .........
0000a370: 00 00 00 00 00 00 00 00 00 00 00 00 00 00 00 00  ................
0000a380: 00 00 00 00 00 00 00 00 00 00 00 00 00 00 00 00  ................
0000a390: 74 64 70 20 00 00 00 00 74 66 77 27 07 03 01 00  tdp ....tfw'....
0000a3a0: 00 00 00 01 02 02 03 01 00 00 00 01 03 03 03 01  ................
0000a3b0: 00 01 0c 1f 17 18 3c 36 00 00 0f df ff ef cf cf  ......<6........
0000a3c0: 3b 3c 1b 1c 0d 07 00 c0 47 03 64 e3 f2 f8 e0 c0  ;<......G.d.....
0000a3d0: c0 70 b8 f4 fe 7c 3c 78 78 7c 2c 9c fc fb fb f7  .p...|<xx|,.....
0000a3e0: f0 60 f4 f8 e0 c0 01 00 ef 9f 08 07 1f 3f 03 00  .`...........?..
0000a3f0: 00 00 00 0e 26 2e 04 00 00 00 00 0e 26 6e e4 e0  ....&.......&n..
0000a400: 00 00 00 00 30 f0 80 00 e0 c0 00 30 f0 f0 80 00  ....0......0....
0000a410: 00 00 00 00 58 e8 d8 70 00 00 00 00 58 ff ff 7f  ....X..p....X...
0000a420: 00 00 00 00 00 00 00 00 03 00 00 00 00 00 00 00  ................
0000a430: 1c 3e 3a 3e 1e 33 20 27 03 01 05 01 01 fc ff ff  .>:>.3 '........
0000a440: 1f 00 0f 0c 0f 04 1b f0 ff 7f 30 13 70 fb 7c f0  ..........0.p.|.
0000a450: 00 70 50 70 38 cc 04 e4 c0 80 a0 80 f8 3f ff ff  .pPp8........?..
0000a460: f8 00 f0 30 70 e0 c0 0f ff fe 08 c8 8e 1f 3e 0f  ...0p.........>.
0000a470: 00 00 00 00 00 08 0e 1f 00 00 00 00 00 f8 fe ff  ................
0000a480: 09 00 00 00 00 00 00 00 09 00 00 00 00 00 00 00  ................
0000a490: 0b 1d 1b 0e 00 00 00 00 0b 1f 1f 0f 03 01 00 00  ................
0000a4a0: 00 00 00 04 06 03 01 00 00 00 00 05 07 03 01 00  ................
0000a4b0: 00 0e 0a 0e 1e 33 20 20 03 01 c5 e1 ff fc ff 7f  .....3  ........
0000a4c0: 27 18 07 0c 0f 04 83 00 3f 3f d8 f3 f0 fb 8c 00  '.......??......
0000a4d0: 70 f8 b8 f8 78 8c 04 04 80 00 40 01 8f 7f ff ff  p...x.....@.....
0000a4e0: e4 18 e0 30 70 e5 c7 00 fe fc 1f cf 8f 1f 27 00  ...0p.........'.
0000a4f0: 00 60 5c 6c 38 00 00 00 00 60 7c fc f8 e0 80 00  .`\l8....`|.....
0000a500: 00 00 00 00 00 c0 00 00 00 00 00 80 80 c0 00 00  ................
0000a510: 00 00 00 00 00 00 00 00 00 00 00 00 00 00 01 03  ................
0000a520: 00 00 00 00 0b 0f 07 03 03 07 07 07 0f 0f 07 03  ................
0000a530: 00 01 0b 2e 26 3f 37 38 03 07 1e 1c 5f df df df  ....&?78...._...
0000a540: 1f 0c 1f 3e 1f 06 03 00 ef f3 a0 01 00 39 1c 3e  ...>.........9.>
0000a550: 00 c0 e8 ba 32 6e 76 0e e0 f0 3c 1c fd fd fd fd  ....2nv...<.....
0000a560: fc 18 fc 1e bc 70 e0 00 fb e7 02 e0 40 8e 1c 1f  .....p......@...
0000a570: 00 00 00 00 00 00 00 00 00 00 00 00 00 80 c0 e0  ................
0000a580: 00 00 00 00 68 f8 70 60 e0 f0 f0 70 78 f8 70 60  ....h.p`...px.p`
0000a590: 06 0f 05 07 87 4e 57 23 02 01 01 07 83 4c 57 23  .....NW#.....LW#
0000a5a0: 3c 7c f8 e0 80 2a fe fc 3c 78 e0 80 00 00 aa fc  <|...*..<x......
0000a5b0: 00 01 01 03 87 4f 37 03 00 00 00 02 83 4d 37 03  .....O7......M7.
0000a5c0: 80 c0 40 fc fe fe fe fc 80 40 40 7c fe 54 aa fc  ..@......@@|.T..
0000a5d0: 92 54 38 fe 38 54 92 00 00 00 00 00 00 00 00 00  .T8.8T..........
0000a5e0: 00 00 00 00 00 00 00 00 ff 81 81 81 81 81 81 ff  ................
0000a5f0: ff ff ff ff ff ff ff ff 00 00 00 00 00 00 00 00  ................
0000a600: 06 09 01 02 01 09 06 00 00 00 00 00 00 00 00 00  ................
0000a610: 00 60 c3 e7 c7 ef ce dc 00 40 81 c3 83 c7 86 cc  .`.......@......
0000a620: de fb 7f 20 40 80 60 10 de d9 68 20 40 80 60 10  ... @.`...h @.`.
0000a630: 00 70 f8 f8 f8 f8 fe fb 00 50 b8 d8 b8 d8 be d1  .p.......P......
0000a640: fe f8 70 20 40 40 20 10 f0 d8 60 20 40 40 20 10  ..p @@ ...` @@ .
0000a650: 00 00 00 00 1e 3f 7d 78 00 00 01 00 00 20 7c 78  .....?}x..... |x
0000a660: 7c fb ff ff 5f 1f 1f 1f 7c fe ff fe 7c 60 e0 e1  |..._...|...|`..
0000a670: 00 00 00 00 00 80 80 00 7c 82 01 82 7c 00 00 00  ........|...|...
0000a680: 00 21 a2 a3 b3 8f 27 fe 10 19 5a df 4f 73 db 02  .!....'...Z.Os..
0000a690: 00 00 00 01 03 0f bf ff 00 00 00 00 00 0c be ff  ................
0000a6a0: ff ff 7f 3f 7f f8 00 00 f3 ff 63 fe 0d f8 00 00  ...?......c.....
0000a6b0: 00 00 00 80 70 60 d0 c0 00 00 00 00 30 38 7c fe  ....p`......08|.
0000a6c0: c0 c0 e0 f0 e0 00 00 00 ff f0 7e f8 e0 00 00 00  ..........~.....
0000a6d0: 00 78 fc 7e 7f 3f 3f 9f 00 78 fc 0e 7e 3c 0c 9e  .x.~.??..x..~<..
0000a6e0: ff ff ff 0f 1f 0f 00 00 ff ff ff ff 5f 0f 00 00  ............_...
0000a6f0: 00 00 00 00 80 70 60 d0 00 00 00 00 00 3f 3e 7e  .....p`......?>~
0000a700: c0 c0 c0 e0 f0 80 00 00 fc f8 fc fe ff 80 00 00  ................
0000a710: 00 00 03 43 61 77 7f 7f 00 00 03 47 43 57 77 74  ...Caw.....GCWwt
0000a720: 7e 3e 0e 01 00 00 00 00 7c 3c 0f 07 03 01 00 00  ~>......|<......
0000a730: 00 00 e0 e1 c3 f7 ff ff 00 00 e0 f1 e1 f5 f7 97  ................
0000a740: bf be 38 40 00 00 00 00 1f 1e f8 f0 e0 c0 80 00  ..8@............
0000a750: 00 00 00 00 03 04 0b 17 00 00 07 08 93 27 4c 5a  .............'LZ
0000a760: 17 0b 04 03 00 00 00 00 5a 4c 27 13 08 27 00 00  ........ZL'..'..
0000a770: 00 00 00 00 c0 20 d0 e0 00 04 e0 10 c8 e4 32 52  ..... ........2R
0000a780: e8 d0 20 c0 00 00 00 00 5a 32 e4 c8 12 e0 00 00  .. .....Z2......
0000a790: 00 00 00 00 00 03 04 0a 00 00 00 20 00 00 03 07  ........... ....
0000a7a0: 0a 04 03 00 00 00 00 00 07 03 00 80 00 00 00 00  ................
0000a7b0: 00 00 00 00 00 c0 20 50 00 00 00 02 00 00 c0 e0  ...... P........
0000a7c0: 50 20 c0 00 00 00 00 00 e0 c0 00 00 00 00 10 00  P ..............
0000a7d0: 00 04 00 00 01 23 04 0b 00 00 00 00 01 03 07 0d  .....#..........
0000a7e0: 0f 4b 04 0b 21 02 00 00 11 0c 07 03 01 00 00 00  .K..!...........
0000a7f0: 00 00 00 08 c0 e2 90 e8 00 00 00 80 40 60 70 58  ............@`pX
0000a800: f8 e8 94 e0 d2 00 00 00 44 18 70 60 40 80 00 00  ........D.p`@...
0000a810: 00 00 00 00 00 01 02 05 00 00 00 00 02 01 03 07  ................
0000a820: 05 02 01 00 01 00 00 00 07 03 11 00 01 00 00 00  ................
0000a830: 00 00 00 00 00 c8 20 d0 00 00 00 00 00 c8 e0 70  ...... ........p
0000a840: d0 20 c8 00 00 00 00 00 74 e0 c8 00 00 00 00 00  . ......t.......
0000a850: 00 00 00 00 00 00 00 00 00 00 00 00 00 00 00 00  ................
0000a860: 40 f2 20 04 01 09 00 00 47 fd 3f 1b 1f 17 1c 0c  @. .....G.?.....
0000a870: 00 00 00 00 00 00 00 1c 00 00 00 00 00 00 00 1c  ................
0000a880: 3c 78 78 bc 00 00 00 00 30 f2 ff bf 01 80 e0 80  <xx.....0.......
0000a890: 00 00 00 00 00 1c 00 06 00 00 00 00 3e 63 3f 19  ............>c?.
0000a8a0: 40 f2 38 1f 07 01 00 00 5f fd 3f 1f 07 01 00 00  @.8....._.?.....
0000a8b0: 00 00 00 00 00 00 00 1c 00 00 00 00 00 00 00 1c  ................
0000a8c0: 3c 78 f8 bc 00 00 00 00 b0 f2 ff bf 01 80 e0 80  <x..............
0000a8d0: 00 01 01 01 03 21 09 01 00 01 41 61 73 5f 37 3f  .....!....Aas_7?
0000a8e0: 00 01 07 07 02 00 00 00 18 01 07 04 00 01 00 00  ................
0000a8f0: 00 e0 c0 c0 e0 c2 c8 c0 00 e0 c1 c3 e7 fd f6 fe  ................
0000a900: 80 e0 f0 f0 20 00 00 00 80 e0 f0 90 80 c0 80 00  .... ...........
0000a910: 3c 7e c3 81 81 c3 7e 3c 3c 42 81 00 00 81 42 3c  <~....~<<B....B<
0000a920: 00 18 3c 66 66 3c 18 00 00 18 24 42 42 24 18 00  ..<ff<....$BB$..
0000a930: 00 00 00 10 38 10 00 00 00 00 00 10 28 10 00 00  ....8.......(...
0000a940: 99 42 00 80 01 00 42 99 08 42 00 80 01 00 42 10  .B....B..B....B.
0000a950: 00 00 03 06 0c 0c 18 20 ff ff 03 07 0d 0d 19 39  ....... .......9
0000a960: 20 18 0c 0c 06 03 00 00 39 19 0d 0d 07 03 ff ff   .......9.......
0000a970: 00 00 c0 60 30 30 18 04 ff ff c0 e0 b0 b0 98 9c  ...`00..........
0000a980: 04 18 30 30 60 c0 00 00 9c 98 b0 b0 e0 c0 ff ff  ..00`...........
0000a990: 00 00 00 00 00 00 03 0e 00 00 00 00 ff ff 03 0f  ................
0000a9a0: 38 40 40 38 0e 03 00 00 39 71 71 39 0f 03 ff ff  8@@8....9qq9....
0000a9b0: 00 00 00 00 00 00 c0 70 00 00 00 00 ff ff c0 f0  .......p........
0000a9c0: 1c 02 02 1c 70 c0 00 00 9c 8e 8e 9c f0 c0 ff ff  ....p...........
0000a9d0: 00 00 00 00 00 00 00 00 00 00 00 00 00 00 00 00  ................
0000a9e0: 00 00 0f 38 38 0f 00 00 ff ff 0f f9 f9 0f ff ff  ...88...........
0000a9f0: 00 00 00 00 00 00 00 00 00 00 00 00 00 00 00 00  ................
0000aa00: 00 00 f0 1c 1c f0 00 00 ff ff f0 9f 9f f0 ff ff  ................
0000aa10: 00 00 00 00 00 00 00 00 00 00 00 00 00 00 00 00  ................
0000aa20: 00 00 00 00 00 3e 00 00 00 00 00 ff ff ff ff ff  .....>..........
0000aa30: 00 00 00 00 00 00 00 00 00 00 00 00 00 00 00 00  ................
0000aa40: 00 00 00 00 00 7c 00 00 00 00 00 ff ff ff ff ff  .....|..........
0000aa50: 00 00 00 00 00 07 0f 1f 00 00 0c 1e 01 07 0c 18  ................
0000aa60: 1f 1f 1f 0f 07 03 00 00 19 1f 1f 0f 07 03 00 00  ................
0000aa70: 00 00 80 80 80 e0 f0 f8 00 00 b0 f8 c0 e0 f0 f8  ................
0000aa80: f8 f8 f8 f0 e0 c0 00 00 f8 f8 f8 f0 e0 c0 00 00  ................
0000aa90: 00 00 00 00 00 80 c0 e7 00 00 00 00 00 00 40 27  ..............@'
0000aaa0: ff 80 1f 03 00 00 00 00 3f 7f 7f 3f 1f 0f 00 00  ........?..?....
0000aab0: 00 00 00 00 08 38 f0 e0 00 00 00 00 0c 3c fc f8  .....8.......<..
0000aac0: c0 0c f8 e0 00 00 00 00 f8 fc fe fe fc f0 00 00  ................
0000aad0: 00 00 00 0c 0e 07 0f 3e 00 00 00 00 00 00 0e 3f  .......>.......?
0000aae0: 7c 7c 78 00 00 00 00 00 7f 7f 7e 3c 00 00 00 00  ||x.......~<....
0000aaf0: 00 00 00 08 38 70 80 c0 00 00 00 00 00 00 00 f8  ....8p..........
0000ab00: f0 f8 f8 f8 78 10 00 00 fc fe fe fe 7e 1c 00 00  ....x.......~...
0000ab10: 7f ff ff ee e4 44 44 40 00 10 21 13 1b bb 00 00  .....DD@..!.....
0000ab20: fe ff ff f7 72 62 22 02 10 08 44 08 8d 9d 00 00  ....rb"...D.....
0000ab30: 18 18 00 10 10 10 10 10 66 66 3c 18 18 18 18 18  ........ff<.....
0000ab40: 10 10 10 10 00 20 02 04 18 18 18 18 3c 5e 7e 3c  ..... ......<^~<
0000ab50: 0f 1f 1e 24 26 70 00 1f 0f 1f 01 1b 19 0f 1f 03  ...$&p..........
0000ab60: 3f 3f 7f 7e 7f 3f 3c 3e 00 00 60 7f 7f 3f 04 00  ??.~.?<>..`..?..
0000ab70: 00 e0 00 80 40 f0 00 38 00 e0 80 70 b8 01 c3 07  ....@..8...p....
0000ab80: fc f8 e0 f4 fc f8 30 00 03 00 20 f0 f0 e0 00 00  ......0... .....
0000ab90: 00 07 0f 0f 12 13 38 00 00 07 0f 00 0d 0c 07 0f  ......8.........
0000aba0: 1f 1f 3f ff ff bf 41 01 10 10 38 7f 7f 3f 00 00  ..?...A...8..?..
0000abb0: 00 80 f0 00 40 20 78 00 00 80 f0 c0 b8 dc 81 e3  ....@ x.........
0000abc0: f8 fc a0 e0 f0 f0 c0 e0 07 03 e0 e0 f0 f0 c0 00  ................
0000abd0: 1e 3f 3c 49 4c e1 00 39 1e 3f 03 36 33 1e 3f 3f  .?<IL..9.?.63.??
0000abe0: 7f 7f 7d 7f 3f 1e 1c 1e 00 00 47 7f 3f 1e 00 00  ..}.?.....G.?...
0000abf0: 00 c0 00 00 80 e0 00 00 08 c8 04 e2 71 02 84 08  ............q...
0000ac00: e0 e0 c0 e0 e0 e0 f0 00 1c 1c c8 e0 e0 e0 00 00  ................
0000ac10: 0f 1f 1e 24 26 70 00 1f 0f 1f 01 1b 19 0f 1f 04  ...$&p..........
0000ac20: 3f 3f 3e ff fc f8 40 01 02 03 21 70 7b 3b 01 00  ??>...@...!p{;..
0000ac30: 00 e0 00 80 40 f0 00 80 00 e0 c0 70 b8 00 c0 00  ....@......p....
0000ac40: e0 e0 e0 e0 60 00 80 e0 40 38 f8 e2 e2 c1 f2 1c  ....`...@8......
0000ac50: 07 0f 0a 10 36 33 01 6f 07 0f 15 0f 09 0c 07 04  ....63.o........
0000ac60: 7f 1b 0f 1f 7f 7e 1c 00 06 0f 0f 1f 0f 02 00 00  .....~..........
0000ac70: e0 f0 50 08 6c cc 80 f6 e0 f0 a8 f0 90 30 e0 20  ..P.l........0. 
0000ac80: fe d8 f3 ff fe 3e 00 00 60 f0 f0 f8 f0 30 00 00  .....>..`....0..
0000ac90: 00 00 79 f9 f3 ff 7b 3f 00 01 00 00 00 1e 7f 3e  ..y...{?.......>
0000aca0: 3f 3f 7b 7f fb f1 79 38 3c 3e 7f 7e 18 00 00 00  ??{...y8<>.~....
0000acb0: 00 00 80 b0 b8 c6 93 f7 c0 e0 40 00 00 3a ef 4b  ..........@..:.K
0000acc0: e3 f7 93 c6 b8 b0 80 00 5f 4b ef 3a 00 00 60 c0  ........_K.:..`.
0000acd0: 7b 07 02 00 00 01 01 01 7b 3f 7e 7c fc ff ff 7f  {.......{?~|....
0000ace0: 00 00 00 00 00 00 00 01 3f 0f 01 00 00 00 00 01  ........?.......
0000acf0: 00 9b 36 bf f1 bf 9f c0 1f bf 64 e0 ff ff ff ff  ..6.......d.....
0000ad00: ff ff 60 78 7f 1f 01 d4 ff 3f 9f 07 80 e0 7e fc  ..`x.....?....~.
0000ad10: 0e 1f 83 a0 e0 b0 30 70 0e 9f c3 e1 e1 f3 ff ff  ......0p........
0000ad20: e0 c0 e0 f1 fe fc f8 01 ff bf 1f 0e 01 03 07 01  ................
0000ad30: f0 c0 00 00 00 00 00 00 f0 e0 f0 f0 f8 f8 f0 f0  ................
0000ad40: 00 00 00 00 00 20 70 f0 e0 80 00 80 c0 e0 f0 f0  ..... p.........
0000ad50: 00 00 00 01 03 07 07 03 00 00 00 01 03 07 07 0f  ................
0000ad60: 00 00 00 00 00 00 00 00 0f 0f 1f 1f 1f 0f 07 03  ................
0000ad70: 00 00 00 00 01 02 04 04 00 00 00 00 01 03 07 07  ................
0000ad80: 04 00 00 03 07 0a 00 00 07 03 01 03 07 0f 00 00  ................
0000ad90: 00 00 78 ec 76 a0 dc f8 00 00 78 fc fe fc fc f9  ..x.v.....x.....
0000ada0: 10 34 20 40 00 00 00 00 f3 ff ff ff ff ff ff ff  .4 @............
0000adb0: 00 01 82 81 01 02 01 00 ff 7f ff ff ff ff ff ff  ................
0000adc0: 00 00 00 4c fa be 00 00 ff ff ff fe fe fe 00 00  ...L............
0000add0: 00 00 00 00 06 0f 5f ce 00 00 07 0f 1f 3f 7c fc  ......_......?|.
0000ade0: cf 7e ff e0 df 3f 3f 0f ff ff ff ff ff ff ff ff  .~...??.........
0000adf0: 00 55 aa fe ee 7d 83 df ff ff ff ff ff ff ff ff  .U...}..........
0000ae00: 37 0f 05 00 00 00 00 00 ff ff 1f 00 00 00 00 00  7...............
0000ae10: 00 00 00 00 30 78 fd b9 00 00 f0 f8 fc fe 9f 9f  ....0x..........
0000ae20: f9 3f ff 03 fd fe fe f8 ff ff ff ff ff ff ff ff  .?..............
0000ae30: 00 55 aa ff ef 7c 83 f6 ff ff ff ff ff ff ff ff  .U...|..........
0000ae40: d8 e0 40 00 00 00 00 00 ff ff ff 03 01 01 00 00  ..@.............
0000ae50: 00 00 00 00 0f 1b 37 82 00 00 00 00 0f 1f 3f 9f  ......7.......?.
0000ae60: 9d 0f 84 86 82 01 00 00 df cf f7 ff ff ff ff ff  ................
0000ae70: 00 00 80 08 04 82 01 01 ff fc f8 f8 fc fe ff ff  ................
0000ae80: 00 00 00 00 00 65 bf fa ff ff ff ff ff ff ff ff  .....e..........
0000ae90: 00 00 00 00 00 c0 60 f0 00 00 00 00 00 c0 e0 f0  ......`.........
0000aea0: f0 e0 00 00 00 80 00 00 f0 f8 fc fc fe fe fe fc  ................
0000aeb0: 00 00 00 00 00 00 00 00 f0 00 00 00 00 00 00 00  ................
0000aec0: 80 80 80 80 00 80 c0 a0 80 80 80 80 00 80 c0 e0  ................
0000aed0: 00 00 00 06 0f 5f ce cf 00 07 0f 1f 3f 7c fc ff  ....._......?|..
0000aee0: 7e ff f7 a2 77 3f 0f 00 ff cf 88 dd c8 f0 ff ff  ~...w?..........
0000aef0: 00 00 00 30 78 fd b9 fb 00 f0 f8 fc fe 9f 9f ff  ...0x...........
0000af00: 3e ff 77 23 76 fc f0 00 ff f3 89 dd 8b 0f ff ff  >.w#v...........
0000af10: 70 fc fe fe ff 7f 3e 1c 00 00 40 40 60 30 1e 00  p.....>...@@`0..
0000af20: 02 06 02 02 02 02 07 00 00 00 00 00 00 00 00 00  ................
0000af30: 06 09 01 02 04 08 0f 00 00 00 00 00 00 00 00 00  ................
0000af40: 01 03 05 09 09 0f 01 00 00 00 00 00 00 00 00 00  ................
0000af50: 06 09 09 06 09 09 06 00 00 00 00 00 00 00 00 00  ................
0000af60: 26 69 21 22 24 28 2f 00 00 00 00 00 00 00 00 00  &i!"$(/.........
0000af70: 26 69 28 2e 29 29 26 00 00 00 00 00 00 00 00 00  &i(.))&.........
0000af80: 22 55 55 55 55 55 22 00 00 00 00 00 00 00 00 00  "UUUUU".........
0000af90: ff ff ff ff ff ff ff ff ff ff ff ff ff ff ff ff  ................
0000afa0: ff ff ff ff ff ff ff ff ff ff ff ff ff ff ff ff  ................
0000afb0: ff ff ff ff ff ff ff ff ff ff ff ff ff ff ff ff  ................
0000afc0: ff ff ff ff ff ff ff ff ff ff ff ff ff ff ff ff  ................
0000afd0: ff ff ff ff ff ff ff ff ff ff ff ff ff ff ff ff  ................
0000afe0: ff ff ff ff ff ff ff ff ff ff ff ff ff ff ff ff  ................
0000aff0: ff ff ff ff ff ff ff ff ff ff ff ff ff ff ff ff  ................
0000b000: ff ff ff ff ff ff ff ff ff ff ff ff ff ff ff ff  ................
0000b010: 38 4c c6 c6 c6 64 38 00 00 00 00 00 00 00 00 00  8L...d8.........
0000b020: 18 38 18 18 18 18 7e 00 00 00 00 00 00 00 00 00  .8....~.........
0000b030: 7c c6 0e 3c 78 e0 fe 00 00 00 00 00 00 00 00 00  |..<x...........
0000b040: 7e 0c 18 3c 06 c6 7c 00 00 00 00 00 00 00 00 00  ~..<..|.........
0000b050: 1c 3c 6c cc fe 0c 0c 00 00 00 00 00 00 00 00 00  .<l.............
0000b060: fc c0 fc 06 06 c6 7c 00 00 00 00 00 00 00 00 00  ......|.........
0000b070: 3c 60 c0 fc c6 c6 7c 00 00 00 00 00 00 00 00 00  <`....|.........
0000b080: fe c6 0c 18 30 30 30 00 00 00 00 00 00 00 00 00  ....000.........
0000b090: 78 c4 e4 78 86 86 7c 00 00 00 00 00 00 00 00 00  x..x..|.........
0000b0a0: 7c c6 c6 7e 06 0c 78 00 00 00 00 00 00 00 00 00  |..~..x.........
0000b0b0: 38 6c c6 c6 fe c6 c6 00 00 00 00 00 00 00 00 00  8l..............
0000b0c0: fc c6 c6 fc c6 c6 fc 00 00 00 00 00 00 00 00 00  ................
0000b0d0: 3c 66 c0 c0 c0 66 3c 00 00 00 00 00 00 00 00 00  <f...f<.........
0000b0e0: f8 cc c6 c6 c6 cc f8 00 00 00 00 00 00 00 00 00  ................
0000b0f0: fe c0 c0 fc c0 c0 fe 00 00 00 00 00 00 00 00 00  ................
0000b100: fe c0 c0 fc c0 c0 c0 00 00 00 00 00 00 00 00 00  ................
0000b110: 3e 60 c0 de c6 66 7e 00 00 00 00 00 00 00 00 00  >`...f~.........
0000b120: c6 c6 c6 fe c6 c6 c6 00 00 00 00 00 00 00 00 00  ................
0000b130: 7e 18 18 18 18 18 7e 00 00 00 00 00 00 00 00 00  ~.....~.........
0000b140: 1e 06 06 06 c6 c6 7c 00 00 00 00 00 00 00 00 00  ......|.........
0000b150: c6 cc d8 f0 f8 dc ce 00 00 00 00 00 00 00 00 00  ................
0000b160: 60 60 60 60 60 60 7e 00 00 00 00 00 00 00 00 00  ``````~.........
0000b170: c6 ee fe fe d6 c6 c6 00 00 00 00 00 00 00 00 00  ................
0000b180: c6 e6 f6 fe de ce c6 00 00 00 00 00 00 00 00 00  ................
0000b190: 7c c6 c6 c6 c6 c6 7c 00 00 00 00 00 00 00 00 00  |.....|.........
0000b1a0: fc c6 c6 c6 fc c0 c0 00 00 00 00 00 00 00 00 00  ................
0000b1b0: 7c c6 c6 c6 de cc 7a 00 00 00 00 00 00 00 00 00  |.....z.........
0000b1c0: fc c6 c6 ce f8 dc ce 00 00 00 00 00 00 00 00 00  ................
0000b1d0: 78 cc c0 7c 06 c6 7c 00 00 00 00 00 00 00 00 00  x..|..|.........
0000b1e0: 7e 18 18 18 18 18 18 00 00 00 00 00 00 00 00 00  ~...............
0000b1f0: c6 c6 c6 c6 c6 c6 7c 00 00 00 00 00 00 00 00 00  ......|.........
0000b200: c6 c6 c6 ee 7c 38 10 00 00 00 00 00 00 00 00 00  ....|8..........
0000b210: c6 c6 d6 fe fe ee c6 00 00 00 00 00 00 00 00 00  ................
0000b220: c6 ee 7c 38 7c ee c6 00 00 00 00 00 00 00 00 00  ..|8|...........
0000b230: 66 66 66 3c 18 18 18 00 00 00 00 00 00 00 00 00  fff<............
0000b240: fe 0e 1c 38 70 e0 fe 00 00 00 00 00 00 00 00 00  ...8p...........
0000b250: 00 00 00 00 00 00 00 00 00 00 00 00 00 00 00 00  ................
0000b260: 00 00 06 0e 08 08 08 08 00 00 00 00 00 00 00 00  ................
0000b270: 00 78 65 79 65 65 78 00 00 00 00 00 00 00 00 00  .xeyeex.........
0000b280: 00 e4 96 96 97 96 e6 00 00 00 00 00 00 00 00 00  ................
0000b290: 00 59 59 59 59 d9 4e 00 00 00 00 00 00 00 00 00  .YYYY.N.........
0000b2a0: 00 3c 70 70 3c 0c 78 00 00 00 00 00 00 00 00 00  .<pp<.x.........
0000b2b0: 00 00 c6 ee 28 28 28 28 00 00 00 00 00 00 00 00  ....((((........
0000b2c0: 08 08 08 08 0e 06 00 00 00 00 00 00 00 00 00 00  ................
0000b2d0: 28 28 28 28 ee c6 00 00 00 00 00 00 00 00 00 00  ((((............
0000b2e0: 00 00 60 70 10 10 10 10 00 00 00 00 00 00 00 00  ..`p............
0000b2f0: 1c 3e 3c 38 30 00 60 00 00 00 00 00 00 00 00 00  .><80.`.........
0000b300: 10 10 10 10 70 60 00 00 00 00 00 00 00 00 00 00  ....p`..........
0000b310: 3f 7f e0 c0 c0 c0 cc cf 3f 60 c1 83 87 87 8f 8f  ?.......?`......
0000b320: cf df df df cf c7 c3 c0 8f 9f 9f 9f 8f 87 83 80  ................
0000b330: c0 c0 c0 c0 c0 c0 c0 c0 80 80 80 80 80 80 80 81  ................
0000b340: c0 c0 c0 c0 c0 e0 7f 3f 81 81 81 80 83 c7 60 3f  .......?......`?
0000b350: ff ff 11 89 5d 21 01 e3 ff 00 fc fe fc fc f8 f2  ....]!..........
0000b360: cb df 9f ff ff ff ff ff fa fe fe fe fe fe fe fe  ................
0000b370: 3f 1f 0f 1f 3f 7f 7f ff 3e 1e 1e 3e 7e fe fe fe  ?...?...>..>~...
0000b380: ff ff ff ff 59 03 ff ff fe fe fe fe fe fe 00 ff  ....Y...........
0000b390: ff ff 8f 99 b0 a3 b2 b0 ff 00 0f 1f 3f 7c 7c 7f  ............?||.
0000b3a0: 81 b0 ff ff bf c7 f0 ff 7f 4f 08 5d 48 78 7f 7f  .........O.]Hx..
0000b3b0: d5 aa 80 88 c1 be 90 e4 7f 7f 7f 7f 7f 7f 7f 7f  ................
0000b3c0: f8 fd c0 80 80 80 ff ff 7f 7f 40 00 00 00 00 ff  ..........@.....
0000b3d0: ff ff f9 cd 87 63 27 07 ff 00 f8 fc fe 9e 9e fe  .....c'.........
0000b3e0: c1 07 ff ff ff f9 03 ff fe f8 88 dc 88 06 fe fe  ................
0000b3f0: 55 ab 81 89 41 3f 05 13 fe fe fe fe fe fe fe fe  U...A?..........
0000b400: 0f 5f 03 01 01 01 ff ff fe fe 02 00 00 00 00 ff  ._..............
0000b410: ff ff 88 91 ba 84 80 c6 ff 00 3f 7f 3f 3f 1f 4f  ..........?.??.O
0000b420: d3 fb fd ff ff ff ff ff 7f 7f 7f 7f 7f 7f 7f 7f  ................
0000b430: fc f8 f0 f8 fc fe fe ff 7c 78 78 7c 7e 7f 7f 7f  ........|xx|~...
0000b440: ff ff ff ff 9a c0 ff ff 7f 7f 7f 7f 7f 7f 00 ff  ................
0000b450: fc fe 07 03 03 03 33 f3 fc 06 83 c1 e1 e1 f1 f1  ......3.........
0000b460: f3 fb fb fb f3 e3 c3 03 f1 f9 f9 f9 f1 e1 c1 01  ................
0000b470: 03 03 03 03 03 03 03 03 01 01 01 01 01 01 01 01  ................
0000b480: 03 03 03 03 03 07 fe fc 81 81 81 01 c1 e3 06 fc  ................
0000b490: 0f 1f 1e 24 26 70 00 1f 0f 1f 01 1b 19 0f 1f 04  ...$&p..........
0000b4a0: 3f 3f 3e ff fc f8 40 01 02 03 21 70 7b 3b 01 00  ??>...@...!p{;..
0000b4b0: 00 e0 00 80 40 f0 00 80 00 e0 80 70 b8 00 c0 00  ....@......p....
0000b4c0: e0 e0 e0 e0 60 00 80 e0 40 38 f8 e2 e2 c1 e2 1c  ....`...@8......
0000b4d0: 3f 60 5f 5e 5d 5c 5e 5e 00 1f 20 21 22 23 21 21  ?`_^]\^^.. !"#!!
0000b4e0: 5e 5e 5e 2e 13 0c 03 03 21 21 21 11 0c 03 00 00  ^^^.....!!!.....
0000b4f0: fc 06 fa 7a ba 3a 7a 7a 00 f8 04 84 44 c4 84 84  ...z.:zz....D...
0000b500: 7a 3a 7a 34 c8 30 c0 c0 84 c4 84 c8 30 c0 00 00  z:z4.0......0...
0000b510: 00 00 00 00 00 07 0f 1f 00 00 0c 1e 01 07 0c 18  ................
0000b520: 1f 1f 1f 0f 07 03 00 00 19 1f 1f 0f 07 03 00 00  ................
0000b530: 00 00 80 80 80 e0 f0 f8 00 00 b0 f8 c0 e0 f0 f8  ................
0000b540: f8 f8 f8 f0 e0 c0 00 00 f8 f8 f8 f0 e0 c0 00 00  ................
0000b550: 00 00 00 00 00 80 c0 e7 00 00 00 00 00 00 40 27  ..............@'
0000b560: ff 80 1f 03 00 00 00 00 3f 7f 7f 3f 1f 0f 00 00  ........?..?....
0000b570: 00 00 00 00 08 38 f0 e0 00 00 00 00 0c 3c fc f8  .....8.......<..
0000b580: c0 0c f8 e0 00 00 00 00 f8 fc fe fe fc f0 00 00  ................
0000b590: 00 00 00 06 07 03 07 1f 00 00 00 00 00 00 07 1f  ................
0000b5a0: 3e 3e 3c 00 00 00 00 00 3f 3f 3f 1e 00 00 00 00  >><.....???.....
0000b5b0: 10 10 10 14 1c 38 d0 60 18 18 18 18 00 00 18 fc  .....8.`........
0000b5c0: 78 7c 7c 7c 3c 18 10 10 fe ff 7f 7f 3f 1e 18 18  x|||<.......?...
0000b5d0: 10 10 10 10 10 10 10 10 18 18 18 18 18 18 18 18  ................
0000b5e0: 10 10 10 10 30 74 76 d2 18 18 18 18 18 18 18 18  ....0tv.........
0000b5f0: ff 00 30 04 00 00 00 e1 ff ff ff ff fd 83 fd ff  ..0.............
0000b600: 0f 3f 7f ff ff f7 61 00 00 04 08 10 00 00 08 3e  .?....a........>
0000b610: ff ff ff ff ff ef c6 00 00 00 22 0c 00 00 10 39  .........."....9
0000b620: f0 fc fe ff ff ef c6 00 00 30 08 00 00 00 10 3c  .........0.....<
0000b630: 00 00 00 00 00 00 00 00 ff ff ff ff bf db e7 ff  ................
0000b640: 80 c3 ff bd ce b3 df ff 00 00 00 42 31 4c 20 00  ...........B1L .
0000b650: ff ff ff ff ff ff ff ff 00 00 00 00 00 00 00 00  ................
0000b660: 00 00 00 00 00 00 00 00 08 14 14 08 08 14 14 08  ................
0000b670: 00 00 00 00 00 00 10 00 08 14 14 08 08 1c 3e 1c  ..............>.
0000b680: 00 00 24 00 00 24 00 00 81 81 7e 24 24 7e 81 81  ..$..$....~$$~..
0000b690: 7e bf ff 2c 2c 2c 2c 2c 00 40 00 10 10 10 10 10  ~..,,,,,.@......
0000b6a0: ff 00 ff 3c 18 18 18 18 00 ff 00 c3 04 04 04 04  ...<............
0000b6b0: 18 18 18 18 3c ff ff 00 04 04 04 04 02 00 00 ff  ....<...........
0000b6c0: ff 00 ff 3c 3c ff ff ff 00 ff 00 ff 3c ff ff ff  ...<<.......<...
0000b6d0: c3 c3 e7 e7 e7 e7 ff ff ff ff ff ff ff ff ff ff  ................
0000b6e0: 00 00 00 00 01 02 02 02 00 00 00 01 03 07 07 07  ................
0000b6f0: 02 02 02 02 02 02 01 00 07 07 07 07 07 07 07 03  ................
0000b700: 00 00 3c c3 1c 18 1c 18 3c 3c ff ff ff ff ff ff  ..<.....<<......
0000b710: 18 18 3c 24 18 00 ff 00 ff ff ff ff ff ff ff ff  ..<$............
0000b720: 00 00 00 00 80 40 40 40 00 00 00 80 c0 e0 e0 e0  .....@@@........
0000b730: 40 40 40 40 40 40 80 00 e0 e0 e0 e0 e0 e0 e0 c0  @@@@@@..........
0000b740: 00 1f 3f 70 60 60 60 60 1f 20 40 8f 9f 98 98 98  ..?p````. @.....
0000b750: 60 60 60 60 70 3f 1f 00 98 98 98 9f 8f 40 20 1f  ````p?.......@ .
0000b760: 00 ff ff 00 00 00 00 00 ff 00 00 ff ff 00 00 00  ................
0000b770: 00 00 00 00 00 ff ff 00 00 00 00 ff ff 00 00 ff  ................
0000b780: 00 f8 fc 0e 06 06 06 06 f8 04 02 f1 f9 19 19 19  ................
0000b790: 06 06 06 06 0e fc f8 00 19 19 19 f9 f1 02 04 f8  ................
0000b7a0: 00 00 00 04 0a 11 a0 40 00 00 00 04 0a 11 a0 40  .......@.......@
0000b7b0: 38 38 38 38 38 38 38 38 28 28 28 28 28 28 28 28  88888888((((((((
0000b7c0: 00 00 00 00 66 7e 7e 66 00 00 00 00 00 81 81 00  ....f~~f........
0000b7d0: 00 00 00 41 00 08 00 00 00 00 00 41 00 08 00 00  ...A.......A....
0000b7e0: 00 00 00 00 00 00 00 00 01 02 04 08 10 20 40 80  ............. @.
0000b7f0: 00 00 00 00 00 00 00 00 80 40 20 10 08 04 02 01  .........@ .....
0000b800: 00 00 00 f0 f0 00 00 00 00 00 00 00 08 04 02 01  ................
0000b810: 00 00 00 0f 0f 00 00 00 00 00 00 00 10 20 40 80  ............. @.
0000b820: 00 00 00 00 00 00 60 e0 00 00 00 00 00 00 60 e0  ......`.......`.
0000b830: f0 38 1c 0f 1f 3f 3c 7f e0 00 00 07 1f 3c 3b 00  .8...?<......<;.
0000b840: 00 00 00 80 e0 f0 f0 f8 00 00 00 80 e0 f0 70 00  ..............p.
0000b850: 00 00 00 00 00 00 00 00 00 00 ff ff 00 00 00 00  ................
0000b860: 00 00 00 00 07 1f 1c 1c 00 00 07 1f 3f 7c 7b 7b  ............?|{{
0000b870: 1f 0f 58 b8 33 6c e3 e0 70 37 e7 e7 00 03 e0 e0  ..X.3l..p7......
0000b880: 00 00 00 00 80 e0 e0 e0 00 00 80 e0 f0 f8 78 78  ..............xx
0000b890: e0 c0 60 60 30 d8 1c 1c 38 b0 80 80 00 00 1c 1c  ..``0...8.......
0000b8a0: 3c 42 99 a1 a1 99 42 3c 3c 42 99 a1 a1 99 42 3c  <B....B<<B....B<
0000b8b0: ff ff 81 81 9d 99 9d 99 00 ff ff ff ff ff ff ff  ................
0000b8c0: 1c 1c 1c 1c 1c 1c 1c 1c 14 14 14 14 14 14 14 14  ................
0000b8d0: c6 c6 c6 ee 7c 38 10 00 00 00 00 00 00 00 00 00  ....|8..........
0000b8e0: 1f 06 06 06 06 06 06 00 00 00 00 00 00 00 00 00  ................
0000b8f0: 39 65 65 65 65 65 39 00 00 00 00 00 00 00 00 00  9eeeee9.........
0000b900: e0 b0 b0 b6 e6 80 80 00 00 00 00 00 00 00 00 00  ................
0000b910: 00 00 00 04 1c b8 c0 60 08 14 14 08 00 04 08 f8  .......`........
0000b920: 78 7c 7c 7c 3c 08 00 00 fe ff 7f 7f 3f 1e 14 08  x|||<.......?...
0000b930: 00 00 00 00 00 80 c0 e7 08 14 14 08 08 14 54 2f  ..............T/
0000b940: ff 80 1f 03 00 00 00 00 3f 7f 7f 3f 1f 0f 14 08  ........?..?....
0000b950: 08 14 84 80 88 f4 f4 f8 08 14 b4 f8 c8 f4 f4 f8  ................
0000b960: f8 fc fc f8 e8 d4 14 08 f8 fc fc f8 e8 d4 14 08  ................
0000b970: 10 10 88 80 90 f0 f8 f8 08 08 b0 fc c8 e8 f8 f8  ................
0000b980: f8 f8 f8 f0 f0 d0 10 10 f8 f8 f8 f8 e8 ec 6e ca  ..............n.
0000b990: 0f 1f 1e 24 26 70 00 1f 0f 1f 01 1b 19 0f 1f 03  ...$&p..........
0000b9a0: 3f 3f 7f 7e 7f 3f 3c 3e 00 00 60 7f 7f 3f 04 00  ??.~.?<>..`..?..
0000b9b0: 00 e0 00 80 40 f0 00 38 00 e0 80 70 b8 01 c3 07  ....@..8...p....
0000b9c0: fc f8 e0 f4 fc f8 30 00 03 00 20 f0 f0 e0 00 00  ......0... .....
0000b9d0: 00 0f 1f 1e 24 26 70 00 00 0f 1f 01 1b 19 0f 0f  ....$&p.........
0000b9e0: 1f 1f 3f 7e ff ff c7 07 18 18 3c 7f 7f 7f 07 00  ..?~......<.....
0000b9f0: 00 00 e0 00 80 40 f0 00 00 00 e0 80 70 b8 00 c0  .....@......p...
0000ba00: 80 c0 e0 f0 c3 c3 86 c0 00 00 00 00 be de 86 00  ................
0000ba10: 1e 3f 3c 49 4c e1 00 39 1e 3f 03 36 33 1e 3f 3f  .?<IL..9.?.63.??
0000ba20: 7f 7f 7d 7f 3f 1e 1c 1e 00 00 47 7f 3f 1e 00 00  ..}.?.....G.?...
0000ba30: 00 c0 00 00 80 e0 00 00 08 c8 04 e2 71 02 84 08  ............q...
0000ba40: e0 e0 c0 e0 e0 e0 f0 00 1c 1c c8 e0 e0 e0 00 00  ................
0000ba50: 00 00 00 07 ff ff 3c 7f 00 00 00 07 1f 3c 3b 00  ......<......<;.
0000ba60: 00 00 00 80 e0 f0 f0 f8 00 00 00 80 e0 f0 70 00  ..............p.
0000ba70: 3f 7f e0 c0 c0 c1 c0 c0 3f 60 c0 80 83 8f 8f 8f  ?.......?`......
0000ba80: d8 ff ff ff fe ff ff c7 9f bf bf bf bf bf bf 87  ................
0000ba90: c0 c0 c0 c0 c1 c3 c7 c3 80 80 80 81 83 87 8f 87  ................
0000baa0: c1 c0 c0 c0 c0 e0 7f 3f 81 83 87 8f 80 c0 60 3f  .......?......`?
0000bab0: ff ff 01 01 21 11 b9 43 ff 00 00 f0 f8 fc f8 fa  ....!..C........
0000bac0: 03 c7 97 bf 7f ff ff ff f2 ee fe fe fe fe fe fe  ................
0000bad0: ff 7d 3f 7f fd ff ff ff fe 7e 7e fe fe fe fe fe  .}?......~~.....
0000bae0: ff 99 23 01 01 01 ff ff fe fe fe fe 00 00 00 ff  ..#.............
0000baf0: ff ff 80 80 84 88 9d c2 ff 00 00 0f 1f 3f 1f 5f  .............?._
0000bb00: c1 e1 e9 fd fe ff ff ff 4f 77 7f 7f 7f 7f 7f 7f  ........Ow......
0000bb10: ff be fc fe bf ff ff ff 7f 7e 7e 7f 7f 7f 7f 7f  .........~~.....
0000bb20: ff 99 c4 80 80 80 ff ff 7f 7f 7f 7f 00 00 00 ff  ................
0000bb30: fc fe 07 03 03 83 03 03 fc 06 03 01 c1 f1 f1 f1  ................
0000bb40: 1b ff ff ff 7f ff ff e3 f9 fd fd fd fd fd fd e1  ................
0000bb50: 83 03 03 03 83 c3 e3 c3 81 01 01 81 c1 e1 f1 e1  ................
0000bb60: 83 03 03 03 03 07 fe fc 81 c1 e1 f1 01 03 06 fc  ................
0000bb70: 3f 7f e0 c0 c0 c0 c0 c0 3f 60 c0 80 80 80 80 80  ?.......?`......
0000bb80: c0 c7 ce dd df df df c7 80 87 8f 9f 9f 9f 9f 87  ................
0000bb90: ff ff 01 01 01 01 01 0f ff 00 00 00 00 00 00 0e  ................
0000bba0: ff ff 21 c2 c0 c1 e0 f1 fe fe fe ff ff ff ff fe  ..!.............
0000bbb0: 42 42 42 42 42 42 42 42 7e 7e 7e 7e 7e 7e 7e 7e  BBBBBBBB~~~~~~~~
0000bbc0: 81 01 f1 0d 03 02 0e ff fe fe fe fe fe ff ff fe  ................
0000bbd0: ff ff 80 80 80 80 80 f0 ff 00 00 00 00 00 00 70  ...............p
0000bbe0: ff ff 8c 43 03 83 07 8f 7f 7f 7f ff ff ff ff 7f  ...C............
0000bbf0: fc fe 07 03 03 03 03 03 fc 06 03 01 01 01 01 01  ................
0000bc00: 03 c3 e3 33 fb fb fb f3 01 c1 e1 f1 f9 f9 f9 f1  ...3............
0000bc10: 3c 18 18 18 18 18 3c 00 00 00 00 00 00 00 00 00  <.....<.........
0000bc20: ff 66 66 66 66 66 ff 00 00 00 00 00 00 00 00 00  .fffff..........
0000bc30: ff ff ff ff ff ff ff ff ff ff ff ff ff ff ff ff  ................
0000bc40: ff ff ff ff ff ff ff ff ff ff ff ff ff ff ff ff  ................
0000bc50: ff ff ff ff ff ff ff ff ff ff ff ff ff ff ff ff  ................
0000bc60: ff ff ff ff ff ff ff ff ff ff ff ff ff ff ff ff  ................
0000bc70: ff ff ff ff ff ff ff ff 00 00 00 00 00 00 00 00  ................
0000bc80: 00 00 00 00 00 60 60 00 00 00 00 00 00 00 00 00  .....``.........
0000bc90: ff ff 00 01 01 01 01 19 00 00 03 06 0c 0c 18 20  ............... 
0000bca0: ff ff 00 80 80 80 80 98 00 00 c0 60 30 30 18 04  ...........`00..
0000bcb0: 00 00 00 00 00 6c 6c 08 00 00 00 00 00 00 00 00  .....ll.........
0000bcc0: 7f 40 40 40 43 42 42 42 7f 7f 7f 7f 7f 7e 7e 7e  .@@@CBBB.....~~~
0000bcd0: 42 42 42 42 42 42 42 42 7e 7e 7e 7e 7e 7e 7e 7e  BBBBBBBB~~~~~~~~
0000bce0: 42 42 42 43 40 40 40 7f 7e 7e 7e 7f 7f 7f 7f 7f  BBBC@@@.~~~.....
0000bcf0: e0 18 04 04 82 42 42 42 e0 f8 fc fc fe 7e 7e 7e  .....BBB.....~~~
0000bd00: 42 42 42 82 04 04 18 e0 7e 7e 7e fe fc fc f8 e0  BBB.....~~~.....
0000bd10: 07 18 20 20 41 42 42 42 07 1f 3f 3f 7f 7e 7e 7e  ..  ABBB..??.~~~
0000bd20: 42 42 42 41 20 20 18 07 7e 7e 7e 7f 3f 3f 1f 07  BBBA  ..~~~.??..
0000bd30: 7e 42 42 42 42 42 42 42 7e 7e 7e 7e 7e 7e 7e 7e  ~BBBBBBB~~~~~~~~
0000bd40: 42 42 42 42 42 42 42 7e 7e 7e 7e 7e 7e 7e 7e 7e  BBBBBBB~~~~~~~~~
0000bd50: 70 48 48 44 44 42 42 41 70 78 78 7c 7c 7e 7e 7f  pHHDDBBApxx||~~.
0000bd60: 41 40 40 40 40 40 43 42 7f 7f 7f 7f 7f 7f 7f 7e  A@@@@@CB.......~
0000bd70: 42 c2 02 02 02 02 02 82 7e fe fe fe fe fe fe fe  B.......~.......
0000bd80: 82 42 42 22 22 12 12 0e fe 7e 7e 3e 3e 1e 1e 0e  .BB""....~~>>...
0000bd90: 42 43 42 40 40 40 42 43 7e 7f 7f 7f 7f 7f 7f 7f  BCB@@@BC~.......
0000bda0: 84 04 08 10 10 08 04 04 fc fc f8 f0 f0 f8 fc fc  ................
0000bdb0: 42 43 40 40 40 43 42 42 7e 7f 7f 7f 7f 7f 7e 7e  BC@@@CBB~.....~~
0000bdc0: 00 f8 08 08 08 f8 00 00 00 f8 f8 f8 f8 f8 00 00  ................
0000bdd0: fe 02 02 02 fe 00 00 00 fe fe fe fe fe 00 00 00  ................
0000bde0: 00 00 00 fe 02 02 02 fe 00 00 00 fe fe fe fe fe  ................
0000bdf0: 42 41 20 20 10 08 04 04 7e 7f 3f 3f 1f 0f 07 07  BA  ....~.??....
0000be00: 42 82 04 04 08 10 20 20 7e fe fc fc f8 f0 e0 e0  B.....  ~.......
0000be10: 04 04 04 04 04 04 04 07 07 07 07 07 07 07 07 07  ................
0000be20: 20 20 20 20 20 20 20 e0 e0 e0 e0 e0 e0 e0 e0 e0         .........
0000be30: 7e 00 00 fe 82 82 82 e2 7e 00 00 fe fe fe fe fe  ~.......~.......
0000be40: 22 22 22 c2 02 02 12 ee 3e 3e 3e fe fe fe fe ee  """.....>>>.....
0000be50: ff 00 00 00 ff 00 00 00 ff ff ff ff ff 00 00 00  ................
0000be60: 00 00 00 ff 00 00 00 ff 00 00 00 ff ff ff ff ff  ................
0000be70: de 52 22 02 82 42 42 42 de de fe fe fe 7e 7e 7e  .R"..BBB.....~~~
0000be80: 7e 00 00 00 00 00 00 7e 7e 00 00 00 00 00 00 7e  ~......~~......~
0000be90: 42 42 42 43 40 40 40 43 7e 7e 7e 7f 7f 7f 7f 7f  BBBC@@@C~~~.....
0000bea0: 42 42 42 c2 02 02 02 c2 7e 7e 7e fe fe fe fe fe  BBB.....~~~.....
0000beb0: 21 20 10 08 04 02 01 7e 3f 3f 1f 0f 07 03 01 7e  ! .....~??.....~
0000bec0: 7e 80 40 20 18 04 04 82 7e 80 c0 e0 f8 fc fc fe  ~.@ ....~.......
0000bed0: 07 18 20 20 41 41 42 42 07 1f 3f 3f 7f 7f 7e 7e  ..  AABB..??..~~
0000bee0: e0 18 04 04 82 82 42 42 e0 f8 fc fc fe fe 7e 7e  ......BB......~~
0000bef0: 5e 50 48 44 44 44 48 49 7e 70 78 7c 7c 7c 78 79  ^PHDDDHI~px|||xy
0000bf00: 7a 0a 12 22 22 22 12 92 7e 0e 1e 3e 3e 3e 1e 9e  z.."""..~..>>>..
0000bf10: 56 58 40 40 20 20 18 07 77 7f 7f 7f 3f 3f 1f 07  VX@@  ..w...??..
0000bf20: 6a 1a 02 02 04 04 18 e0 ee fe fe fe fc fc f8 e0  j...............
0000bf30: 60 60 60 60 60 60 60 60 98 98 98 98 98 98 98 98  ````````........
0000bf40: 06 06 06 06 06 06 06 06 19 19 19 19 19 19 19 19  ................
0000bf50: 00 00 00 00 00 c0 e0 60 00 00 00 e0 f0 38 18 98  .......`.....8..
0000bf60: 00 00 00 00 00 03 07 06 00 00 00 07 0f 1c 18 19  ................
0000bf70: fb 22 22 22 22 00 00 00 fb 22 22 22 22 00 00 00  .""""....""""...
0000bf80: 60 a0 a0 a0 20 00 00 00 60 a0 a0 a0 20 00 00 00  `... ...`... ...
0000bf90: 82 42 42 42 42 42 42 7e fe 7e 7e 7e 7e 7e 7e 7e  .BBBBBB~.~~~~~~~
0000bfa0: 08 08 1c 7f 3e 3e 77 41 14 14 e3 80 41 41 08 36  ....>>wA....AA.6
0000bfb0: 3c 42 b9 a5 b9 ad 42 3c 00 00 00 00 00 00 00 00  <B....B<........
0000bfc0: 92 54 38 fe 38 54 92 00 00 00 00 00 00 00 00 00  .T8.8T..........
0000bfd0: 0f 06 06 06 06 06 0f 00 00 00 00 00 00 00 00 00  ................
0000bfe0: f0 60 60 66 66 60 f0 00 00 00 00 00 00 00 00 00  .``ff`..........
0000bff0: 3c 42 99 a1 a1 99 42 3c 00 00 00 00 00 00 00 00  <B....B<........
0000c000: 99 bd a5 99 81 81 ff 00 ff ff ff ff ff ff ff ff  ................
0000c010: ff ff ff ff ff ff ff ff ff ff ff ff ff ff ff ff  ................
0000c020: ff ff ff ff ff ff ff ff ff ff ff ff ff ff ff ff  ................
0000c030: ff ff ff ff ff ff ff ff ff ff ff ff ff ff ff ff  ................
0000c040: ff ff ff ff ff ff ff ff ff ff ff ff ff ff ff ff  ................
0000c050: ff ff ff ff ff ff ff ff ff ff ff ff ff ff ff ff  ................
0000c060: ff ff ff ff ff ff ff ff ff ff ff ff ff ff ff ff  ................
0000c070: ff ff ff ff ff ff ff ff ff ff ff ff ff ff ff ff  ................
0000c080: ff ff ff ff ff ff ff ff ff ff ff ff ff ff ff ff  ................
0000c090: ff ff ff ff ff ff ff ff ff ff ff ff ff ff ff ff  ................
0000c0a0: ff ff ff ff ff ff ff ff ff ff ff ff ff ff ff ff  ................
0000c0b0: ff ff ff ff ff ff ff ff ff ff ff ff ff ff ff ff  ................
0000c0c0: ff ff ff ff ff ff ff ff ff ff ff ff ff ff ff ff  ................
0000c0d0: ff ff ff ff ff ff ff ff ff ff ff ff ff ff ff ff  ................
0000c0e0: ff ff ff ff ff ff ff ff ff ff ff ff ff ff ff ff  ................
0000c0f0: ff ff ff ff ff ff ff ff ff ff ff ff ff ff ff ff  ................
0000c100: ff ff ff ff ff ff ff ff ff ff ff ff ff ff ff ff  ................
0000c110: ff ff ff ff ff ff ff ff ff ff ff ff ff ff ff ff  ................
0000c120: ff ff ff ff ff ff ff ff ff ff ff ff ff ff ff ff  ................
0000c130: ff ff ff ff ff ff ff ff ff ff ff ff ff ff ff ff  ................
0000c140: ff ff ff ff ff ff ff ff ff ff ff ff ff ff ff ff  ................
0000c150: ff ff ff ff ff ff ff ff ff ff ff ff ff ff ff ff  ................
0000c160: ff ff ff ff ff ff ff ff ff ff ff ff ff ff ff ff  ................
0000c170: ff ff ff ff ff ff ff ff ff ff ff ff ff ff ff ff  ................
0000c180: ff ff ff ff ff ff ff ff ff ff ff ff ff ff ff ff  ................
0000c190: ff ff ff ff ff ff ff ff ff ff ff ff ff ff ff ff  ................
0000c1a0: ff ff ff ff ff ff ff ff ff ff ff ff ff ff ff ff  ................
0000c1b0: ff ff ff ff ff ff ff ff ff ff ff ff ff ff ff ff  ................
0000c1c0: ff ff ff ff ff ff ff ff ff ff ff ff ff ff ff ff  ................
0000c1d0: ff ff ff ff ff ff ff ff ff ff ff ff ff ff ff ff  ................
0000c1e0: ff ff ff ff ff ff ff ff ff ff ff ff ff ff ff ff  ................
0000c1f0: ff ff ff ff ff ff ff ff ff ff ff ff ff ff ff ff  ................
0000c200: ff ff ff ff ff ff ff ff ff ff ff ff ff ff ff ff  ................
0000c210: ff ff ff ff ff ff ff ff ff ff ff ff ff ff ff ff  ................
0000c220: ff ff ff ff ff ff ff ff ff ff ff ff ff ff ff ff  ................
0000c230: ff ff ff ff ff ff ff ff ff ff ff ff ff ff ff ff  ................
0000c240: ff ff ff ff ff ff ff ff ff ff ff ff ff ff ff ff  ................
0000c250: ff ff ff ff ff ff ff ff ff ff ff ff ff ff ff ff  ................
0000c260: ff ff ff ff ff ff ff ff ff ff ff ff ff ff ff ff  ................
0000c270: ff ff ff ff ff ff ff ff ff ff ff ff ff ff ff ff  ................
0000c280: ff ff ff ff ff ff ff ff ff ff ff ff ff ff ff ff  ................
0000c290: ff ff ff ff ff ff ff ff ff ff ff ff ff ff ff ff  ................
0000c2a0: ff ff ff ff ff ff ff ff ff ff ff ff ff ff ff ff  ................
0000c2b0: ff ff ff ff ff ff ff ff ff ff ff ff ff ff ff ff  ................
0000c2c0: ff ff ff ff ff ff ff ff ff ff ff ff ff ff ff ff  ................
0000c2d0: ff ff ff ff ff ff ff ff ff ff ff ff ff ff ff ff  ................
0000c2e0: ff ff ff ff ff ff ff ff ff ff ff ff ff ff ff ff  ................
0000c2f0: ff ff ff ff ff ff ff ff ff ff ff ff ff ff ff ff  ................
0000c300: ff ff ff ff ff ff ff ff ff ff ff ff ff ff ff ff  ................
0000c310: ff ff ff ff ff ff ff ff ff ff ff ff ff ff ff ff  ................
0000c320: ff ff ff ff ff ff ff ff ff ff ff ff ff ff ff ff  ................
0000c330: ff ff ff ff ff ff ff ff ff ff ff ff ff ff ff ff  ................
0000c340: ff ff ff ff ff ff ff ff ff ff ff ff ff ff ff ff  ................
0000c350: ff ff ff ff ff ff ff ff ff ff ff ff ff ff ff ff  ................
0000c360: ff ff ff ff ff ff ff ff ff ff ff ff ff ff ff ff  ................
0000c370: ff ff ff ff ff ff ff ff ff ff ff ff ff ff ff ff  ................
0000c380: ff ff ff ff ff ff ff ff ff ff ff ff ff ff ff ff  ................
0000c390: ff ff ff ff ff ff ff ff ff ff ff ff ff ff ff ff  ................
0000c3a0: ff ff ff ff ff ff ff ff ff ff ff ff ff ff ff ff  ................
0000c3b0: ff ff ff ff ff ff ff ff ff ff ff ff ff ff ff ff  ................
0000c3c0: ff ff ff ff ff ff ff ff ff ff ff ff ff ff ff ff  ................
0000c3d0: ff ff ff ff ff ff ff ff ff ff ff ff ff ff ff ff  ................
0000c3e0: ff ff ff ff ff ff ff ff ff ff ff ff ff ff ff ff  ................
0000c3f0: ff ff ff ff ff ff ff ff ff ff ff ff ff ff ff ff  ................
0000c400: ff ff ff ff ff ff ff ff ff ff ff ff ff ff ff ff  ................
0000c410: ff ff ff ff ff ff ff ff ff ff ff ff ff ff ff ff  ................
0000c420: ff ff ff ff ff ff ff ff ff ff ff ff ff ff ff ff  ................
0000c430: ff ff ff ff ff ff ff ff ff ff ff ff ff ff ff ff  ................
0000c440: ff ff ff ff ff ff ff ff ff ff ff ff ff ff ff ff  ................
0000c450: ff ff ff ff ff ff ff ff ff ff ff ff ff ff ff ff  ................
0000c460: ff ff ff ff ff ff ff ff ff ff ff ff ff ff ff ff  ................
0000c470: ff ff ff ff ff ff ff ff ff ff ff ff ff ff ff ff  ................
0000c480: ff ff ff ff ff ff ff ff ff ff ff ff ff ff ff ff  ................
0000c490: ff ff ff ff ff ff ff ff ff ff ff ff ff ff ff ff  ................
0000c4a0: ff ff ff ff ff ff ff ff ff ff ff ff ff ff ff ff  ................
0000c4b0: ff ff ff ff ff ff ff ff ff ff ff ff ff ff ff ff  ................
0000c4c0: ff ff ff ff ff ff ff ff ff ff ff ff ff ff ff ff  ................
0000c4d0: ff ff ff ff ff ff ff ff ff ff ff ff ff ff ff ff  ................
0000c4e0: ff ff ff ff ff ff ff ff ff ff ff ff ff ff ff ff  ................
0000c4f0: ff ff ff ff ff ff ff ff ff ff ff ff ff ff ff ff  ................
0000c500: ff ff ff ff ff ff ff ff ff ff ff ff ff ff ff ff  ................
0000c510: ff ff ff ff ff ff ff ff ff ff ff ff ff ff ff ff  ................
0000c520: ff ff ff ff ff ff ff ff ff ff ff ff ff ff ff ff  ................
0000c530: ff ff ff ff ff ff ff ff ff ff ff ff ff ff ff ff  ................
0000c540: ff ff ff ff ff ff ff ff ff ff ff ff ff ff ff ff  ................
0000c550: ff ff ff ff ff ff ff ff ff ff ff ff ff ff ff ff  ................
0000c560: ff ff ff ff ff ff ff ff ff ff ff ff ff ff ff ff  ................
0000c570: ff ff ff ff ff ff ff ff ff ff ff ff ff ff ff ff  ................
0000c580: ff ff ff ff ff ff ff ff ff ff ff ff ff ff ff ff  ................
0000c590: ff ff ff ff ff ff ff ff ff ff ff ff ff ff ff ff  ................
0000c5a0: ff ff ff ff ff ff ff ff ff ff ff ff ff ff ff ff  ................
0000c5b0: ff ff ff ff ff ff ff ff ff ff ff ff ff ff ff ff  ................
0000c5c0: ff ff ff ff ff ff ff ff ff ff ff ff ff ff ff ff  ................
0000c5d0: ff ff ff ff ff ff ff ff ff ff ff ff ff ff ff ff  ................
0000c5e0: ff ff ff ff ff ff ff ff ff ff ff ff ff ff ff ff  ................
0000c5f0: ff ff ff ff ff ff ff ff ff ff ff ff ff ff ff ff  ................
0000c600: ff ff ff ff ff ff ff ff ff ff ff ff ff ff ff ff  ................
0000c610: ff ff ff ff ff ff ff ff ff ff ff ff ff ff ff ff  ................
0000c620: ff ff ff ff ff ff ff ff ff ff ff ff ff ff ff ff  ................
0000c630: ff ff ff ff ff ff ff ff ff ff ff ff ff ff ff ff  ................
0000c640: ff ff ff ff ff ff ff ff ff ff ff ff ff ff ff ff  ................
0000c650: ff ff ff ff ff ff ff ff ff ff ff ff ff ff ff ff  ................
0000c660: ff ff ff ff ff ff ff ff ff ff ff ff ff ff ff ff  ................
0000c670: ff ff ff ff ff ff ff ff ff ff ff ff ff ff ff ff  ................
0000c680: ff ff ff ff ff ff ff ff ff ff ff ff ff ff ff ff  ................
0000c690: ff ff ff ff ff ff ff ff ff ff ff ff ff ff ff ff  ................
0000c6a0: ff ff ff ff ff ff ff ff ff ff ff ff ff ff ff ff  ................
0000c6b0: ff ff ff ff ff ff ff ff ff ff ff ff ff ff ff ff  ................
0000c6c0: ff ff ff ff ff ff ff ff ff ff ff ff ff ff ff ff  ................
0000c6d0: ff ff ff ff ff ff ff ff ff ff ff ff ff ff ff ff  ................
0000c6e0: ff ff ff ff ff ff ff ff ff ff ff ff ff ff ff ff  ................
0000c6f0: ff ff ff ff ff ff ff ff ff ff ff ff ff ff ff ff  ................
0000c700: ff ff ff ff ff ff ff ff ff ff ff ff ff ff ff ff  ................
0000c710: ff ff ff ff ff ff ff ff ff ff ff ff ff ff ff ff  ................
0000c720: ff ff ff ff ff ff ff ff ff ff ff ff ff ff ff ff  ................
0000c730: ff ff ff ff ff ff ff ff ff ff ff ff ff ff ff ff  ................
0000c740: ff ff ff ff ff ff ff ff ff ff ff ff ff ff ff ff  ................
0000c750: ff ff ff ff ff ff ff ff ff ff ff ff ff ff ff ff  ................
0000c760: ff ff ff ff ff ff ff ff ff ff ff ff ff ff ff ff  ................
0000c770: ff ff ff ff ff ff ff ff ff ff ff ff ff ff ff ff  ................
0000c780: ff ff ff ff ff ff ff ff ff ff ff ff ff ff ff ff  ................
0000c790: ff ff ff ff ff ff ff ff ff ff ff ff ff ff ff ff  ................
0000c7a0: ff ff ff ff ff ff ff ff ff ff ff ff ff ff ff ff  ................
0000c7b0: ff ff ff ff ff ff ff ff ff ff ff ff ff ff ff ff  ................
0000c7c0: ff ff ff ff ff ff ff ff ff ff ff ff ff ff ff ff  ................
0000c7d0: ff ff ff ff ff ff ff ff ff ff ff ff ff ff ff ff  ................
0000c7e0: ff ff ff ff ff ff ff ff ff ff ff ff ff ff ff ff  ................
0000c7f0: ff ff ff ff ff ff ff ff ff ff ff ff ff ff ff ff  ................
0000c800: ff ff ff ff ff ff ff ff ff ff ff ff ff ff ff ff  ................
0000c810: ff ff ff ff ff ff ff ff ff ff ff ff ff ff ff ff  ................
0000c820: ff ff ff ff ff ff ff ff ff ff ff ff ff ff ff ff  ................
0000c830: ff ff ff ff ff ff ff ff ff ff ff ff ff ff ff ff  ................
0000c840: ff ff ff ff ff ff ff ff ff ff ff ff ff ff ff ff  ................
0000c850: ff ff ff ff ff ff ff ff ff ff ff ff ff ff ff ff  ................
0000c860: ff ff ff ff ff ff ff ff ff ff ff ff ff ff ff ff  ................
0000c870: ff ff ff ff ff ff ff ff ff ff ff ff ff ff ff ff  ................
0000c880: ff ff ff ff ff ff ff ff ff ff ff ff ff ff ff ff  ................
0000c890: ff ff ff ff ff ff ff ff ff ff ff ff ff ff ff ff  ................
0000c8a0: ff ff ff ff ff ff ff ff ff ff ff ff ff ff ff ff  ................
0000c8b0: ff ff ff ff ff ff ff ff ff ff ff ff ff ff ff ff  ................
0000c8c0: ff ff ff ff ff ff ff ff ff ff ff ff ff ff ff ff  ................
0000c8d0: ff ff ff ff ff ff ff ff ff ff ff ff ff ff ff ff  ................
0000c8e0: ff ff ff ff ff ff ff ff ff ff ff ff ff ff ff ff  ................
0000c8f0: ff ff ff ff ff ff ff ff ff ff ff ff ff ff ff ff  ................
0000c900: ff ff ff ff ff ff ff ff ff ff ff ff ff ff ff ff  ................
0000c910: ff ff ff ff ff ff ff ff ff ff ff ff ff ff ff ff  ................
0000c920: ff ff ff ff ff ff ff ff ff ff ff ff ff ff ff ff  ................
0000c930: ff ff ff ff ff ff ff ff ff ff ff ff ff ff ff ff  ................
0000c940: ff ff ff ff ff ff ff ff ff ff ff ff ff ff ff ff  ................
0000c950: ff ff ff ff ff ff ff ff ff ff ff ff ff ff ff ff  ................
0000c960: ff ff ff ff ff ff ff ff ff ff ff ff ff ff ff ff  ................
0000c970: ff ff ff ff ff ff ff ff ff ff ff ff ff ff ff ff  ................
0000c980: ff ff ff ff ff ff ff ff ff ff ff ff ff ff ff ff  ................
0000c990: ff ff ff ff ff ff ff ff ff ff ff ff ff ff ff ff  ................
0000c9a0: ff ff ff ff ff ff ff ff ff ff ff ff ff ff ff ff  ................
0000c9b0: ff ff ff ff ff ff ff ff ff ff ff ff ff ff ff ff  ................
0000c9c0: ff ff ff ff ff ff ff ff ff ff ff ff ff ff ff ff  ................
0000c9d0: ff ff ff ff ff ff ff ff ff ff ff ff ff ff ff ff  ................
0000c9e0: ff ff ff ff ff ff ff ff ff ff ff ff ff ff ff ff  ................
0000c9f0: ff ff ff ff ff ff ff ff ff ff ff ff ff ff ff ff  ................
0000ca00: ff ff ff ff ff ff ff ff ff ff ff ff ff ff ff ff  ................
0000ca10: ff ff ff ff ff ff ff ff ff ff ff ff ff ff ff ff  ................
0000ca20: ff ff ff ff ff ff ff ff ff ff ff ff ff ff ff ff  ................
0000ca30: ff ff ff ff ff ff ff ff ff ff ff ff ff ff ff ff  ................
0000ca40: ff ff ff ff ff ff ff ff ff ff ff ff ff ff ff ff  ................
0000ca50: ff ff ff ff ff ff ff ff ff ff ff ff ff ff ff ff  ................
0000ca60: ff ff ff ff ff ff ff ff ff ff ff ff ff ff ff ff  ................
0000ca70: ff ff ff ff ff ff ff ff ff ff ff ff ff ff ff ff  ................
0000ca80: ff ff ff ff ff ff ff ff ff ff ff ff ff ff ff ff  ................
0000ca90: ff ff ff ff ff ff ff ff ff ff ff ff ff ff ff ff  ................
0000caa0: ff ff ff ff ff ff ff ff ff ff ff ff ff ff ff ff  ................
0000cab0: ff ff ff ff ff ff ff ff ff ff ff ff ff ff ff ff  ................
0000cac0: ff ff ff ff ff ff ff ff ff ff ff ff ff ff ff ff  ................
0000cad0: ff ff ff ff ff ff ff ff ff ff ff ff ff ff ff ff  ................
0000cae0: ff ff ff ff ff ff ff ff ff ff ff ff ff ff ff ff  ................
0000caf0: ff ff ff ff ff ff ff ff ff ff ff ff ff ff ff ff  ................
0000cb00: ff ff ff ff ff ff ff ff ff ff ff ff ff ff ff ff  ................
0000cb10: ff ff ff ff ff ff ff ff ff ff ff ff ff ff ff ff  ................
0000cb20: ff ff ff ff ff ff ff ff ff ff ff ff ff ff ff ff  ................
0000cb30: ff ff ff ff ff ff ff ff ff ff ff ff ff ff ff ff  ................
0000cb40: ff ff ff ff ff ff ff ff ff ff ff ff ff ff ff ff  ................
0000cb50: ff ff ff ff ff ff ff ff ff ff ff ff ff ff ff ff  ................
0000cb60: ff ff ff ff ff ff ff ff ff ff ff ff ff ff ff ff  ................
0000cb70: ff ff ff ff ff ff ff ff ff ff ff ff ff ff ff ff  ................
0000cb80: ff ff ff ff ff ff ff ff ff ff ff ff ff ff ff ff  ................
0000cb90: ff ff ff ff ff ff ff ff ff ff ff ff ff ff ff ff  ................
0000cba0: ff ff ff ff ff ff ff ff ff ff ff ff ff ff ff ff  ................
0000cbb0: ff ff ff ff ff ff ff ff ff ff ff ff ff ff ff ff  ................
0000cbc0: ff ff ff ff ff ff ff ff ff ff ff ff ff ff ff ff  ................
0000cbd0: ff ff ff ff ff ff ff ff ff ff ff ff ff ff ff ff  ................
0000cbe0: ff ff ff ff ff ff ff ff ff ff ff ff ff ff ff ff  ................
0000cbf0: ff ff ff ff ff ff ff ff ff ff ff ff ff ff ff ff  ................
0000cc00: ff ff ff ff ff ff ff ff ff ff ff ff ff ff ff ff  ................
0000cc10: ff ff ff ff ff ff ff ff ff ff ff ff ff ff ff ff  ................
0000cc20: ff ff ff ff ff ff ff ff ff ff ff ff ff ff ff ff  ................
0000cc30: ff ff ff ff ff ff ff ff ff ff ff ff ff ff ff ff  ................
0000cc40: ff ff ff ff ff ff ff ff ff ff ff ff ff ff ff ff  ................
0000cc50: ff ff ff ff ff ff ff ff ff ff ff ff ff ff ff ff  ................
0000cc60: ff ff ff ff ff ff ff ff ff ff ff ff ff ff ff ff  ................
0000cc70: ff ff ff ff ff ff ff ff ff ff ff ff ff ff ff ff  ................
0000cc80: ff ff ff ff ff ff ff ff ff ff ff ff ff ff ff ff  ................
0000cc90: ff ff ff ff ff ff ff ff ff ff ff ff ff ff ff ff  ................
0000cca0: ff ff ff ff ff ff ff ff ff ff ff ff ff ff ff ff  ................
0000ccb0: ff ff ff ff ff ff ff ff ff ff ff ff ff ff ff ff  ................
0000ccc0: ff ff ff ff ff ff ff ff ff ff ff ff ff ff ff ff  ................
0000ccd0: ff ff ff ff ff ff ff ff ff ff ff ff ff ff ff ff  ................
0000cce0: ff ff ff ff ff ff ff ff ff ff ff ff ff ff ff ff  ................
0000ccf0: ff ff ff ff ff ff ff ff ff ff ff ff ff ff ff ff  ................
0000cd00: ff ff ff ff ff ff ff ff ff ff ff ff ff ff ff ff  ................
0000cd10: ff ff ff ff ff ff ff ff ff ff ff ff ff ff ff ff  ................
0000cd20: ff ff ff ff ff ff ff ff ff ff ff ff ff ff ff ff  ................
0000cd30: ff ff ff ff ff ff ff ff ff ff ff ff ff ff ff ff  ................
0000cd40: ff ff ff ff ff ff ff ff ff ff ff ff ff ff ff ff  ................
0000cd50: ff ff ff ff ff ff ff ff ff ff ff ff ff ff ff ff  ................
0000cd60: ff ff ff ff ff ff ff ff ff ff ff ff ff ff ff ff  ................
0000cd70: ff ff ff ff ff ff ff ff ff ff ff ff ff ff ff ff  ................
0000cd80: ff ff ff ff ff ff ff ff ff ff ff ff ff ff ff ff  ................
0000cd90: ff ff ff ff ff ff ff ff ff ff ff ff ff ff ff ff  ................
0000cda0: ff ff ff ff ff ff ff ff ff ff ff ff ff ff ff ff  ................
0000cdb0: ff ff ff ff ff ff ff ff ff ff ff ff ff ff ff ff  ................
0000cdc0: ff ff ff ff ff ff ff ff ff ff ff ff ff ff ff ff  ................
0000cdd0: ff ff ff ff ff ff ff ff ff ff ff ff ff ff ff ff  ................
0000cde0: ff ff ff ff ff ff ff ff ff ff ff ff ff ff ff ff  ................
0000cdf0: ff ff ff ff ff ff ff ff ff ff ff ff ff ff ff ff  ................
0000ce00: ff ff ff ff ff ff ff ff ff ff ff ff ff ff ff ff  ................
0000ce10: ff ff ff ff ff ff ff ff ff ff ff ff ff ff ff ff  ................
0000ce20: ff ff ff ff ff ff ff ff ff ff ff ff ff ff ff ff  ................
0000ce30: ff ff ff ff ff ff ff ff ff ff ff ff ff ff ff ff  ................
0000ce40: ff ff ff ff ff ff ff ff ff ff ff ff ff ff ff ff  ................
0000ce50: ff ff ff ff ff ff ff ff ff ff ff ff ff ff ff ff  ................
0000ce60: ff ff ff ff ff ff ff ff ff ff ff ff ff ff ff ff  ................
0000ce70: ff ff ff ff ff ff ff ff ff ff ff ff ff ff ff ff  ................
0000ce80: ff ff ff ff ff ff ff ff ff ff ff ff ff ff ff ff  ................
0000ce90: ff ff ff ff ff ff ff ff ff ff ff ff ff ff ff ff  ................
0000cea0: ff ff ff ff ff ff ff ff ff ff ff ff ff ff ff ff  ................
0000ceb0: ff ff ff ff ff ff ff ff ff ff ff ff ff ff ff ff  ................
0000cec0: ff ff ff ff ff ff ff ff ff ff ff ff ff ff ff ff  ................
0000ced0: ff ff ff ff ff ff ff ff ff ff ff ff ff ff ff ff  ................
0000cee0: ff ff ff ff ff ff ff ff ff ff ff ff ff ff ff ff  ................
0000cef0: ff ff ff ff ff ff ff ff ff ff ff ff ff ff ff ff  ................
0000cf00: ff ff ff ff ff ff ff ff ff ff ff ff ff ff ff ff  ................
0000cf10: ff ff ff ff ff ff ff ff ff ff ff ff ff ff ff ff  ................
0000cf20: ff ff ff ff ff ff ff ff ff ff ff ff ff ff ff ff  ................
0000cf30: ff ff ff ff ff ff ff ff ff ff ff ff ff ff ff ff  ................
0000cf40: ff ff ff ff ff ff ff ff ff ff ff ff ff ff ff ff  ................
0000cf50: ff ff ff ff ff ff ff ff ff ff ff ff ff ff ff ff  ................
0000cf60: ff ff ff ff ff ff ff ff ff ff ff ff ff ff ff ff  ................
0000cf70: ff ff ff ff ff ff ff ff ff ff ff ff ff ff ff ff  ................
0000cf80: ff ff ff ff ff ff ff ff ff ff ff ff ff ff ff ff  ................
0000cf90: ff ff ff ff ff ff ff ff ff ff ff ff ff ff ff ff  ................
0000cfa0: ff ff ff ff ff ff ff ff ff ff ff ff ff ff ff ff  ................
0000cfb0: ff ff ff ff ff ff ff ff ff ff ff ff ff ff ff ff  ................
0000cfc0: ff ff ff ff ff ff ff ff ff ff ff ff ff ff ff ff  ................
0000cfd0: ff ff ff ff ff ff ff ff ff ff ff ff ff ff ff ff  ................
0000cfe0: ff ff ff ff ff ff ff ff ff ff ff ff ff ff ff ff  ................
0000cff0: ff ff ff ff ff ff ff ff ff ff ff ff ff ff ff ff  ................
0000d000: ff ff ff ff ff ff ff ff ff ff ff ff ff ff ff ff  ................
0000d010: ff ff ff ff ff ff ff ff ff ff ff ff ff ff ff ff  ................
0000d020: ff ff ff ff ff ff ff ff ff ff ff ff ff ff ff ff  ................
0000d030: ff ff ff ff ff ff ff ff ff ff ff ff ff ff ff ff  ................
0000d040: ff ff ff ff ff ff ff ff ff ff ff ff ff ff ff ff  ................
0000d050: ff ff ff ff ff ff ff ff ff ff ff ff ff ff ff ff  ................
0000d060: ff ff ff ff ff ff ff ff ff ff ff ff ff ff ff ff  ................
0000d070: ff ff ff ff ff ff ff ff ff ff ff ff ff ff ff ff  ................
0000d080: ff ff ff ff ff ff ff ff ff ff ff ff ff ff ff ff  ................
0000d090: ff ff ff ff ff ff ff ff ff ff ff ff ff ff ff ff  ................
0000d0a0: ff ff ff ff ff ff ff ff ff ff ff ff ff ff ff ff  ................
0000d0b0: ff ff ff ff ff ff ff ff ff ff ff ff ff ff ff ff  ................
0000d0c0: ff ff ff ff ff ff ff ff ff ff ff ff ff ff ff ff  ................
0000d0d0: ff ff ff ff ff ff ff ff ff ff ff ff ff ff ff ff  ................
0000d0e0: ff ff ff ff ff ff ff ff ff ff ff ff ff ff ff ff  ................
0000d0f0: ff ff ff ff ff ff ff ff ff ff ff ff ff ff ff ff  ................
0000d100: ff ff ff ff ff ff ff ff ff ff ff ff ff ff ff ff  ................
0000d110: ff ff ff ff ff ff ff ff ff ff ff ff ff ff ff ff  ................
0000d120: ff ff ff ff ff ff ff ff ff ff ff ff ff ff ff ff  ................
0000d130: ff ff ff ff ff ff ff ff ff ff ff ff ff ff ff ff  ................
0000d140: ff ff ff ff ff ff ff ff ff ff ff ff ff ff ff ff  ................
0000d150: ff ff ff ff ff ff ff ff ff ff ff ff ff ff ff ff  ................
0000d160: ff ff ff ff ff ff ff ff ff ff ff ff ff ff ff ff  ................
0000d170: ff ff ff ff ff ff ff ff ff ff ff ff ff ff ff ff  ................
0000d180: ff ff ff ff ff ff ff ff ff ff ff ff ff ff ff ff  ................
0000d190: ff ff ff ff ff ff ff ff ff ff ff ff ff ff ff ff  ................
0000d1a0: ff ff ff ff ff ff ff ff ff ff ff ff ff ff ff ff  ................
0000d1b0: ff ff ff ff ff ff ff ff ff ff ff ff ff ff ff ff  ................
0000d1c0: ff ff ff ff ff ff ff ff ff ff ff ff ff ff ff ff  ................
0000d1d0: ff ff ff ff ff ff ff ff ff ff ff ff ff ff ff ff  ................
0000d1e0: ff ff ff ff ff ff ff ff ff ff ff ff ff ff ff ff  ................
0000d1f0: ff ff ff ff ff ff ff ff ff ff ff ff ff ff ff ff  ................
0000d200: ff ff ff ff ff ff ff ff ff ff ff ff ff ff ff ff  ................
0000d210: ff ff ff ff ff ff ff ff ff ff ff ff ff ff ff ff  ................
0000d220: ff ff ff ff ff ff ff ff ff ff ff ff ff ff ff ff  ................
0000d230: ff ff ff ff ff ff ff ff ff ff ff ff ff ff ff ff  ................
0000d240: ff ff ff ff ff ff ff ff ff ff ff ff ff ff ff ff  ................
0000d250: ff ff ff ff ff ff ff ff ff ff ff ff ff ff ff ff  ................
0000d260: ff ff ff ff ff ff ff ff ff ff ff ff ff ff ff ff  ................
0000d270: ff ff ff ff ff ff ff ff ff ff ff ff ff ff ff ff  ................
0000d280: ff ff ff ff ff ff ff ff ff ff ff ff ff ff ff ff  ................
0000d290: ff ff ff ff ff ff ff ff ff ff ff ff ff ff ff ff  ................
0000d2a0: ff ff ff ff ff ff ff ff ff ff ff ff ff ff ff ff  ................
0000d2b0: ff ff ff ff ff ff ff ff ff ff ff ff ff ff ff ff  ................
0000d2c0: ff ff ff ff ff ff ff ff ff ff ff ff ff ff ff ff  ................
0000d2d0: ff ff ff ff ff ff ff ff ff ff ff ff ff ff ff ff  ................
0000d2e0: ff ff ff ff ff ff ff ff ff ff ff ff ff ff ff ff  ................
0000d2f0: ff ff ff ff ff ff ff ff ff ff ff ff ff ff ff ff  ................
0000d300: ff ff ff ff ff ff ff ff ff ff ff ff ff ff ff ff  ................
0000d310: ff ff ff ff ff ff ff ff ff ff ff ff ff ff ff ff  ................
0000d320: ff ff ff ff ff ff ff ff ff ff ff ff ff ff ff ff  ................
0000d330: ff ff ff ff ff ff ff ff ff ff ff ff ff ff ff ff  ................
0000d340: ff ff ff ff ff ff ff ff ff ff ff ff ff ff ff ff  ................
0000d350: ff ff ff ff ff ff ff ff ff ff ff ff ff ff ff ff  ................
0000d360: ff ff ff ff ff ff ff ff ff ff ff ff ff ff ff ff  ................
0000d370: ff ff ff ff ff ff ff ff ff ff ff ff ff ff ff ff  ................
0000d380: ff ff ff ff ff ff ff ff ff ff ff ff ff ff ff ff  ................
0000d390: ff ff ff ff ff ff ff ff ff ff ff ff ff ff ff ff  ................
0000d3a0: ff ff ff ff ff ff ff ff ff ff ff ff ff ff ff ff  ................
0000d3b0: ff ff ff ff ff ff ff ff ff ff ff ff ff ff ff ff  ................
0000d3c0: ff ff ff ff ff ff ff ff ff ff ff ff ff ff ff ff  ................
0000d3d0: ff ff ff ff ff ff ff ff ff ff ff ff ff ff ff ff  ................
0000d3e0: ff ff ff ff ff ff ff ff ff ff ff ff ff ff ff ff  ................
0000d3f0: ff ff ff ff ff ff ff ff ff ff ff ff ff ff ff ff  ................
0000d400: ff ff ff ff ff ff ff ff ff ff ff ff ff ff ff ff  ................
0000d410: ff ff ff ff ff ff ff ff ff ff ff ff ff ff ff ff  ................
0000d420: ff ff ff ff ff ff ff ff ff ff ff ff ff ff ff ff  ................
0000d430: ff ff ff ff ff ff ff ff ff ff ff ff ff ff ff ff  ................
0000d440: ff ff ff ff ff ff ff ff ff ff ff ff ff ff ff ff  ................
0000d450: ff ff ff ff ff ff ff ff ff ff ff ff ff ff ff ff  ................
0000d460: ff ff ff ff ff ff ff ff ff ff ff ff ff ff ff ff  ................
0000d470: ff ff ff ff ff ff ff ff ff ff ff ff ff ff ff ff  ................
0000d480: ff ff ff ff ff ff ff ff ff ff ff ff ff ff ff ff  ................
0000d490: ff ff ff ff ff ff ff ff ff ff ff ff ff ff ff ff  ................
0000d4a0: ff ff ff ff ff ff ff ff ff ff ff ff ff ff ff ff  ................
0000d4b0: ff ff ff ff ff ff ff ff ff ff ff ff ff ff ff ff  ................
0000d4c0: ff ff ff ff ff ff ff ff ff ff ff ff ff ff ff ff  ................
0000d4d0: ff ff ff ff ff ff ff ff ff ff ff ff ff ff ff ff  ................
0000d4e0: ff ff ff ff ff ff ff ff ff ff ff ff ff ff ff ff  ................
0000d4f0: ff ff ff ff ff ff ff ff ff ff ff ff ff ff ff ff  ................
0000d500: ff ff ff ff ff ff ff ff ff ff ff ff ff ff ff ff  ................
0000d510: ff ff ff ff ff ff ff ff ff ff ff ff ff ff ff ff  ................
0000d520: ff ff ff ff ff ff ff ff ff ff ff ff ff ff ff ff  ................
0000d530: ff ff ff ff ff ff ff ff ff ff ff ff ff ff ff ff  ................
0000d540: ff ff ff ff ff ff ff ff ff ff ff ff ff ff ff ff  ................
0000d550: ff ff ff ff ff ff ff ff ff ff ff ff ff ff ff ff  ................
0000d560: ff ff ff ff ff ff ff ff ff ff ff ff ff ff ff ff  ................
0000d570: ff ff ff ff ff ff ff ff ff ff ff ff ff ff ff ff  ................
0000d580: ff ff ff ff ff ff ff ff ff ff ff ff ff ff ff ff  ................
0000d590: ff ff ff ff ff ff ff ff ff ff ff ff ff ff ff ff  ................
0000d5a0: ff ff ff ff ff ff ff ff ff ff ff ff ff ff ff ff  ................
0000d5b0: ff ff ff ff ff ff ff ff ff ff ff ff ff ff ff ff  ................
0000d5c0: ff ff ff ff ff ff ff ff ff ff ff ff ff ff ff ff  ................
0000d5d0: ff ff ff ff ff ff ff ff ff ff ff ff ff ff ff ff  ................
0000d5e0: ff ff ff ff ff ff ff ff ff ff ff ff ff ff ff ff  ................
0000d5f0: ff ff ff ff ff ff ff ff ff ff ff ff ff ff ff ff  ................
0000d600: ff ff ff ff ff ff ff ff ff ff ff ff ff ff ff ff  ................
0000d610: ff ff ff ff ff ff ff ff ff ff ff ff ff ff ff ff  ................
0000d620: ff ff ff ff ff ff ff ff ff ff ff ff ff ff ff ff  ................
0000d630: ff ff ff ff ff ff ff ff ff ff ff ff ff ff ff ff  ................
0000d640: ff ff ff ff ff ff ff ff ff ff ff ff ff ff ff ff  ................
0000d650: ff ff ff ff ff ff ff ff ff ff ff ff ff ff ff ff  ................
0000d660: ff ff ff ff ff ff ff ff ff ff ff ff ff ff ff ff  ................
0000d670: ff ff ff ff ff ff ff ff ff ff ff ff ff ff ff ff  ................
0000d680: ff ff ff ff ff ff ff ff ff ff ff ff ff ff ff ff  ................
0000d690: ff ff ff ff ff ff ff ff ff ff ff ff ff ff ff ff  ................
0000d6a0: ff ff ff ff ff ff ff ff ff ff ff ff ff ff ff ff  ................
0000d6b0: ff ff ff ff ff ff ff ff ff ff ff ff ff ff ff ff  ................
0000d6c0: ff ff ff ff ff ff ff ff ff ff ff ff ff ff ff ff  ................
0000d6d0: ff ff ff ff ff ff ff ff ff ff ff ff ff ff ff ff  ................
0000d6e0: ff ff ff ff ff ff ff ff ff ff ff ff ff ff ff ff  ................
0000d6f0: ff ff ff ff ff ff ff ff ff ff ff ff ff ff ff ff  ................
0000d700: ff ff ff ff ff ff ff ff ff ff ff ff ff ff ff ff  ................
0000d710: ff ff ff ff ff ff ff ff ff ff ff ff ff ff ff ff  ................
0000d720: ff ff ff ff ff ff ff ff ff ff ff ff ff ff ff ff  ................
0000d730: ff ff ff ff ff ff ff ff ff ff ff ff ff ff ff ff  ................
0000d740: ff ff ff ff ff ff ff ff ff ff ff ff ff ff ff ff  ................
0000d750: ff ff ff ff ff ff ff ff ff ff ff ff ff ff ff ff  ................
0000d760: ff ff ff ff ff ff ff ff ff ff ff ff ff ff ff ff  ................
0000d770: ff ff ff ff ff ff ff ff ff ff ff ff ff ff ff ff  ................
0000d780: ff ff ff ff ff ff ff ff ff ff ff ff ff ff ff ff  ................
0000d790: ff ff ff ff ff ff ff ff ff ff ff ff ff ff ff ff  ................
0000d7a0: ff ff ff ff ff ff ff ff ff ff ff ff ff ff ff ff  ................
0000d7b0: ff ff ff ff ff ff ff ff ff ff ff ff ff ff ff ff  ................
0000d7c0: ff ff ff ff ff ff ff ff ff ff ff ff ff ff ff ff  ................
0000d7d0: ff ff ff ff ff ff ff ff ff ff ff ff ff ff ff ff  ................
0000d7e0: ff ff ff ff ff ff ff ff ff ff ff ff ff ff ff ff  ................
0000d7f0: ff ff ff ff ff ff ff ff ff ff ff ff ff ff ff ff  ................
0000d800: ff ff ff ff ff ff ff ff ff ff ff ff ff ff ff ff  ................
0000d810: ff ff ff ff ff ff ff ff ff ff ff ff ff ff ff ff  ................
0000d820: ff ff ff ff ff ff ff ff ff ff ff ff ff ff ff ff  ................
0000d830: ff ff ff ff ff ff ff ff ff ff ff ff ff ff ff ff  ................
0000d840: ff ff ff ff ff ff ff ff ff ff ff ff ff ff ff ff  ................
0000d850: ff ff ff ff ff ff ff ff ff ff ff ff ff ff ff ff  ................
0000d860: ff ff ff ff ff ff ff ff ff ff ff ff ff ff ff ff  ................
0000d870: ff ff ff ff ff ff ff ff ff ff ff ff ff ff ff ff  ................
0000d880: ff ff ff ff ff ff ff ff ff ff ff ff ff ff ff ff  ................
0000d890: ff ff ff ff ff ff ff ff ff ff ff ff ff ff ff ff  ................
0000d8a0: ff ff ff ff ff ff ff ff ff ff ff ff ff ff ff ff  ................
0000d8b0: ff ff ff ff ff ff ff ff ff ff ff ff ff ff ff ff  ................
0000d8c0: ff ff ff ff ff ff ff ff ff ff ff ff ff ff ff ff  ................
0000d8d0: ff ff ff ff ff ff ff ff ff ff ff ff ff ff ff ff  ................
0000d8e0: ff ff ff ff ff ff ff ff ff ff ff ff ff ff ff ff  ................
0000d8f0: ff ff ff ff ff ff ff ff ff ff ff ff ff ff ff ff  ................
0000d900: ff ff ff ff ff ff ff ff ff ff ff ff ff ff ff ff  ................
0000d910: ff ff ff ff ff ff ff ff ff ff ff ff ff ff ff ff  ................
0000d920: ff ff ff ff ff ff ff ff ff ff ff ff ff ff ff ff  ................
0000d930: ff ff ff ff ff ff ff ff ff ff ff ff ff ff ff ff  ................
0000d940: ff ff ff ff ff ff ff ff ff ff ff ff ff ff ff ff  ................
0000d950: ff ff ff ff ff ff ff ff ff ff ff ff ff ff ff ff  ................
0000d960: ff ff ff ff ff ff ff ff ff ff ff ff ff ff ff ff  ................
0000d970: ff ff ff ff ff ff ff ff ff ff ff ff ff ff ff ff  ................
0000d980: ff ff ff ff ff ff ff ff ff ff ff ff ff ff ff ff  ................
0000d990: ff ff ff ff ff ff ff ff ff ff ff ff ff ff ff ff  ................
0000d9a0: ff ff ff ff ff ff ff ff ff ff ff ff ff ff ff ff  ................
0000d9b0: ff ff ff ff ff ff ff ff ff ff ff ff ff ff ff ff  ................
0000d9c0: ff ff ff ff ff ff ff ff ff ff ff ff ff ff ff ff  ................
0000d9d0: ff ff ff ff ff ff ff ff ff ff ff ff ff ff ff ff  ................
0000d9e0: ff ff ff ff ff ff ff ff ff ff ff ff ff ff ff ff  ................
0000d9f0: ff ff ff ff ff ff ff ff ff ff ff ff ff ff ff ff  ................
0000da00: ff ff ff ff ff ff ff ff ff ff ff ff ff ff ff ff  ................
0000da10: ff ff ff ff ff ff ff ff ff ff ff ff ff ff ff ff  ................
0000da20: ff ff ff ff ff ff ff ff ff ff ff ff ff ff ff ff  ................
0000da30: ff ff ff ff ff ff ff ff ff ff ff ff ff ff ff ff  ................
0000da40: ff ff ff ff ff ff ff ff ff ff ff ff ff ff ff ff  ................
0000da50: ff ff ff ff ff ff ff ff ff ff ff ff ff ff ff ff  ................
0000da60: ff ff ff ff ff ff ff ff ff ff ff ff ff ff ff ff  ................
0000da70: ff ff ff ff ff ff ff ff ff ff ff ff ff ff ff ff  ................
0000da80: ff ff ff ff ff ff ff ff ff ff ff ff ff ff ff ff  ................
0000da90: ff ff ff ff ff ff ff ff ff ff ff ff ff ff ff ff  ................
0000daa0: ff ff ff ff ff ff ff ff ff ff ff ff ff ff ff ff  ................
0000dab0: ff ff ff ff ff ff ff ff ff ff ff ff ff ff ff ff  ................
0000dac0: ff ff ff ff ff ff ff ff ff ff ff ff ff ff ff ff  ................
0000dad0: ff ff ff ff ff ff ff ff ff ff ff ff ff ff ff ff  ................
0000dae0: ff ff ff ff ff ff ff ff ff ff ff ff ff ff ff ff  ................
0000daf0: ff ff ff ff ff ff ff ff ff ff ff ff ff ff ff ff  ................
0000db00: ff ff ff ff ff ff ff ff ff ff ff ff ff ff ff ff  ................
0000db10: ff ff ff ff ff ff ff ff ff ff ff ff ff ff ff ff  ................
0000db20: ff ff ff ff ff ff ff ff ff ff ff ff ff ff ff ff  ................
0000db30: ff ff ff ff ff ff ff ff ff ff ff ff ff ff ff ff  ................
0000db40: ff ff ff ff ff ff ff ff ff ff ff ff ff ff ff ff  ................
0000db50: ff ff ff ff ff ff ff ff ff ff ff ff ff ff ff ff  ................
0000db60: ff ff ff ff ff ff ff ff ff ff ff ff ff ff ff ff  ................
0000db70: ff ff ff ff ff ff ff ff ff ff ff ff ff ff ff ff  ................
0000db80: ff ff ff ff ff ff ff ff ff ff ff ff ff ff ff ff  ................
0000db90: ff ff ff ff ff ff ff ff ff ff ff ff ff ff ff ff  ................
0000dba0: ff ff ff ff ff ff ff ff ff ff ff ff ff ff ff ff  ................
0000dbb0: ff ff ff ff ff ff ff ff ff ff ff ff ff ff ff ff  ................
0000dbc0: ff ff ff ff ff ff ff ff ff ff ff ff ff ff ff ff  ................
0000dbd0: ff ff ff ff ff ff ff ff ff ff ff ff ff ff ff ff  ................
0000dbe0: ff ff ff ff ff ff ff ff ff ff ff ff ff ff ff ff  ................
0000dbf0: ff ff ff ff ff ff ff ff ff ff ff ff ff ff ff ff  ................
0000dc00: ff ff ff ff ff ff ff ff ff ff ff ff ff ff ff ff  ................
0000dc10: ff ff ff ff ff ff ff ff ff ff ff ff ff ff ff ff  ................
0000dc20: ff ff ff ff ff ff ff ff ff ff ff ff ff ff ff ff  ................
0000dc30: ff ff ff ff ff ff ff ff ff ff ff ff ff ff ff ff  ................
0000dc40: ff ff ff ff ff ff ff ff ff ff ff ff ff ff ff ff  ................
0000dc50: ff ff ff ff ff ff ff ff ff ff ff ff ff ff ff ff  ................
0000dc60: ff ff ff ff ff ff ff ff ff ff ff ff ff ff ff ff  ................
0000dc70: ff ff ff ff ff ff ff ff ff ff ff ff ff ff ff ff  ................
0000dc80: ff ff ff ff ff ff ff ff ff ff ff ff ff ff ff ff  ................
0000dc90: ff ff ff ff ff ff ff ff ff ff ff ff ff ff ff ff  ................
0000dca0: ff ff ff ff ff ff ff ff ff ff ff ff ff ff ff ff  ................
0000dcb0: ff ff ff ff ff ff ff ff ff ff ff ff ff ff ff ff  ................
0000dcc0: ff ff ff ff ff ff ff ff ff ff ff ff ff ff ff ff  ................
0000dcd0: ff ff ff ff ff ff ff ff ff ff ff ff ff ff ff ff  ................
0000dce0: ff ff ff ff ff ff ff ff ff ff ff ff ff ff ff ff  ................
0000dcf0: ff ff ff ff ff ff ff ff ff ff ff ff ff ff ff ff  ................
0000dd00: ff ff ff ff ff ff ff ff ff ff ff ff ff ff ff ff  ................
0000dd10: ff ff ff ff ff ff ff ff ff ff ff ff ff ff ff ff  ................
0000dd20: ff ff ff ff ff ff ff ff ff ff ff ff ff ff ff ff  ................
0000dd30: ff ff ff ff ff ff ff ff ff ff ff ff ff ff ff ff  ................
0000dd40: ff ff ff ff ff ff ff ff ff ff ff ff ff ff ff ff  ................
0000dd50: ff ff ff ff ff ff ff ff ff ff ff ff ff ff ff ff  ................
0000dd60: ff ff ff ff ff ff ff ff ff ff ff ff ff ff ff ff  ................
0000dd70: ff ff ff ff ff ff ff ff ff ff ff ff ff ff ff ff  ................
0000dd80: ff ff ff ff ff ff ff ff ff ff ff ff ff ff ff ff  ................
0000dd90: ff ff ff ff ff ff ff ff ff ff ff ff ff ff ff ff  ................
0000dda0: ff ff ff ff ff ff ff ff ff ff ff ff ff ff ff ff  ................
0000ddb0: ff ff ff ff ff ff ff ff ff ff ff ff ff ff ff ff  ................
0000ddc0: ff ff ff ff ff ff ff ff ff ff ff ff ff ff ff ff  ................
0000ddd0: ff ff ff ff ff ff ff ff ff ff ff ff ff ff ff ff  ................
0000dde0: ff ff ff ff ff ff ff ff ff ff ff ff ff ff ff ff  ................
0000ddf0: ff ff ff ff ff ff ff ff ff ff ff ff ff ff ff ff  ................
0000de00: ff ff ff ff ff ff ff ff ff ff ff ff ff ff ff ff  ................
0000de10: ff ff ff ff ff ff ff ff ff ff ff ff ff ff ff ff  ................
0000de20: ff ff ff ff ff ff ff ff ff ff ff ff ff ff ff ff  ................
0000de30: ff ff ff ff ff ff ff ff ff ff ff ff ff ff ff ff  ................
0000de40: ff ff ff ff ff ff ff ff ff ff ff ff ff ff ff ff  ................
0000de50: ff ff ff ff ff ff ff ff ff ff ff ff ff ff ff ff  ................
0000de60: ff ff ff ff ff ff ff ff ff ff ff ff ff ff ff ff  ................
0000de70: ff ff ff ff ff ff ff ff ff ff ff ff ff ff ff ff  ................
0000de80: ff ff ff ff ff ff ff ff ff ff ff ff ff ff ff ff  ................
0000de90: ff ff ff ff ff ff ff ff ff ff ff ff ff ff ff ff  ................
0000dea0: ff ff ff ff ff ff ff ff ff ff ff ff ff ff ff ff  ................
0000deb0: ff ff ff ff ff ff ff ff ff ff ff ff ff ff ff ff  ................
0000dec0: ff ff ff ff ff ff ff ff ff ff ff ff ff ff ff ff  ................
0000ded0: ff ff ff ff ff ff ff ff ff ff ff ff ff ff ff ff  ................
0000dee0: ff ff ff ff ff ff ff ff ff ff ff ff ff ff ff ff  ................
0000def0: ff ff ff ff ff ff ff ff ff ff ff ff ff ff ff ff  ................
0000df00: ff ff ff ff ff ff ff ff ff ff ff ff ff ff ff ff  ................
0000df10: ff ff ff ff ff ff ff ff ff ff ff ff ff ff ff ff  ................
0000df20: ff ff ff ff ff ff ff ff ff ff ff ff ff ff ff ff  ................
0000df30: ff ff ff ff ff ff ff ff ff ff ff ff ff ff ff ff  ................
0000df40: ff ff ff ff ff ff ff ff ff ff ff ff ff ff ff ff  ................
0000df50: ff ff ff ff ff ff ff ff ff ff ff ff ff ff ff ff  ................
0000df60: ff ff ff ff ff ff ff ff ff ff ff ff ff ff ff ff  ................
0000df70: ff ff ff ff ff ff ff ff ff ff ff ff ff ff ff ff  ................
0000df80: ff ff ff ff ff ff ff ff ff ff ff ff ff ff ff ff  ................
0000df90: ff ff ff ff ff ff ff ff ff ff ff ff ff ff ff ff  ................
0000dfa0: ff ff ff ff ff ff ff ff ff ff ff ff ff ff ff ff  ................
0000dfb0: ff ff ff ff ff ff ff ff ff ff ff ff ff ff ff ff  ................
0000dfc0: ff ff ff ff ff ff ff ff ff ff ff ff ff ff ff ff  ................
0000dfd0: ff ff ff ff ff ff ff ff ff ff ff ff ff ff ff ff  ................
0000dfe0: ff ff ff ff ff ff ff ff ff ff ff ff ff ff ff ff  ................
0000dff0: ff ff ff ff ff ff ff ff ff ff ff ff ff ff ff ff  ................
0000e000: ff ff ff ff ff ff ff ff ff ff ff ff ff ff ff ff  ................
0000e010: ff ff ff ff ff ff ff ff ff ff ff ff ff ff ff ff  ................
0000e020: ff ff ff ff ff ff ff ff ff ff ff ff ff ff ff ff  ................
0000e030: ff ff ff ff ff ff ff ff ff ff ff ff ff ff ff ff  ................
0000e040: ff ff ff ff ff ff ff ff ff ff ff ff ff ff ff ff  ................
0000e050: ff ff ff ff ff ff ff ff ff ff ff ff ff ff ff ff  ................
0000e060: ff ff ff ff ff ff ff ff ff ff ff ff ff ff ff ff  ................
0000e070: ff ff ff ff ff ff ff ff ff ff ff ff ff ff ff ff  ................
0000e080: ff ff ff ff ff ff ff ff ff ff ff ff ff ff ff ff  ................
0000e090: ff ff ff ff ff ff ff ff ff ff ff ff ff ff ff ff  ................
0000e0a0: ff ff ff ff ff ff ff ff ff ff ff ff ff ff ff ff  ................
0000e0b0: ff ff ff ff ff ff ff ff ff ff ff ff ff ff ff ff  ................
0000e0c0: ff ff ff ff ff ff ff ff ff ff ff ff ff ff ff ff  ................
0000e0d0: ff ff ff ff ff ff ff ff ff ff ff ff ff ff ff ff  ................
0000e0e0: ff ff ff ff ff ff ff ff ff ff ff ff ff ff ff ff  ................
0000e0f0: ff ff ff ff ff ff ff ff ff ff ff ff ff ff ff ff  ................
0000e100: ff ff ff ff ff ff ff ff ff ff ff ff ff ff ff ff  ................
0000e110: ff ff ff ff ff ff ff ff ff ff ff ff ff ff ff ff  ................
0000e120: ff ff ff ff ff ff ff ff ff ff ff ff ff ff ff ff  ................
0000e130: ff ff ff ff ff ff ff ff ff ff ff ff ff ff ff ff  ................
0000e140: ff ff ff ff ff ff ff ff ff ff ff ff ff ff ff ff  ................
0000e150: ff ff ff ff ff ff ff ff ff ff ff ff ff ff ff ff  ................
0000e160: ff ff ff ff ff ff ff ff ff ff ff ff ff ff ff ff  ................
0000e170: ff ff ff ff ff ff ff ff ff ff ff ff ff ff ff ff  ................
0000e180: ff ff ff ff ff ff ff ff ff ff ff ff ff ff ff ff  ................
0000e190: ff ff ff ff ff ff ff ff ff ff ff ff ff ff ff ff  ................
0000e1a0: ff ff ff ff ff ff ff ff ff ff ff ff ff ff ff ff  ................
0000e1b0: ff ff ff ff ff ff ff ff ff ff ff ff ff ff ff ff  ................
0000e1c0: ff ff ff ff ff ff ff ff ff ff ff ff ff ff ff ff  ................
0000e1d0: ff ff ff ff ff ff ff ff ff ff ff ff ff ff ff ff  ................
0000e1e0: ff ff ff ff ff ff ff ff ff ff ff ff ff ff ff ff  ................
0000e1f0: ff ff ff ff ff ff ff ff ff ff ff ff ff ff ff ff  ................
0000e200: ff ff ff ff ff ff ff ff ff ff ff ff ff ff ff ff  ................
0000e210: ff ff ff ff ff ff ff ff ff ff ff ff ff ff ff ff  ................
0000e220: ff ff ff ff ff ff ff ff ff ff ff ff ff ff ff ff  ................
0000e230: ff ff ff ff ff ff ff ff ff ff ff ff ff ff ff ff  ................
0000e240: ff ff ff ff ff ff ff ff ff ff ff ff ff ff ff ff  ................
0000e250: ff ff ff ff ff ff ff ff ff ff ff ff ff ff ff ff  ................
0000e260: ff ff ff ff ff ff ff ff ff ff ff ff ff ff ff ff  ................
0000e270: ff ff ff ff ff ff ff ff ff ff ff ff ff ff ff ff  ................
0000e280: ff ff ff ff ff ff ff ff ff ff ff ff ff ff ff ff  ................
0000e290: ff ff ff ff ff ff ff ff ff ff ff ff ff ff ff ff  ................
0000e2a0: ff ff ff ff ff ff ff ff ff ff ff ff ff ff ff ff  ................
0000e2b0: ff ff ff ff ff ff ff ff ff ff ff ff ff ff ff ff  ................
0000e2c0: ff ff ff ff ff ff ff ff ff ff ff ff ff ff ff ff  ................
0000e2d0: ff ff ff ff ff ff ff ff ff ff ff ff ff ff ff ff  ................
0000e2e0: ff ff ff ff ff ff ff ff ff ff ff ff ff ff ff ff  ................
0000e2f0: ff ff ff ff ff ff ff ff ff ff ff ff ff ff ff ff  ................
0000e300: ff ff ff ff ff ff ff ff ff ff ff ff ff ff ff ff  ................
0000e310: ff ff ff ff ff ff ff ff ff ff ff ff ff ff ff ff  ................
0000e320: ff ff ff ff ff ff ff ff ff ff ff ff ff ff ff ff  ................
0000e330: ff ff ff ff ff ff ff ff ff ff ff ff ff ff ff ff  ................
0000e340: ff ff ff ff ff ff ff ff ff ff ff ff ff ff ff ff  ................
0000e350: ff ff ff ff ff ff ff ff ff ff ff ff ff ff ff ff  ................
0000e360: ff ff ff ff ff ff ff ff ff ff ff ff ff ff ff ff  ................
0000e370: ff ff ff ff ff ff ff ff ff ff ff ff ff ff ff ff  ................
0000e380: ff ff ff ff ff ff ff ff ff ff ff ff ff ff ff ff  ................
0000e390: ff ff ff ff ff ff ff ff ff ff ff ff ff ff ff ff  ................
0000e3a0: ff ff ff ff ff ff ff ff ff ff ff ff ff ff ff ff  ................
0000e3b0: ff ff ff ff ff ff ff ff ff ff ff ff ff ff ff ff  ................
0000e3c0: ff ff ff ff ff ff ff ff ff ff ff ff ff ff ff ff  ................
0000e3d0: ff ff ff ff ff ff ff ff ff ff ff ff ff ff ff ff  ................
0000e3e0: ff ff ff ff ff ff ff ff ff ff ff ff ff ff ff ff  ................
0000e3f0: ff ff ff ff ff ff ff ff ff ff ff ff ff ff ff ff  ................
0000e400: ff ff ff ff ff ff ff ff ff ff ff ff ff ff ff ff  ................
0000e410: ff ff ff ff ff ff ff ff ff ff ff ff ff ff ff ff  ................
0000e420: ff ff ff ff ff ff ff ff ff ff ff ff ff ff ff ff  ................
0000e430: ff ff ff ff ff ff ff ff ff ff ff ff ff ff ff ff  ................
0000e440: ff ff ff ff ff ff ff ff ff ff ff ff ff ff ff ff  ................
0000e450: ff ff ff ff ff ff ff ff ff ff ff ff ff ff ff ff  ................
0000e460: ff ff ff ff ff ff ff ff ff ff ff ff ff ff ff ff  ................
0000e470: ff ff ff ff ff ff ff ff ff ff ff ff ff ff ff ff  ................
0000e480: ff ff ff ff ff ff ff ff ff ff ff ff ff ff ff ff  ................
0000e490: ff ff ff ff ff ff ff ff ff ff ff ff ff ff ff ff  ................
0000e4a0: ff ff ff ff ff ff ff ff ff ff ff ff ff ff ff ff  ................
0000e4b0: ff ff ff ff ff ff ff ff ff ff ff ff ff ff ff ff  ................
0000e4c0: ff ff ff ff ff ff ff ff ff ff ff ff ff ff ff ff  ................
0000e4d0: ff ff ff ff ff ff ff ff ff ff ff ff ff ff ff ff  ................
0000e4e0: ff ff ff ff ff ff ff ff ff ff ff ff ff ff ff ff  ................
0000e4f0: ff ff ff ff ff ff ff ff ff ff ff ff ff ff ff ff  ................
0000e500: ff ff ff ff ff ff ff ff ff ff ff ff ff ff ff ff  ................
0000e510: ff ff ff ff ff ff ff ff ff ff ff ff ff ff ff ff  ................
0000e520: ff ff ff ff ff ff ff ff ff ff ff ff ff ff ff ff  ................
0000e530: ff ff ff ff ff ff ff ff ff ff ff ff ff ff ff ff  ................
0000e540: ff ff ff ff ff ff ff ff ff ff ff ff ff ff ff ff  ................
0000e550: ff ff ff ff ff ff ff ff ff ff ff ff ff ff ff ff  ................
0000e560: ff ff ff ff ff ff ff ff ff ff ff ff ff ff ff ff  ................
0000e570: ff ff ff ff ff ff ff ff ff ff ff ff ff ff ff ff  ................
0000e580: ff ff ff ff ff ff ff ff ff ff ff ff ff ff ff ff  ................
0000e590: ff ff ff ff ff ff ff ff ff ff ff ff ff ff ff ff  ................
0000e5a0: ff ff ff ff ff ff ff ff ff ff ff ff ff ff ff ff  ................
0000e5b0: ff ff ff ff ff ff ff ff ff ff ff ff ff ff ff ff  ................
0000e5c0: ff ff ff ff ff ff ff ff ff ff ff ff ff ff ff ff  ................
0000e5d0: ff ff ff ff ff ff ff ff ff ff ff ff ff ff ff ff  ................
0000e5e0: ff ff ff ff ff ff ff ff ff ff ff ff ff ff ff ff  ................
0000e5f0: ff ff ff ff ff ff ff ff ff ff ff ff ff ff ff ff  ................
0000e600: ff ff ff ff ff ff ff ff ff ff ff ff ff ff ff ff  ................
0000e610: ff ff ff ff ff ff ff ff ff ff ff ff ff ff ff ff  ................
0000e620: ff ff ff ff ff ff ff ff ff ff ff ff ff ff ff ff  ................
0000e630: ff ff ff ff ff ff ff ff ff ff ff ff ff ff ff ff  ................
0000e640: ff ff ff ff ff ff ff ff ff ff ff ff ff ff ff ff  ................
0000e650: ff ff ff ff ff ff ff ff ff ff ff ff ff ff ff ff  ................
0000e660: ff ff ff ff ff ff ff ff ff ff ff ff ff ff ff ff  ................
0000e670: ff ff ff ff ff ff ff ff ff ff ff ff ff ff ff ff  ................
0000e680: ff ff ff ff ff ff ff ff ff ff ff ff ff ff ff ff  ................
0000e690: ff ff ff ff ff ff ff ff ff ff ff ff ff ff ff ff  ................
0000e6a0: ff ff ff ff ff ff ff ff ff ff ff ff ff ff ff ff  ................
0000e6b0: ff ff ff ff ff ff ff ff ff ff ff ff ff ff ff ff  ................
0000e6c0: ff ff ff ff ff ff ff ff ff ff ff ff ff ff ff ff  ................
0000e6d0: ff ff ff ff ff ff ff ff ff ff ff ff ff ff ff ff  ................
0000e6e0: ff ff ff ff ff ff ff ff ff ff ff ff ff ff ff ff  ................
0000e6f0: ff ff ff ff ff ff ff ff ff ff ff ff ff ff ff ff  ................
0000e700: ff ff ff ff ff ff ff ff ff ff ff ff ff ff ff ff  ................
0000e710: ff ff ff ff ff ff ff ff ff ff ff ff ff ff ff ff  ................
0000e720: ff ff ff ff ff ff ff ff ff ff ff ff ff ff ff ff  ................
0000e730: ff ff ff ff ff ff ff ff ff ff ff ff ff ff ff ff  ................
0000e740: ff ff ff ff ff ff ff ff ff ff ff ff ff ff ff ff  ................
0000e750: ff ff ff ff ff ff ff ff ff ff ff ff ff ff ff ff  ................
0000e760: ff ff ff ff ff ff ff ff ff ff ff ff ff ff ff ff  ................
0000e770: ff ff ff ff ff ff ff ff ff ff ff ff ff ff ff ff  ................
0000e780: ff ff ff ff ff ff ff ff ff ff ff ff ff ff ff ff  ................
0000e790: ff ff ff ff ff ff ff ff ff ff ff ff ff ff ff ff  ................
0000e7a0: ff ff ff ff ff ff ff ff ff ff ff ff ff ff ff ff  ................
0000e7b0: ff ff ff ff ff ff ff ff ff ff ff ff ff ff ff ff  ................
0000e7c0: ff ff ff ff ff ff ff ff ff ff ff ff ff ff ff ff  ................
0000e7d0: ff ff ff ff ff ff ff ff ff ff ff ff ff ff ff ff  ................
0000e7e0: ff ff ff ff ff ff ff ff ff ff ff ff ff ff ff ff  ................
0000e7f0: ff ff ff ff ff ff ff ff ff ff ff ff ff ff ff ff  ................
0000e800: ff ff ff ff ff ff ff ff ff ff ff ff ff ff ff ff  ................
0000e810: ff ff ff ff ff ff ff ff ff ff ff ff ff ff ff ff  ................
0000e820: ff ff ff ff ff ff ff ff ff ff ff ff ff ff ff ff  ................
0000e830: ff ff ff ff ff ff ff ff ff ff ff ff ff ff ff ff  ................
0000e840: ff ff ff ff ff ff ff ff ff ff ff ff ff ff ff ff  ................
0000e850: ff ff ff ff ff ff ff ff ff ff ff ff ff ff ff ff  ................
0000e860: ff ff ff ff ff ff ff ff ff ff ff ff ff ff ff ff  ................
0000e870: ff ff ff ff ff ff ff ff ff ff ff ff ff ff ff ff  ................
0000e880: ff ff ff ff ff ff ff ff ff ff ff ff ff ff ff ff  ................
0000e890: ff ff ff ff ff ff ff ff ff ff ff ff ff ff ff ff  ................
0000e8a0: ff ff ff ff ff ff ff ff ff ff ff ff ff ff ff ff  ................
0000e8b0: ff ff ff ff ff ff ff ff ff ff ff ff ff ff ff ff  ................
0000e8c0: ff ff ff ff ff ff ff ff ff ff ff ff ff ff ff ff  ................
0000e8d0: ff ff ff ff ff ff ff ff ff ff ff ff ff ff ff ff  ................
0000e8e0: ff ff ff ff ff ff ff ff ff ff ff ff ff ff ff ff  ................
0000e8f0: ff ff ff ff ff ff ff ff ff ff ff ff ff ff ff ff  ................
0000e900: ff ff ff ff ff ff ff ff ff ff ff ff ff ff ff ff  ................
0000e910: ff ff ff ff ff ff ff ff ff ff ff ff ff ff ff ff  ................
0000e920: ff ff ff ff ff ff ff ff ff ff ff ff ff ff ff ff  ................
0000e930: ff ff ff ff ff ff ff ff ff ff ff ff ff ff ff ff  ................
0000e940: ff ff ff ff ff ff ff ff ff ff ff ff ff ff ff ff  ................
0000e950: ff ff ff ff ff ff ff ff ff ff ff ff ff ff ff ff  ................
0000e960: ff ff ff ff ff ff ff ff ff ff ff ff ff ff ff ff  ................
0000e970: ff ff ff ff ff ff ff ff ff ff ff ff ff ff ff ff  ................
0000e980: ff ff ff ff ff ff ff ff ff ff ff ff ff ff ff ff  ................
0000e990: ff ff ff ff ff ff ff ff ff ff ff ff ff ff ff ff  ................
0000e9a0: ff ff ff ff ff ff ff ff ff ff ff ff ff ff ff ff  ................
0000e9b0: ff ff ff ff ff ff ff ff ff ff ff ff ff ff ff ff  ................
0000e9c0: ff ff ff ff ff ff ff ff ff ff ff ff ff ff ff ff  ................
0000e9d0: ff ff ff ff ff ff ff ff ff ff ff ff ff ff ff ff  ................
0000e9e0: ff ff ff ff ff ff ff ff ff ff ff ff ff ff ff ff  ................
0000e9f0: ff ff ff ff ff ff ff ff ff ff ff ff ff ff ff ff  ................
0000ea00: ff ff ff ff ff ff ff ff ff ff ff ff ff ff ff ff  ................
0000ea10: ff ff ff ff ff ff ff ff ff ff ff ff ff ff ff ff  ................
0000ea20: ff ff ff ff ff ff ff ff ff ff ff ff ff ff ff ff  ................
0000ea30: ff ff ff ff ff ff ff ff ff ff ff ff ff ff ff ff  ................
0000ea40: ff ff ff ff ff ff ff ff ff ff ff ff ff ff ff ff  ................
0000ea50: ff ff ff ff ff ff ff ff ff ff ff ff ff ff ff ff  ................
0000ea60: ff ff ff ff ff ff ff ff ff ff ff ff ff ff ff ff  ................
0000ea70: ff ff ff ff ff ff ff ff ff ff ff ff ff ff ff ff  ................
0000ea80: ff ff ff ff ff ff ff ff ff ff ff ff ff ff ff ff  ................
0000ea90: ff ff ff ff ff ff ff ff ff ff ff ff ff ff ff ff  ................
0000eaa0: ff ff ff ff ff ff ff ff ff ff ff ff ff ff ff ff  ................
0000eab0: ff ff ff ff ff ff ff ff ff ff ff ff ff ff ff ff  ................
0000eac0: ff ff ff ff ff ff ff ff ff ff ff ff ff ff ff ff  ................
0000ead0: ff ff ff ff ff ff ff ff ff ff ff ff ff ff ff ff  ................
0000eae0: ff ff ff ff ff ff ff ff ff ff ff ff ff ff ff ff  ................
0000eaf0: ff ff ff ff ff ff ff ff ff ff ff ff ff ff ff ff  ................
0000eb00: ff ff ff ff ff ff ff ff ff ff ff ff ff ff ff ff  ................
0000eb10: ff ff ff ff ff ff ff ff ff ff ff ff ff ff ff ff  ................
0000eb20: ff ff ff ff ff ff ff ff ff ff ff ff ff ff ff ff  ................
0000eb30: ff ff ff ff ff ff ff ff ff ff ff ff ff ff ff ff  ................
0000eb40: ff ff ff ff ff ff ff ff ff ff ff ff ff ff ff ff  ................
0000eb50: ff ff ff ff ff ff ff ff ff ff ff ff ff ff ff ff  ................
0000eb60: ff ff ff ff ff ff ff ff ff ff ff ff ff ff ff ff  ................
0000eb70: ff ff ff ff ff ff ff ff ff ff ff ff ff ff ff ff  ................
0000eb80: ff ff ff ff ff ff ff ff ff ff ff ff ff ff ff ff  ................
0000eb90: ff ff ff ff ff ff ff ff ff ff ff ff ff ff ff ff  ................
0000eba0: ff ff ff ff ff ff ff ff ff ff ff ff ff ff ff ff  ................
0000ebb0: ff ff ff ff ff ff ff ff ff ff ff ff ff ff ff ff  ................
0000ebc0: ff ff ff ff ff ff ff ff ff ff ff ff ff ff ff ff  ................
0000ebd0: ff ff ff ff ff ff ff ff ff ff ff ff ff ff ff ff  ................
0000ebe0: ff ff ff ff ff ff ff ff ff ff ff ff ff ff ff ff  ................
0000ebf0: ff ff ff ff ff ff ff ff ff ff ff ff ff ff ff ff  ................
0000ec00: ff ff ff ff ff ff ff ff ff ff ff ff ff ff ff ff  ................
0000ec10: ff ff ff ff ff ff ff ff ff ff ff ff ff ff ff ff  ................
0000ec20: ff ff ff ff ff ff ff ff ff ff ff ff ff ff ff ff  ................
0000ec30: ff ff ff ff ff ff ff ff ff ff ff ff ff ff ff ff  ................
0000ec40: ff ff ff ff ff ff ff ff ff ff ff ff ff ff ff ff  ................
0000ec50: ff ff ff ff ff ff ff ff ff ff ff ff ff ff ff ff  ................
0000ec60: ff ff ff ff ff ff ff ff ff ff ff ff ff ff ff ff  ................
0000ec70: ff ff ff ff ff ff ff ff ff ff ff ff ff ff ff ff  ................
0000ec80: ff ff ff ff ff ff ff ff ff ff ff ff ff ff ff ff  ................
0000ec90: ff ff ff ff ff ff ff ff ff ff ff ff ff ff ff ff  ................
0000eca0: ff ff ff ff ff ff ff ff ff ff ff ff ff ff ff ff  ................
0000ecb0: ff ff ff ff ff ff ff ff ff ff ff ff ff ff ff ff  ................
0000ecc0: ff ff ff ff ff ff ff ff ff ff ff ff ff ff ff ff  ................
0000ecd0: ff ff ff ff ff ff ff ff ff ff ff ff ff ff ff ff  ................
0000ece0: ff ff ff ff ff ff ff ff ff ff ff ff ff ff ff ff  ................
0000ecf0: ff ff ff ff ff ff ff ff ff ff ff ff ff ff ff ff  ................
0000ed00: ff ff ff ff ff ff ff ff ff ff ff ff ff ff ff ff  ................
0000ed10: ff ff ff ff ff ff ff ff ff ff ff ff ff ff ff ff  ................
0000ed20: ff ff ff ff ff ff ff ff ff ff ff ff ff ff ff ff  ................
0000ed30: ff ff ff ff ff ff ff ff ff ff ff ff ff ff ff ff  ................
0000ed40: ff ff ff ff ff ff ff ff ff ff ff ff ff ff ff ff  ................
0000ed50: ff ff ff ff ff ff ff ff ff ff ff ff ff ff ff ff  ................
0000ed60: ff ff ff ff ff ff ff ff ff ff ff ff ff ff ff ff  ................
0000ed70: ff ff ff ff ff ff ff ff ff ff ff ff ff ff ff ff  ................
0000ed80: ff ff ff ff ff ff ff ff ff ff ff ff ff ff ff ff  ................
0000ed90: ff ff ff ff ff ff ff ff ff ff ff ff ff ff ff ff  ................
0000eda0: ff ff ff ff ff ff ff ff ff ff ff ff ff ff ff ff  ................
0000edb0: ff ff ff ff ff ff ff ff ff ff ff ff ff ff ff ff  ................
0000edc0: ff ff ff ff ff ff ff ff ff ff ff ff ff ff ff ff  ................
0000edd0: ff ff ff ff ff ff ff ff ff ff ff ff ff ff ff ff  ................
0000ede0: ff ff ff ff ff ff ff ff ff ff ff ff ff ff ff ff  ................
0000edf0: ff ff ff ff ff ff ff ff ff ff ff ff ff ff ff ff  ................
0000ee00: ff ff ff ff ff ff ff ff ff ff ff ff ff ff ff ff  ................
0000ee10: ff ff ff ff ff ff ff ff ff ff ff ff ff ff ff ff  ................
0000ee20: ff ff ff ff ff ff ff ff ff ff ff ff ff ff ff ff  ................
0000ee30: ff ff ff ff ff ff ff ff ff ff ff ff ff ff ff ff  ................
0000ee40: ff ff ff ff ff ff ff ff ff ff ff ff ff ff ff ff  ................
0000ee50: ff ff ff ff ff ff ff ff ff ff ff ff ff ff ff ff  ................
0000ee60: ff ff ff ff ff ff ff ff ff ff ff ff ff ff ff ff  ................
0000ee70: ff ff ff ff ff ff ff ff ff ff ff ff ff ff ff ff  ................
0000ee80: ff ff ff ff ff ff ff ff ff ff ff ff ff ff ff ff  ................
0000ee90: ff ff ff ff ff ff ff ff ff ff ff ff ff ff ff ff  ................
0000eea0: ff ff ff ff ff ff ff ff ff ff ff ff ff ff ff ff  ................
0000eeb0: ff ff ff ff ff ff ff ff ff ff ff ff ff ff ff ff  ................
0000eec0: ff ff ff ff ff ff ff ff ff ff ff ff ff ff ff ff  ................
0000eed0: ff ff ff ff ff ff ff ff ff ff ff ff ff ff ff ff  ................
0000eee0: ff ff ff ff ff ff ff ff ff ff ff ff ff ff ff ff  ................
0000eef0: ff ff ff ff ff ff ff ff ff ff ff ff ff ff ff ff  ................
0000ef00: ff ff ff ff ff ff ff ff ff ff ff ff ff ff ff ff  ................
0000ef10: ff ff ff ff ff ff ff ff ff ff ff ff ff ff ff ff  ................
0000ef20: ff ff ff ff ff ff ff ff ff ff ff ff ff ff ff ff  ................
0000ef30: ff ff ff ff ff ff ff ff ff ff ff ff ff ff ff ff  ................
0000ef40: ff ff ff ff ff ff ff ff ff ff ff ff ff ff ff ff  ................
0000ef50: ff ff ff ff ff ff ff ff ff ff ff ff ff ff ff ff  ................
0000ef60: ff ff ff ff ff ff ff ff ff ff ff ff ff ff ff ff  ................
0000ef70: ff ff ff ff ff ff ff ff ff ff ff ff ff ff ff ff  ................
0000ef80: ff ff ff ff ff ff ff ff ff ff ff ff ff ff ff ff  ................
0000ef90: ff ff ff ff ff ff ff ff ff ff ff ff ff ff ff ff  ................
0000efa0: ff ff ff ff ff ff ff ff ff ff ff ff ff ff ff ff  ................
0000efb0: ff ff ff ff ff ff ff ff ff ff ff ff ff ff ff ff  ................
0000efc0: ff ff ff ff ff ff ff ff ff ff ff ff ff ff ff ff  ................
0000efd0: ff ff ff ff ff ff ff ff ff ff ff ff ff ff ff ff  ................
0000efe0: ff ff ff ff ff ff ff ff ff ff ff ff ff ff ff ff  ................
0000eff0: ff ff ff ff ff ff ff ff ff ff ff ff ff ff ff ff  ................
0000f000: ff ff ff ff ff ff ff ff ff ff ff ff ff ff ff ff  ................
0000f010: ff ff ff ff ff ff ff ff ff ff ff ff ff ff ff ff  ................
0000f020: ff ff ff ff ff ff ff ff ff ff ff ff ff ff ff ff  ................
0000f030: ff ff ff ff ff ff ff ff ff ff ff ff ff ff ff ff  ................
0000f040: ff ff ff ff ff ff ff ff ff ff ff ff ff ff ff ff  ................
0000f050: ff ff ff ff ff ff ff ff ff ff ff ff ff ff ff ff  ................
0000f060: ff ff ff ff ff ff ff ff ff ff ff ff ff ff ff ff  ................
0000f070: ff ff ff ff ff ff ff ff ff ff ff ff ff ff ff ff  ................
0000f080: ff ff ff ff ff ff ff ff ff ff ff ff ff ff ff ff  ................
0000f090: ff ff ff ff ff ff ff ff ff ff ff ff ff ff ff ff  ................
0000f0a0: ff ff ff ff ff ff ff ff ff ff ff ff ff ff ff ff  ................
0000f0b0: ff ff ff ff ff ff ff ff ff ff ff ff ff ff ff ff  ................
0000f0c0: ff ff ff ff ff ff ff ff ff ff ff ff ff ff ff ff  ................
0000f0d0: ff ff ff ff ff ff ff ff ff ff ff ff ff ff ff ff  ................
0000f0e0: ff ff ff ff ff ff ff ff ff ff ff ff ff ff ff ff  ................
0000f0f0: ff ff ff ff ff ff ff ff ff ff ff ff ff ff ff ff  ................
0000f100: ff ff ff ff ff ff ff ff ff ff ff ff ff ff ff ff  ................
0000f110: ff ff ff ff ff ff ff ff ff ff ff ff ff ff ff ff  ................
0000f120: ff ff ff ff ff ff ff ff ff ff ff ff ff ff ff ff  ................
0000f130: ff ff ff ff ff ff ff ff ff ff ff ff ff ff ff ff  ................
0000f140: ff ff ff ff ff ff ff ff ff ff ff ff ff ff ff ff  ................
0000f150: ff ff ff ff ff ff ff ff ff ff ff ff ff ff ff ff  ................
0000f160: ff ff ff ff ff ff ff ff ff ff ff ff ff ff ff ff  ................
0000f170: ff ff ff ff ff ff ff ff ff ff ff ff ff ff ff ff  ................
0000f180: ff ff ff ff ff ff ff ff ff ff ff ff ff ff ff ff  ................
0000f190: ff ff ff ff ff ff ff ff ff ff ff ff ff ff ff ff  ................
0000f1a0: ff ff ff ff ff ff ff ff ff ff ff ff ff ff ff ff  ................
0000f1b0: ff ff ff ff ff ff ff ff ff ff ff ff ff ff ff ff  ................
0000f1c0: ff ff ff ff ff ff ff ff ff ff ff ff ff ff ff ff  ................
0000f1d0: ff ff ff ff ff ff ff ff ff ff ff ff ff ff ff ff  ................
0000f1e0: ff ff ff ff ff ff ff ff ff ff ff ff ff ff ff ff  ................
0000f1f0: ff ff ff ff ff ff ff ff ff ff ff ff ff ff ff ff  ................
0000f200: ff ff ff ff ff ff ff ff ff ff ff ff ff ff ff ff  ................
0000f210: ff ff ff ff ff ff ff ff ff ff ff ff ff ff ff ff  ................
0000f220: ff ff ff ff ff ff ff ff ff ff ff ff ff ff ff ff  ................
0000f230: ff ff ff ff ff ff ff ff ff ff ff ff ff ff ff ff  ................
0000f240: ff ff ff ff ff ff ff ff ff ff ff ff ff ff ff ff  ................
0000f250: ff ff ff ff ff ff ff ff ff ff ff ff ff ff ff ff  ................
0000f260: ff ff ff ff ff ff ff ff ff ff ff ff ff ff ff ff  ................
0000f270: ff ff ff ff ff ff ff ff ff ff ff ff ff ff ff ff  ................
0000f280: ff ff ff ff ff ff ff ff ff ff ff ff ff ff ff ff  ................
0000f290: ff ff ff ff ff ff ff ff ff ff ff ff ff ff ff ff  ................
0000f2a0: ff ff ff ff ff ff ff ff ff ff ff ff ff ff ff ff  ................
0000f2b0: ff ff ff ff ff ff ff ff ff ff ff ff ff ff ff ff  ................
0000f2c0: ff ff ff ff ff ff ff ff ff ff ff ff ff ff ff ff  ................
0000f2d0: ff ff ff ff ff ff ff ff ff ff ff ff ff ff ff ff  ................
0000f2e0: ff ff ff ff ff ff ff ff ff ff ff ff ff ff ff ff  ................
0000f2f0: ff ff ff ff ff ff ff ff ff ff ff ff ff ff ff ff  ................
0000f300: ff ff ff ff ff ff ff ff ff ff ff ff ff ff ff ff  ................
0000f310: ff ff ff ff ff ff ff ff ff ff ff ff ff ff ff ff  ................
0000f320: ff ff ff ff ff ff ff ff ff ff ff ff ff ff ff ff  ................
0000f330: ff ff ff ff ff ff ff ff ff ff ff ff ff ff ff ff  ................
0000f340: ff ff ff ff ff ff ff ff ff ff ff ff ff ff ff ff  ................
0000f350: ff ff ff ff ff ff ff ff ff ff ff ff ff ff ff ff  ................
0000f360: ff ff ff ff ff ff ff ff ff ff ff ff ff ff ff ff  ................
0000f370: ff ff ff ff ff ff ff ff ff ff ff ff ff ff ff ff  ................
0000f380: ff ff ff ff ff ff ff ff ff ff ff ff ff ff ff ff  ................
0000f390: ff ff ff ff ff ff ff ff ff ff ff ff ff ff ff ff  ................
0000f3a0: ff ff ff ff ff ff ff ff ff ff ff ff ff ff ff ff  ................
0000f3b0: ff ff ff ff ff ff ff ff ff ff ff ff ff ff ff ff  ................
0000f3c0: ff ff ff ff ff ff ff ff ff ff ff ff ff ff ff ff  ................
0000f3d0: ff ff ff ff ff ff ff ff ff ff ff ff ff ff ff ff  ................
0000f3e0: ff ff ff ff ff ff ff ff ff ff ff ff ff ff ff ff  ................
0000f3f0: ff ff ff ff ff ff ff ff ff ff ff ff ff ff ff ff  ................
0000f400: ff ff ff ff ff ff ff ff ff ff ff ff ff ff ff ff  ................
0000f410: ff ff ff ff ff ff ff ff ff ff ff ff ff ff ff ff  ................
0000f420: ff ff ff ff ff ff ff ff ff ff ff ff ff ff ff ff  ................
0000f430: ff ff ff ff ff ff ff ff ff ff ff ff ff ff ff ff  ................
0000f440: ff ff ff ff ff ff ff ff ff ff ff ff ff ff ff ff  ................
0000f450: ff ff ff ff ff ff ff ff ff ff ff ff ff ff ff ff  ................
0000f460: ff ff ff ff ff ff ff ff ff ff ff ff ff ff ff ff  ................
0000f470: ff ff ff ff ff ff ff ff ff ff ff ff ff ff ff ff  ................
0000f480: ff ff ff ff ff ff ff ff ff ff ff ff ff ff ff ff  ................
0000f490: ff ff ff ff ff ff ff ff ff ff ff ff ff ff ff ff  ................
0000f4a0: ff ff ff ff ff ff ff ff ff ff ff ff ff ff ff ff  ................
0000f4b0: ff ff ff ff ff ff ff ff ff ff ff ff ff ff ff ff  ................
0000f4c0: ff ff ff ff ff ff ff ff ff ff ff ff ff ff ff ff  ................
0000f4d0: ff ff ff ff ff ff ff ff ff ff ff ff ff ff ff ff  ................
0000f4e0: ff ff ff ff ff ff ff ff ff ff ff ff ff ff ff ff  ................
0000f4f0: ff ff ff ff ff ff ff ff ff ff ff ff ff ff ff ff  ................
0000f500: ff ff ff ff ff ff ff ff ff ff ff ff ff ff ff ff  ................
0000f510: ff ff ff ff ff ff ff ff ff ff ff ff ff ff ff ff  ................
0000f520: ff ff ff ff ff ff ff ff ff ff ff ff ff ff ff ff  ................
0000f530: ff ff ff ff ff ff ff ff ff ff ff ff ff ff ff ff  ................
0000f540: ff ff ff ff ff ff ff ff ff ff ff ff ff ff ff ff  ................
0000f550: ff ff ff ff ff ff ff ff ff ff ff ff ff ff ff ff  ................
0000f560: ff ff ff ff ff ff ff ff ff ff ff ff ff ff ff ff  ................
0000f570: ff ff ff ff ff ff ff ff ff ff ff ff ff ff ff ff  ................
0000f580: ff ff ff ff ff ff ff ff ff ff ff ff ff ff ff ff  ................
0000f590: ff ff ff ff ff ff ff ff ff ff ff ff ff ff ff ff  ................
0000f5a0: ff ff ff ff ff ff ff ff ff ff ff ff ff ff ff ff  ................
0000f5b0: ff ff ff ff ff ff ff ff ff ff ff ff ff ff ff ff  ................
0000f5c0: ff ff ff ff ff ff ff ff ff ff ff ff ff ff ff ff  ................
0000f5d0: ff ff ff ff ff ff ff ff ff ff ff ff ff ff ff ff  ................
0000f5e0: ff ff ff ff ff ff ff ff ff ff ff ff ff ff ff ff  ................
0000f5f0: ff ff ff ff ff ff ff ff ff ff ff ff ff ff ff ff  ................
0000f600: ff ff ff ff ff ff ff ff ff ff ff ff ff ff ff ff  ................
0000f610: ff ff ff ff ff ff ff ff ff ff ff ff ff ff ff ff  ................
0000f620: ff ff ff ff ff ff ff ff ff ff ff ff ff ff ff ff  ................
0000f630: ff ff ff ff ff ff ff ff ff ff ff ff ff ff ff ff  ................
0000f640: ff ff ff ff ff ff ff ff ff ff ff ff ff ff ff ff  ................
0000f650: ff ff ff ff ff ff ff ff ff ff ff ff ff ff ff ff  ................
0000f660: ff ff ff ff ff ff ff ff ff ff ff ff ff ff ff ff  ................
0000f670: ff ff ff ff ff ff ff ff ff ff ff ff ff ff ff ff  ................
0000f680: ff ff ff ff ff ff ff ff ff ff ff ff ff ff ff ff  ................
0000f690: ff ff ff ff ff ff ff ff ff ff ff ff ff ff ff ff  ................
0000f6a0: ff ff ff ff ff ff ff ff ff ff ff ff ff ff ff ff  ................
0000f6b0: ff ff ff ff ff ff ff ff ff ff ff ff ff ff ff ff  ................
0000f6c0: ff ff ff ff ff ff ff ff ff ff ff ff ff ff ff ff  ................
0000f6d0: ff ff ff ff ff ff ff ff ff ff ff ff ff ff ff ff  ................
0000f6e0: ff ff ff ff ff ff ff ff ff ff ff ff ff ff ff ff  ................
0000f6f0: ff ff ff ff ff ff ff ff ff ff ff ff ff ff ff ff  ................
0000f700: ff ff ff ff ff ff ff ff ff ff ff ff ff ff ff ff  ................
0000f710: ff ff ff ff ff ff ff ff ff ff ff ff ff ff ff ff  ................
0000f720: ff ff ff ff ff ff ff ff ff ff ff ff ff ff ff ff  ................
0000f730: ff ff ff ff ff ff ff ff ff ff ff ff ff ff ff ff  ................
0000f740: ff ff ff ff ff ff ff ff ff ff ff ff ff ff ff ff  ................
0000f750: ff ff ff ff ff ff ff ff ff ff ff ff ff ff ff ff  ................
0000f760: ff ff ff ff ff ff ff ff ff ff ff ff ff ff ff ff  ................
0000f770: ff ff ff ff ff ff ff ff ff ff ff ff ff ff ff ff  ................
0000f780: ff ff ff ff ff ff ff ff ff ff ff ff ff ff ff ff  ................
0000f790: ff ff ff ff ff ff ff ff ff ff ff ff ff ff ff ff  ................
0000f7a0: ff ff ff ff ff ff ff ff ff ff ff ff ff ff ff ff  ................
0000f7b0: ff ff ff ff ff ff ff ff ff ff ff ff ff ff ff ff  ................
0000f7c0: ff ff ff ff ff ff ff ff ff ff ff ff ff ff ff ff  ................
0000f7d0: ff ff ff ff ff ff ff ff ff ff ff ff ff ff ff ff  ................
0000f7e0: ff ff ff ff ff ff ff ff ff ff ff ff ff ff ff ff  ................
0000f7f0: ff ff ff ff ff ff ff ff ff ff ff ff ff ff ff ff  ................
0000f800: ff ff ff ff ff ff ff ff ff ff ff ff ff ff ff ff  ................
0000f810: ff ff ff ff ff ff ff ff ff ff ff ff ff ff ff ff  ................
0000f820: ff ff ff ff ff ff ff ff ff ff ff ff ff ff ff ff  ................
0000f830: ff ff ff ff ff ff ff ff ff ff ff ff ff ff ff ff  ................
0000f840: ff ff ff ff ff ff ff ff ff ff ff ff ff ff ff ff  ................
0000f850: ff ff ff ff ff ff ff ff ff ff ff ff ff ff ff ff  ................
0000f860: ff ff ff ff ff ff ff ff ff ff ff ff ff ff ff ff  ................
0000f870: ff ff ff ff ff ff ff ff ff ff ff ff ff ff ff ff  ................
0000f880: ff ff ff ff ff ff ff ff ff ff ff ff ff ff ff ff  ................
0000f890: ff ff ff ff ff ff ff ff ff ff ff ff ff ff ff ff  ................
0000f8a0: ff ff ff ff ff ff ff ff ff ff ff ff ff ff ff ff  ................
0000f8b0: ff ff ff ff ff ff ff ff ff ff ff ff ff ff ff ff  ................
0000f8c0: ff ff ff ff ff ff ff ff ff ff ff ff ff ff ff ff  ................
0000f8d0: ff ff ff ff ff ff ff ff ff ff ff ff ff ff ff ff  ................
0000f8e0: ff ff ff ff ff ff ff ff ff ff ff ff ff ff ff ff  ................
0000f8f0: ff ff ff ff ff ff ff ff ff ff ff ff ff ff ff ff  ................
0000f900: ff ff ff ff ff ff ff ff ff ff ff ff ff ff ff ff  ................
0000f910: ff ff ff ff ff ff ff ff ff ff ff ff ff ff ff ff  ................
0000f920: ff ff ff ff ff ff ff ff ff ff ff ff ff ff ff ff  ................
0000f930: ff ff ff ff ff ff ff ff ff ff ff ff ff ff ff ff  ................
0000f940: ff ff ff ff ff ff ff ff ff ff ff ff ff ff ff ff  ................
0000f950: ff ff ff ff ff ff ff ff ff ff ff ff ff ff ff ff  ................
0000f960: ff ff ff ff ff ff ff ff ff ff ff ff ff ff ff ff  ................
0000f970: ff ff ff ff ff ff ff ff ff ff ff ff ff ff ff ff  ................
0000f980: ff ff ff ff ff ff ff ff ff ff ff ff ff ff ff ff  ................
0000f990: ff ff ff ff ff ff ff ff ff ff ff ff ff ff ff ff  ................
0000f9a0: ff ff ff ff ff ff ff ff ff ff ff ff ff ff ff ff  ................
0000f9b0: ff ff ff ff ff ff ff ff ff ff ff ff ff ff ff ff  ................
0000f9c0: ff ff ff ff ff ff ff ff ff ff ff ff ff ff ff ff  ................
0000f9d0: ff ff ff ff ff ff ff ff ff ff ff ff ff ff ff ff  ................
0000f9e0: ff ff ff ff ff ff ff ff ff ff ff ff ff ff ff ff  ................
0000f9f0: ff ff ff ff ff ff ff ff ff ff ff ff ff ff ff ff  ................
0000fa00: ff ff ff ff ff ff ff ff ff ff ff ff ff ff ff ff  ................
0000fa10: ff ff ff ff ff ff ff ff ff ff ff ff ff ff ff ff  ................
0000fa20: ff ff ff ff ff ff ff ff ff ff ff ff ff ff ff ff  ................
0000fa30: ff ff ff ff ff ff ff ff ff ff ff ff ff ff ff ff  ................
0000fa40: ff ff ff ff ff ff ff ff ff ff ff ff ff ff ff ff  ................
0000fa50: ff ff ff ff ff ff ff ff ff ff ff ff ff ff ff ff  ................
0000fa60: ff ff ff ff ff ff ff ff ff ff ff ff ff ff ff ff  ................
0000fa70: ff ff ff ff ff ff ff ff ff ff ff ff ff ff ff ff  ................
0000fa80: ff ff ff ff ff ff ff ff ff ff ff ff ff ff ff ff  ................
0000fa90: ff ff ff ff ff ff ff ff ff ff ff ff ff ff ff ff  ................
0000faa0: ff ff ff ff ff ff ff ff ff ff ff ff ff ff ff ff  ................
0000fab0: ff ff ff ff ff ff ff ff ff ff ff ff ff ff ff ff  ................
0000fac0: ff ff ff ff ff ff ff ff ff ff ff ff ff ff ff ff  ................
0000fad0: ff ff ff ff ff ff ff ff ff ff ff ff ff ff ff ff  ................
0000fae0: ff ff ff ff ff ff ff ff ff ff ff ff ff ff ff ff  ................
0000faf0: ff ff ff ff ff ff ff ff ff ff ff ff ff ff ff ff  ................
0000fb00: ff ff ff ff ff ff ff ff ff ff ff ff ff ff ff ff  ................
0000fb10: ff ff ff ff ff ff ff ff ff ff ff ff ff ff ff ff  ................
0000fb20: ff ff ff ff ff ff ff ff ff ff ff ff ff ff ff ff  ................
0000fb30: ff ff ff ff ff ff ff ff ff ff ff ff ff ff ff ff  ................
0000fb40: ff ff ff ff ff ff ff ff ff ff ff ff ff ff ff ff  ................
0000fb50: ff ff ff ff ff ff ff ff ff ff ff ff ff ff ff ff  ................
0000fb60: ff ff ff ff ff ff ff ff ff ff ff ff ff ff ff ff  ................
0000fb70: ff ff ff ff ff ff ff ff ff ff ff ff ff ff ff ff  ................
0000fb80: ff ff ff ff ff ff ff ff ff ff ff ff ff ff ff ff  ................
0000fb90: ff ff ff ff ff ff ff ff ff ff ff ff ff ff ff ff  ................
0000fba0: ff ff ff ff ff ff ff ff ff ff ff ff ff ff ff ff  ................
0000fbb0: ff ff ff ff ff ff ff ff ff ff ff ff ff ff ff ff  ................
0000fbc0: ff ff ff ff ff ff ff ff ff ff ff ff ff ff ff ff  ................
0000fbd0: ff ff ff ff ff ff ff ff ff ff ff ff ff ff ff ff  ................
0000fbe0: ff ff ff ff ff ff ff ff ff ff ff ff ff ff ff ff  ................
0000fbf0: ff ff ff ff ff ff ff ff ff ff ff ff ff ff ff ff  ................
0000fc00: ff ff ff ff ff ff ff ff ff ff ff ff ff ff ff ff  ................
0000fc10: ff ff ff ff ff ff ff ff ff ff ff ff ff ff ff ff  ................
0000fc20: ff ff ff ff ff ff ff ff ff ff ff ff ff ff ff ff  ................
0000fc30: ff ff ff ff ff ff ff ff ff ff ff ff ff ff ff ff  ................
0000fc40: ff ff ff ff ff ff ff ff ff ff ff ff ff ff ff ff  ................
0000fc50: ff ff ff ff ff ff ff ff ff ff ff ff ff ff ff ff  ................
0000fc60: ff ff ff ff ff ff ff ff ff ff ff ff ff ff ff ff  ................
0000fc70: ff ff ff ff ff ff ff ff ff ff ff ff ff ff ff ff  ................
0000fc80: ff ff ff ff ff ff ff ff ff ff ff ff ff ff ff ff  ................
0000fc90: ff ff ff ff ff ff ff ff ff ff ff ff ff ff ff ff  ................
0000fca0: ff ff ff ff ff ff ff ff ff ff ff ff ff ff ff ff  ................
0000fcb0: ff ff ff ff ff ff ff ff ff ff ff ff ff ff ff ff  ................
0000fcc0: ff ff ff ff ff ff ff ff ff ff ff ff ff ff ff ff  ................
0000fcd0: ff ff ff ff ff ff ff ff ff ff ff ff ff ff ff ff  ................
0000fce0: ff ff ff ff ff ff ff ff ff ff ff ff ff ff ff ff  ................
0000fcf0: ff ff ff ff ff ff ff ff ff ff ff ff ff ff ff ff  ................
0000fd00: ff ff ff ff ff ff ff ff ff ff ff ff ff ff ff ff  ................
0000fd10: ff ff ff ff ff ff ff ff ff ff ff ff ff ff ff ff  ................
0000fd20: ff ff ff ff ff ff ff ff ff ff ff ff ff ff ff ff  ................
0000fd30: ff ff ff ff ff ff ff ff ff ff ff ff ff ff ff ff  ................
0000fd40: ff ff ff ff ff ff ff ff ff ff ff ff ff ff ff ff  ................
0000fd50: ff ff ff ff ff ff ff ff ff ff ff ff ff ff ff ff  ................
0000fd60: ff ff ff ff ff ff ff ff ff ff ff ff ff ff ff ff  ................
0000fd70: ff ff ff ff ff ff ff ff ff ff ff ff ff ff ff ff  ................
0000fd80: ff ff ff ff ff ff ff ff ff ff ff ff ff ff ff ff  ................
0000fd90: ff ff ff ff ff ff ff ff ff ff ff ff ff ff ff ff  ................
0000fda0: ff ff ff ff ff ff ff ff ff ff ff ff ff ff ff ff  ................
0000fdb0: ff ff ff ff ff ff ff ff ff ff ff ff ff ff ff ff  ................
0000fdc0: ff ff ff ff ff ff ff ff ff ff ff ff ff ff ff ff  ................
0000fdd0: ff ff ff ff ff ff ff ff ff ff ff ff ff ff ff ff  ................
0000fde0: ff ff ff ff ff ff ff ff ff ff ff ff ff ff ff ff  ................
0000fdf0: ff ff ff ff ff ff ff ff ff ff ff ff ff ff ff ff  ................
0000fe00: ff ff ff ff ff ff ff ff ff ff ff ff ff ff ff ff  ................
0000fe10: ff ff ff ff ff ff ff ff ff ff ff ff ff ff ff ff  ................
0000fe20: ff ff ff ff ff ff ff ff ff ff ff ff ff ff ff ff  ................
0000fe30: ff ff ff ff ff ff ff ff ff ff ff ff ff ff ff ff  ................
0000fe40: ff ff ff ff ff ff ff ff ff ff ff ff ff ff ff ff  ................
0000fe50: ff ff ff ff ff ff ff ff ff ff ff ff ff ff ff ff  ................
0000fe60: ff ff ff ff ff ff ff ff ff ff ff ff ff ff ff ff  ................
0000fe70: ff ff ff ff ff ff ff ff ff ff ff ff ff ff ff ff  ................
0000fe80: ff ff ff ff ff ff ff ff ff ff ff ff ff ff ff ff  ................
0000fe90: ff ff ff ff ff ff ff ff ff ff ff ff ff ff ff ff  ................
0000fea0: ff ff ff ff ff ff ff ff ff ff ff ff ff ff ff ff  ................
0000feb0: ff ff ff ff ff ff ff ff ff ff ff ff ff ff ff ff  ................
0000fec0: ff ff ff ff ff ff ff ff ff ff ff ff ff ff ff ff  ................
0000fed0: ff ff ff ff ff ff ff ff ff ff ff ff ff ff ff ff  ................
0000fee0: ff ff ff ff ff ff ff ff ff ff ff ff ff ff ff ff  ................
0000fef0: ff ff ff ff ff ff ff ff ff ff ff ff ff ff ff ff  ................
0000ff00: ff ff ff ff ff ff ff ff ff ff ff ff ff ff ff ff  ................
0000ff10: ff ff ff ff ff ff ff ff ff ff ff ff ff ff ff ff  ................
0000ff20: ff ff ff ff ff ff ff ff ff ff ff ff ff ff ff ff  ................
0000ff30: ff ff ff ff ff ff ff ff ff ff ff ff ff ff ff ff  ................
0000ff40: ff ff ff ff ff ff ff ff ff ff ff ff ff ff ff ff  ................
0000ff50: ff ff ff ff ff ff ff ff ff ff ff ff ff ff ff ff  ................
0000ff60: ff ff ff ff ff ff ff ff ff ff ff ff ff ff ff ff  ................
0000ff70: ff ff ff ff ff ff ff ff ff ff ff ff ff ff ff ff  ................
0000ff80: ff ff ff ff ff ff ff ff ff ff ff ff ff ff ff ff  ................
0000ff90: ff ff ff ff ff ff ff ff ff ff ff ff ff ff ff ff  ................
0000ffa0: ff ff ff ff ff ff ff ff ff ff ff ff ff ff ff ff  ................
0000ffb0: ff ff ff ff ff ff ff ff ff ff ff ff ff ff ff ff  ................
0000ffc0: ff ff ff ff ff ff ff ff ff ff ff ff ff ff ff ff  ................
0000ffd0: ff ff ff ff ff ff ff ff ff ff ff ff ff ff ff ff  ................
0000ffe0: ff ff ff ff ff ff ff ff ff ff ff ff ff ff ff ff  ................
0000fff0: ff ff ff ff ff ff ff ff ff ff ff ff ff ff ff ff  ................
00010000: ff ff ff ff ff ff ff ff ff ff ff ff ff ff ff ff  ................
